
Control_ECU.elf:     file format elf32-avr

Sections:
Idx Name          Size      VMA       LMA       File off  Algn
  0 .text         000029d0  00000000  00000000  00000094  2**1
                  CONTENTS, ALLOC, LOAD, READONLY, CODE
  1 .data         0000001c  00800060  000029d0  00002a64  2**0
                  CONTENTS, ALLOC, LOAD, DATA
  2 .bss          00000012  0080007c  0080007c  00002a80  2**0
                  ALLOC
  3 .stab         00003018  00000000  00000000  00002a80  2**2
                  CONTENTS, READONLY, DEBUGGING
  4 .stabstr      00003451  00000000  00000000  00005a98  2**0
                  CONTENTS, READONLY, DEBUGGING
  5 .debug_aranges 00000140  00000000  00000000  00008ee9  2**0
                  CONTENTS, READONLY, DEBUGGING
  6 .debug_pubnames 00000170  00000000  00000000  00009029  2**0
                  CONTENTS, READONLY, DEBUGGING
  7 .debug_info   00001c49  00000000  00000000  00009199  2**0
                  CONTENTS, READONLY, DEBUGGING
  8 .debug_abbrev 00000eeb  00000000  00000000  0000ade2  2**0
                  CONTENTS, READONLY, DEBUGGING
  9 .debug_line   00000dad  00000000  00000000  0000bccd  2**0
                  CONTENTS, READONLY, DEBUGGING
 10 .debug_frame  00000160  00000000  00000000  0000ca7c  2**2
                  CONTENTS, READONLY, DEBUGGING
 11 .debug_str    0000028d  00000000  00000000  0000cbdc  2**0
                  CONTENTS, READONLY, DEBUGGING
 12 .debug_loc    000007ce  00000000  00000000  0000ce69  2**0
                  CONTENTS, READONLY, DEBUGGING
 13 .debug_ranges 00000050  00000000  00000000  0000d637  2**0
                  CONTENTS, READONLY, DEBUGGING

Disassembly of section .text:

00000000 <__vectors>:
       0:	0c 94 2a 00 	jmp	0x54	; 0x54 <__ctors_end>
       4:	0c 94 47 00 	jmp	0x8e	; 0x8e <__bad_interrupt>
       8:	0c 94 47 00 	jmp	0x8e	; 0x8e <__bad_interrupt>
       c:	0c 94 47 00 	jmp	0x8e	; 0x8e <__bad_interrupt>
      10:	0c 94 ac 12 	jmp	0x2558	; 0x2558 <__vector_4>
      14:	0c 94 79 12 	jmp	0x24f2	; 0x24f2 <__vector_5>
      18:	0c 94 47 00 	jmp	0x8e	; 0x8e <__bad_interrupt>
      1c:	0c 94 46 12 	jmp	0x248c	; 0x248c <__vector_7>
      20:	0c 94 47 00 	jmp	0x8e	; 0x8e <__bad_interrupt>
      24:	0c 94 13 12 	jmp	0x2426	; 0x2426 <__vector_9>
      28:	0c 94 e0 11 	jmp	0x23c0	; 0x23c0 <__vector_10>
      2c:	0c 94 ad 11 	jmp	0x235a	; 0x235a <__vector_11>
      30:	0c 94 47 00 	jmp	0x8e	; 0x8e <__bad_interrupt>
      34:	0c 94 47 00 	jmp	0x8e	; 0x8e <__bad_interrupt>
      38:	0c 94 47 00 	jmp	0x8e	; 0x8e <__bad_interrupt>
      3c:	0c 94 47 00 	jmp	0x8e	; 0x8e <__bad_interrupt>
      40:	0c 94 47 00 	jmp	0x8e	; 0x8e <__bad_interrupt>
      44:	0c 94 47 00 	jmp	0x8e	; 0x8e <__bad_interrupt>
      48:	0c 94 47 00 	jmp	0x8e	; 0x8e <__bad_interrupt>
      4c:	0c 94 47 00 	jmp	0x8e	; 0x8e <__bad_interrupt>
      50:	0c 94 47 00 	jmp	0x8e	; 0x8e <__bad_interrupt>

00000054 <__ctors_end>:
      54:	11 24       	eor	r1, r1
      56:	1f be       	out	0x3f, r1	; 63
      58:	cf e5       	ldi	r28, 0x5F	; 95
      5a:	d8 e0       	ldi	r29, 0x08	; 8
      5c:	de bf       	out	0x3e, r29	; 62
      5e:	cd bf       	out	0x3d, r28	; 61

00000060 <__do_copy_data>:
      60:	10 e0       	ldi	r17, 0x00	; 0
      62:	a0 e6       	ldi	r26, 0x60	; 96
      64:	b0 e0       	ldi	r27, 0x00	; 0
      66:	e0 ed       	ldi	r30, 0xD0	; 208
      68:	f9 e2       	ldi	r31, 0x29	; 41
      6a:	02 c0       	rjmp	.+4      	; 0x70 <.do_copy_data_start>

0000006c <.do_copy_data_loop>:
      6c:	05 90       	lpm	r0, Z+
      6e:	0d 92       	st	X+, r0

00000070 <.do_copy_data_start>:
      70:	ac 37       	cpi	r26, 0x7C	; 124
      72:	b1 07       	cpc	r27, r17
      74:	d9 f7       	brne	.-10     	; 0x6c <.do_copy_data_loop>

00000076 <__do_clear_bss>:
      76:	10 e0       	ldi	r17, 0x00	; 0
      78:	ac e7       	ldi	r26, 0x7C	; 124
      7a:	b0 e0       	ldi	r27, 0x00	; 0
      7c:	01 c0       	rjmp	.+2      	; 0x80 <.do_clear_bss_start>

0000007e <.do_clear_bss_loop>:
      7e:	1d 92       	st	X+, r1

00000080 <.do_clear_bss_start>:
      80:	ae 38       	cpi	r26, 0x8E	; 142
      82:	b1 07       	cpc	r27, r17
      84:	e1 f7       	brne	.-8      	; 0x7e <.do_clear_bss_loop>
      86:	0e 94 d7 05 	call	0xbae	; 0xbae <main>
      8a:	0c 94 e6 14 	jmp	0x29cc	; 0x29cc <_exit>

0000008e <__bad_interrupt>:
      8e:	0c 94 00 00 	jmp	0	; 0x0 <__vectors>

00000092 <__fixunssfsi>:
      92:	ef 92       	push	r14
      94:	ff 92       	push	r15
      96:	0f 93       	push	r16
      98:	1f 93       	push	r17
      9a:	7b 01       	movw	r14, r22
      9c:	8c 01       	movw	r16, r24
      9e:	20 e0       	ldi	r18, 0x00	; 0
      a0:	30 e0       	ldi	r19, 0x00	; 0
      a2:	40 e0       	ldi	r20, 0x00	; 0
      a4:	5f e4       	ldi	r21, 0x4F	; 79
      a6:	0e 94 49 03 	call	0x692	; 0x692 <__gesf2>
      aa:	88 23       	and	r24, r24
      ac:	8c f0       	brlt	.+34     	; 0xd0 <__fixunssfsi+0x3e>
      ae:	c8 01       	movw	r24, r16
      b0:	b7 01       	movw	r22, r14
      b2:	20 e0       	ldi	r18, 0x00	; 0
      b4:	30 e0       	ldi	r19, 0x00	; 0
      b6:	40 e0       	ldi	r20, 0x00	; 0
      b8:	5f e4       	ldi	r21, 0x4F	; 79
      ba:	0e 94 c1 01 	call	0x382	; 0x382 <__subsf3>
      be:	0e 94 a9 03 	call	0x752	; 0x752 <__fixsfsi>
      c2:	9b 01       	movw	r18, r22
      c4:	ac 01       	movw	r20, r24
      c6:	20 50       	subi	r18, 0x00	; 0
      c8:	30 40       	sbci	r19, 0x00	; 0
      ca:	40 40       	sbci	r20, 0x00	; 0
      cc:	50 48       	sbci	r21, 0x80	; 128
      ce:	06 c0       	rjmp	.+12     	; 0xdc <__fixunssfsi+0x4a>
      d0:	c8 01       	movw	r24, r16
      d2:	b7 01       	movw	r22, r14
      d4:	0e 94 a9 03 	call	0x752	; 0x752 <__fixsfsi>
      d8:	9b 01       	movw	r18, r22
      da:	ac 01       	movw	r20, r24
      dc:	b9 01       	movw	r22, r18
      de:	ca 01       	movw	r24, r20
      e0:	1f 91       	pop	r17
      e2:	0f 91       	pop	r16
      e4:	ff 90       	pop	r15
      e6:	ef 90       	pop	r14
      e8:	08 95       	ret

000000ea <_fpadd_parts>:
      ea:	a0 e0       	ldi	r26, 0x00	; 0
      ec:	b0 e0       	ldi	r27, 0x00	; 0
      ee:	eb e7       	ldi	r30, 0x7B	; 123
      f0:	f0 e0       	ldi	r31, 0x00	; 0
      f2:	0c 94 af 14 	jmp	0x295e	; 0x295e <__prologue_saves__>
      f6:	dc 01       	movw	r26, r24
      f8:	2b 01       	movw	r4, r22
      fa:	fa 01       	movw	r30, r20
      fc:	9c 91       	ld	r25, X
      fe:	92 30       	cpi	r25, 0x02	; 2
     100:	08 f4       	brcc	.+2      	; 0x104 <_fpadd_parts+0x1a>
     102:	39 c1       	rjmp	.+626    	; 0x376 <_fpadd_parts+0x28c>
     104:	eb 01       	movw	r28, r22
     106:	88 81       	ld	r24, Y
     108:	82 30       	cpi	r24, 0x02	; 2
     10a:	08 f4       	brcc	.+2      	; 0x10e <_fpadd_parts+0x24>
     10c:	33 c1       	rjmp	.+614    	; 0x374 <_fpadd_parts+0x28a>
     10e:	94 30       	cpi	r25, 0x04	; 4
     110:	69 f4       	brne	.+26     	; 0x12c <_fpadd_parts+0x42>
     112:	84 30       	cpi	r24, 0x04	; 4
     114:	09 f0       	breq	.+2      	; 0x118 <_fpadd_parts+0x2e>
     116:	2f c1       	rjmp	.+606    	; 0x376 <_fpadd_parts+0x28c>
     118:	11 96       	adiw	r26, 0x01	; 1
     11a:	9c 91       	ld	r25, X
     11c:	11 97       	sbiw	r26, 0x01	; 1
     11e:	89 81       	ldd	r24, Y+1	; 0x01
     120:	98 17       	cp	r25, r24
     122:	09 f4       	brne	.+2      	; 0x126 <_fpadd_parts+0x3c>
     124:	28 c1       	rjmp	.+592    	; 0x376 <_fpadd_parts+0x28c>
     126:	a0 e6       	ldi	r26, 0x60	; 96
     128:	b0 e0       	ldi	r27, 0x00	; 0
     12a:	25 c1       	rjmp	.+586    	; 0x376 <_fpadd_parts+0x28c>
     12c:	84 30       	cpi	r24, 0x04	; 4
     12e:	09 f4       	brne	.+2      	; 0x132 <_fpadd_parts+0x48>
     130:	21 c1       	rjmp	.+578    	; 0x374 <_fpadd_parts+0x28a>
     132:	82 30       	cpi	r24, 0x02	; 2
     134:	a9 f4       	brne	.+42     	; 0x160 <_fpadd_parts+0x76>
     136:	92 30       	cpi	r25, 0x02	; 2
     138:	09 f0       	breq	.+2      	; 0x13c <_fpadd_parts+0x52>
     13a:	1d c1       	rjmp	.+570    	; 0x376 <_fpadd_parts+0x28c>
     13c:	9a 01       	movw	r18, r20
     13e:	ad 01       	movw	r20, r26
     140:	88 e0       	ldi	r24, 0x08	; 8
     142:	ea 01       	movw	r28, r20
     144:	09 90       	ld	r0, Y+
     146:	ae 01       	movw	r20, r28
     148:	e9 01       	movw	r28, r18
     14a:	09 92       	st	Y+, r0
     14c:	9e 01       	movw	r18, r28
     14e:	81 50       	subi	r24, 0x01	; 1
     150:	c1 f7       	brne	.-16     	; 0x142 <_fpadd_parts+0x58>
     152:	e2 01       	movw	r28, r4
     154:	89 81       	ldd	r24, Y+1	; 0x01
     156:	11 96       	adiw	r26, 0x01	; 1
     158:	9c 91       	ld	r25, X
     15a:	89 23       	and	r24, r25
     15c:	81 83       	std	Z+1, r24	; 0x01
     15e:	08 c1       	rjmp	.+528    	; 0x370 <_fpadd_parts+0x286>
     160:	92 30       	cpi	r25, 0x02	; 2
     162:	09 f4       	brne	.+2      	; 0x166 <_fpadd_parts+0x7c>
     164:	07 c1       	rjmp	.+526    	; 0x374 <_fpadd_parts+0x28a>
     166:	12 96       	adiw	r26, 0x02	; 2
     168:	2d 90       	ld	r2, X+
     16a:	3c 90       	ld	r3, X
     16c:	13 97       	sbiw	r26, 0x03	; 3
     16e:	eb 01       	movw	r28, r22
     170:	8a 81       	ldd	r24, Y+2	; 0x02
     172:	9b 81       	ldd	r25, Y+3	; 0x03
     174:	14 96       	adiw	r26, 0x04	; 4
     176:	ad 90       	ld	r10, X+
     178:	bd 90       	ld	r11, X+
     17a:	cd 90       	ld	r12, X+
     17c:	dc 90       	ld	r13, X
     17e:	17 97       	sbiw	r26, 0x07	; 7
     180:	ec 80       	ldd	r14, Y+4	; 0x04
     182:	fd 80       	ldd	r15, Y+5	; 0x05
     184:	0e 81       	ldd	r16, Y+6	; 0x06
     186:	1f 81       	ldd	r17, Y+7	; 0x07
     188:	91 01       	movw	r18, r2
     18a:	28 1b       	sub	r18, r24
     18c:	39 0b       	sbc	r19, r25
     18e:	b9 01       	movw	r22, r18
     190:	37 ff       	sbrs	r19, 7
     192:	04 c0       	rjmp	.+8      	; 0x19c <_fpadd_parts+0xb2>
     194:	66 27       	eor	r22, r22
     196:	77 27       	eor	r23, r23
     198:	62 1b       	sub	r22, r18
     19a:	73 0b       	sbc	r23, r19
     19c:	60 32       	cpi	r22, 0x20	; 32
     19e:	71 05       	cpc	r23, r1
     1a0:	0c f0       	brlt	.+2      	; 0x1a4 <_fpadd_parts+0xba>
     1a2:	61 c0       	rjmp	.+194    	; 0x266 <_fpadd_parts+0x17c>
     1a4:	12 16       	cp	r1, r18
     1a6:	13 06       	cpc	r1, r19
     1a8:	6c f5       	brge	.+90     	; 0x204 <_fpadd_parts+0x11a>
     1aa:	37 01       	movw	r6, r14
     1ac:	48 01       	movw	r8, r16
     1ae:	06 2e       	mov	r0, r22
     1b0:	04 c0       	rjmp	.+8      	; 0x1ba <_fpadd_parts+0xd0>
     1b2:	96 94       	lsr	r9
     1b4:	87 94       	ror	r8
     1b6:	77 94       	ror	r7
     1b8:	67 94       	ror	r6
     1ba:	0a 94       	dec	r0
     1bc:	d2 f7       	brpl	.-12     	; 0x1b2 <_fpadd_parts+0xc8>
     1be:	21 e0       	ldi	r18, 0x01	; 1
     1c0:	30 e0       	ldi	r19, 0x00	; 0
     1c2:	40 e0       	ldi	r20, 0x00	; 0
     1c4:	50 e0       	ldi	r21, 0x00	; 0
     1c6:	04 c0       	rjmp	.+8      	; 0x1d0 <_fpadd_parts+0xe6>
     1c8:	22 0f       	add	r18, r18
     1ca:	33 1f       	adc	r19, r19
     1cc:	44 1f       	adc	r20, r20
     1ce:	55 1f       	adc	r21, r21
     1d0:	6a 95       	dec	r22
     1d2:	d2 f7       	brpl	.-12     	; 0x1c8 <_fpadd_parts+0xde>
     1d4:	21 50       	subi	r18, 0x01	; 1
     1d6:	30 40       	sbci	r19, 0x00	; 0
     1d8:	40 40       	sbci	r20, 0x00	; 0
     1da:	50 40       	sbci	r21, 0x00	; 0
     1dc:	2e 21       	and	r18, r14
     1de:	3f 21       	and	r19, r15
     1e0:	40 23       	and	r20, r16
     1e2:	51 23       	and	r21, r17
     1e4:	21 15       	cp	r18, r1
     1e6:	31 05       	cpc	r19, r1
     1e8:	41 05       	cpc	r20, r1
     1ea:	51 05       	cpc	r21, r1
     1ec:	21 f0       	breq	.+8      	; 0x1f6 <_fpadd_parts+0x10c>
     1ee:	21 e0       	ldi	r18, 0x01	; 1
     1f0:	30 e0       	ldi	r19, 0x00	; 0
     1f2:	40 e0       	ldi	r20, 0x00	; 0
     1f4:	50 e0       	ldi	r21, 0x00	; 0
     1f6:	79 01       	movw	r14, r18
     1f8:	8a 01       	movw	r16, r20
     1fa:	e6 28       	or	r14, r6
     1fc:	f7 28       	or	r15, r7
     1fe:	08 29       	or	r16, r8
     200:	19 29       	or	r17, r9
     202:	3c c0       	rjmp	.+120    	; 0x27c <_fpadd_parts+0x192>
     204:	23 2b       	or	r18, r19
     206:	d1 f1       	breq	.+116    	; 0x27c <_fpadd_parts+0x192>
     208:	26 0e       	add	r2, r22
     20a:	37 1e       	adc	r3, r23
     20c:	35 01       	movw	r6, r10
     20e:	46 01       	movw	r8, r12
     210:	06 2e       	mov	r0, r22
     212:	04 c0       	rjmp	.+8      	; 0x21c <_fpadd_parts+0x132>
     214:	96 94       	lsr	r9
     216:	87 94       	ror	r8
     218:	77 94       	ror	r7
     21a:	67 94       	ror	r6
     21c:	0a 94       	dec	r0
     21e:	d2 f7       	brpl	.-12     	; 0x214 <_fpadd_parts+0x12a>
     220:	21 e0       	ldi	r18, 0x01	; 1
     222:	30 e0       	ldi	r19, 0x00	; 0
     224:	40 e0       	ldi	r20, 0x00	; 0
     226:	50 e0       	ldi	r21, 0x00	; 0
     228:	04 c0       	rjmp	.+8      	; 0x232 <_fpadd_parts+0x148>
     22a:	22 0f       	add	r18, r18
     22c:	33 1f       	adc	r19, r19
     22e:	44 1f       	adc	r20, r20
     230:	55 1f       	adc	r21, r21
     232:	6a 95       	dec	r22
     234:	d2 f7       	brpl	.-12     	; 0x22a <_fpadd_parts+0x140>
     236:	21 50       	subi	r18, 0x01	; 1
     238:	30 40       	sbci	r19, 0x00	; 0
     23a:	40 40       	sbci	r20, 0x00	; 0
     23c:	50 40       	sbci	r21, 0x00	; 0
     23e:	2a 21       	and	r18, r10
     240:	3b 21       	and	r19, r11
     242:	4c 21       	and	r20, r12
     244:	5d 21       	and	r21, r13
     246:	21 15       	cp	r18, r1
     248:	31 05       	cpc	r19, r1
     24a:	41 05       	cpc	r20, r1
     24c:	51 05       	cpc	r21, r1
     24e:	21 f0       	breq	.+8      	; 0x258 <_fpadd_parts+0x16e>
     250:	21 e0       	ldi	r18, 0x01	; 1
     252:	30 e0       	ldi	r19, 0x00	; 0
     254:	40 e0       	ldi	r20, 0x00	; 0
     256:	50 e0       	ldi	r21, 0x00	; 0
     258:	59 01       	movw	r10, r18
     25a:	6a 01       	movw	r12, r20
     25c:	a6 28       	or	r10, r6
     25e:	b7 28       	or	r11, r7
     260:	c8 28       	or	r12, r8
     262:	d9 28       	or	r13, r9
     264:	0b c0       	rjmp	.+22     	; 0x27c <_fpadd_parts+0x192>
     266:	82 15       	cp	r24, r2
     268:	93 05       	cpc	r25, r3
     26a:	2c f0       	brlt	.+10     	; 0x276 <_fpadd_parts+0x18c>
     26c:	1c 01       	movw	r2, r24
     26e:	aa 24       	eor	r10, r10
     270:	bb 24       	eor	r11, r11
     272:	65 01       	movw	r12, r10
     274:	03 c0       	rjmp	.+6      	; 0x27c <_fpadd_parts+0x192>
     276:	ee 24       	eor	r14, r14
     278:	ff 24       	eor	r15, r15
     27a:	87 01       	movw	r16, r14
     27c:	11 96       	adiw	r26, 0x01	; 1
     27e:	9c 91       	ld	r25, X
     280:	d2 01       	movw	r26, r4
     282:	11 96       	adiw	r26, 0x01	; 1
     284:	8c 91       	ld	r24, X
     286:	98 17       	cp	r25, r24
     288:	09 f4       	brne	.+2      	; 0x28c <_fpadd_parts+0x1a2>
     28a:	45 c0       	rjmp	.+138    	; 0x316 <_fpadd_parts+0x22c>
     28c:	99 23       	and	r25, r25
     28e:	39 f0       	breq	.+14     	; 0x29e <_fpadd_parts+0x1b4>
     290:	a8 01       	movw	r20, r16
     292:	97 01       	movw	r18, r14
     294:	2a 19       	sub	r18, r10
     296:	3b 09       	sbc	r19, r11
     298:	4c 09       	sbc	r20, r12
     29a:	5d 09       	sbc	r21, r13
     29c:	06 c0       	rjmp	.+12     	; 0x2aa <_fpadd_parts+0x1c0>
     29e:	a6 01       	movw	r20, r12
     2a0:	95 01       	movw	r18, r10
     2a2:	2e 19       	sub	r18, r14
     2a4:	3f 09       	sbc	r19, r15
     2a6:	40 0b       	sbc	r20, r16
     2a8:	51 0b       	sbc	r21, r17
     2aa:	57 fd       	sbrc	r21, 7
     2ac:	08 c0       	rjmp	.+16     	; 0x2be <_fpadd_parts+0x1d4>
     2ae:	11 82       	std	Z+1, r1	; 0x01
     2b0:	33 82       	std	Z+3, r3	; 0x03
     2b2:	22 82       	std	Z+2, r2	; 0x02
     2b4:	24 83       	std	Z+4, r18	; 0x04
     2b6:	35 83       	std	Z+5, r19	; 0x05
     2b8:	46 83       	std	Z+6, r20	; 0x06
     2ba:	57 83       	std	Z+7, r21	; 0x07
     2bc:	1d c0       	rjmp	.+58     	; 0x2f8 <_fpadd_parts+0x20e>
     2be:	81 e0       	ldi	r24, 0x01	; 1
     2c0:	81 83       	std	Z+1, r24	; 0x01
     2c2:	33 82       	std	Z+3, r3	; 0x03
     2c4:	22 82       	std	Z+2, r2	; 0x02
     2c6:	88 27       	eor	r24, r24
     2c8:	99 27       	eor	r25, r25
     2ca:	dc 01       	movw	r26, r24
     2cc:	82 1b       	sub	r24, r18
     2ce:	93 0b       	sbc	r25, r19
     2d0:	a4 0b       	sbc	r26, r20
     2d2:	b5 0b       	sbc	r27, r21
     2d4:	84 83       	std	Z+4, r24	; 0x04
     2d6:	95 83       	std	Z+5, r25	; 0x05
     2d8:	a6 83       	std	Z+6, r26	; 0x06
     2da:	b7 83       	std	Z+7, r27	; 0x07
     2dc:	0d c0       	rjmp	.+26     	; 0x2f8 <_fpadd_parts+0x20e>
     2de:	22 0f       	add	r18, r18
     2e0:	33 1f       	adc	r19, r19
     2e2:	44 1f       	adc	r20, r20
     2e4:	55 1f       	adc	r21, r21
     2e6:	24 83       	std	Z+4, r18	; 0x04
     2e8:	35 83       	std	Z+5, r19	; 0x05
     2ea:	46 83       	std	Z+6, r20	; 0x06
     2ec:	57 83       	std	Z+7, r21	; 0x07
     2ee:	82 81       	ldd	r24, Z+2	; 0x02
     2f0:	93 81       	ldd	r25, Z+3	; 0x03
     2f2:	01 97       	sbiw	r24, 0x01	; 1
     2f4:	93 83       	std	Z+3, r25	; 0x03
     2f6:	82 83       	std	Z+2, r24	; 0x02
     2f8:	24 81       	ldd	r18, Z+4	; 0x04
     2fa:	35 81       	ldd	r19, Z+5	; 0x05
     2fc:	46 81       	ldd	r20, Z+6	; 0x06
     2fe:	57 81       	ldd	r21, Z+7	; 0x07
     300:	da 01       	movw	r26, r20
     302:	c9 01       	movw	r24, r18
     304:	01 97       	sbiw	r24, 0x01	; 1
     306:	a1 09       	sbc	r26, r1
     308:	b1 09       	sbc	r27, r1
     30a:	8f 5f       	subi	r24, 0xFF	; 255
     30c:	9f 4f       	sbci	r25, 0xFF	; 255
     30e:	af 4f       	sbci	r26, 0xFF	; 255
     310:	bf 43       	sbci	r27, 0x3F	; 63
     312:	28 f3       	brcs	.-54     	; 0x2de <_fpadd_parts+0x1f4>
     314:	0b c0       	rjmp	.+22     	; 0x32c <_fpadd_parts+0x242>
     316:	91 83       	std	Z+1, r25	; 0x01
     318:	33 82       	std	Z+3, r3	; 0x03
     31a:	22 82       	std	Z+2, r2	; 0x02
     31c:	ea 0c       	add	r14, r10
     31e:	fb 1c       	adc	r15, r11
     320:	0c 1d       	adc	r16, r12
     322:	1d 1d       	adc	r17, r13
     324:	e4 82       	std	Z+4, r14	; 0x04
     326:	f5 82       	std	Z+5, r15	; 0x05
     328:	06 83       	std	Z+6, r16	; 0x06
     32a:	17 83       	std	Z+7, r17	; 0x07
     32c:	83 e0       	ldi	r24, 0x03	; 3
     32e:	80 83       	st	Z, r24
     330:	24 81       	ldd	r18, Z+4	; 0x04
     332:	35 81       	ldd	r19, Z+5	; 0x05
     334:	46 81       	ldd	r20, Z+6	; 0x06
     336:	57 81       	ldd	r21, Z+7	; 0x07
     338:	57 ff       	sbrs	r21, 7
     33a:	1a c0       	rjmp	.+52     	; 0x370 <_fpadd_parts+0x286>
     33c:	c9 01       	movw	r24, r18
     33e:	aa 27       	eor	r26, r26
     340:	97 fd       	sbrc	r25, 7
     342:	a0 95       	com	r26
     344:	ba 2f       	mov	r27, r26
     346:	81 70       	andi	r24, 0x01	; 1
     348:	90 70       	andi	r25, 0x00	; 0
     34a:	a0 70       	andi	r26, 0x00	; 0
     34c:	b0 70       	andi	r27, 0x00	; 0
     34e:	56 95       	lsr	r21
     350:	47 95       	ror	r20
     352:	37 95       	ror	r19
     354:	27 95       	ror	r18
     356:	82 2b       	or	r24, r18
     358:	93 2b       	or	r25, r19
     35a:	a4 2b       	or	r26, r20
     35c:	b5 2b       	or	r27, r21
     35e:	84 83       	std	Z+4, r24	; 0x04
     360:	95 83       	std	Z+5, r25	; 0x05
     362:	a6 83       	std	Z+6, r26	; 0x06
     364:	b7 83       	std	Z+7, r27	; 0x07
     366:	82 81       	ldd	r24, Z+2	; 0x02
     368:	93 81       	ldd	r25, Z+3	; 0x03
     36a:	01 96       	adiw	r24, 0x01	; 1
     36c:	93 83       	std	Z+3, r25	; 0x03
     36e:	82 83       	std	Z+2, r24	; 0x02
     370:	df 01       	movw	r26, r30
     372:	01 c0       	rjmp	.+2      	; 0x376 <_fpadd_parts+0x28c>
     374:	d2 01       	movw	r26, r4
     376:	cd 01       	movw	r24, r26
     378:	cd b7       	in	r28, 0x3d	; 61
     37a:	de b7       	in	r29, 0x3e	; 62
     37c:	e2 e1       	ldi	r30, 0x12	; 18
     37e:	0c 94 cb 14 	jmp	0x2996	; 0x2996 <__epilogue_restores__>

00000382 <__subsf3>:
     382:	a0 e2       	ldi	r26, 0x20	; 32
     384:	b0 e0       	ldi	r27, 0x00	; 0
     386:	e7 ec       	ldi	r30, 0xC7	; 199
     388:	f1 e0       	ldi	r31, 0x01	; 1
     38a:	0c 94 bb 14 	jmp	0x2976	; 0x2976 <__prologue_saves__+0x18>
     38e:	69 83       	std	Y+1, r22	; 0x01
     390:	7a 83       	std	Y+2, r23	; 0x02
     392:	8b 83       	std	Y+3, r24	; 0x03
     394:	9c 83       	std	Y+4, r25	; 0x04
     396:	2d 83       	std	Y+5, r18	; 0x05
     398:	3e 83       	std	Y+6, r19	; 0x06
     39a:	4f 83       	std	Y+7, r20	; 0x07
     39c:	58 87       	std	Y+8, r21	; 0x08
     39e:	e9 e0       	ldi	r30, 0x09	; 9
     3a0:	ee 2e       	mov	r14, r30
     3a2:	f1 2c       	mov	r15, r1
     3a4:	ec 0e       	add	r14, r28
     3a6:	fd 1e       	adc	r15, r29
     3a8:	ce 01       	movw	r24, r28
     3aa:	01 96       	adiw	r24, 0x01	; 1
     3ac:	b7 01       	movw	r22, r14
     3ae:	0e 94 d2 04 	call	0x9a4	; 0x9a4 <__unpack_f>
     3b2:	8e 01       	movw	r16, r28
     3b4:	0f 5e       	subi	r16, 0xEF	; 239
     3b6:	1f 4f       	sbci	r17, 0xFF	; 255
     3b8:	ce 01       	movw	r24, r28
     3ba:	05 96       	adiw	r24, 0x05	; 5
     3bc:	b8 01       	movw	r22, r16
     3be:	0e 94 d2 04 	call	0x9a4	; 0x9a4 <__unpack_f>
     3c2:	8a 89       	ldd	r24, Y+18	; 0x12
     3c4:	91 e0       	ldi	r25, 0x01	; 1
     3c6:	89 27       	eor	r24, r25
     3c8:	8a 8b       	std	Y+18, r24	; 0x12
     3ca:	c7 01       	movw	r24, r14
     3cc:	b8 01       	movw	r22, r16
     3ce:	ae 01       	movw	r20, r28
     3d0:	47 5e       	subi	r20, 0xE7	; 231
     3d2:	5f 4f       	sbci	r21, 0xFF	; 255
     3d4:	0e 94 75 00 	call	0xea	; 0xea <_fpadd_parts>
     3d8:	0e 94 fd 03 	call	0x7fa	; 0x7fa <__pack_f>
     3dc:	a0 96       	adiw	r28, 0x20	; 32
     3de:	e6 e0       	ldi	r30, 0x06	; 6
     3e0:	0c 94 d7 14 	jmp	0x29ae	; 0x29ae <__epilogue_restores__+0x18>

000003e4 <__addsf3>:
     3e4:	a0 e2       	ldi	r26, 0x20	; 32
     3e6:	b0 e0       	ldi	r27, 0x00	; 0
     3e8:	e8 ef       	ldi	r30, 0xF8	; 248
     3ea:	f1 e0       	ldi	r31, 0x01	; 1
     3ec:	0c 94 bb 14 	jmp	0x2976	; 0x2976 <__prologue_saves__+0x18>
     3f0:	69 83       	std	Y+1, r22	; 0x01
     3f2:	7a 83       	std	Y+2, r23	; 0x02
     3f4:	8b 83       	std	Y+3, r24	; 0x03
     3f6:	9c 83       	std	Y+4, r25	; 0x04
     3f8:	2d 83       	std	Y+5, r18	; 0x05
     3fa:	3e 83       	std	Y+6, r19	; 0x06
     3fc:	4f 83       	std	Y+7, r20	; 0x07
     3fe:	58 87       	std	Y+8, r21	; 0x08
     400:	f9 e0       	ldi	r31, 0x09	; 9
     402:	ef 2e       	mov	r14, r31
     404:	f1 2c       	mov	r15, r1
     406:	ec 0e       	add	r14, r28
     408:	fd 1e       	adc	r15, r29
     40a:	ce 01       	movw	r24, r28
     40c:	01 96       	adiw	r24, 0x01	; 1
     40e:	b7 01       	movw	r22, r14
     410:	0e 94 d2 04 	call	0x9a4	; 0x9a4 <__unpack_f>
     414:	8e 01       	movw	r16, r28
     416:	0f 5e       	subi	r16, 0xEF	; 239
     418:	1f 4f       	sbci	r17, 0xFF	; 255
     41a:	ce 01       	movw	r24, r28
     41c:	05 96       	adiw	r24, 0x05	; 5
     41e:	b8 01       	movw	r22, r16
     420:	0e 94 d2 04 	call	0x9a4	; 0x9a4 <__unpack_f>
     424:	c7 01       	movw	r24, r14
     426:	b8 01       	movw	r22, r16
     428:	ae 01       	movw	r20, r28
     42a:	47 5e       	subi	r20, 0xE7	; 231
     42c:	5f 4f       	sbci	r21, 0xFF	; 255
     42e:	0e 94 75 00 	call	0xea	; 0xea <_fpadd_parts>
     432:	0e 94 fd 03 	call	0x7fa	; 0x7fa <__pack_f>
     436:	a0 96       	adiw	r28, 0x20	; 32
     438:	e6 e0       	ldi	r30, 0x06	; 6
     43a:	0c 94 d7 14 	jmp	0x29ae	; 0x29ae <__epilogue_restores__+0x18>

0000043e <__mulsf3>:
     43e:	a0 e2       	ldi	r26, 0x20	; 32
     440:	b0 e0       	ldi	r27, 0x00	; 0
     442:	e5 e2       	ldi	r30, 0x25	; 37
     444:	f2 e0       	ldi	r31, 0x02	; 2
     446:	0c 94 af 14 	jmp	0x295e	; 0x295e <__prologue_saves__>
     44a:	69 83       	std	Y+1, r22	; 0x01
     44c:	7a 83       	std	Y+2, r23	; 0x02
     44e:	8b 83       	std	Y+3, r24	; 0x03
     450:	9c 83       	std	Y+4, r25	; 0x04
     452:	2d 83       	std	Y+5, r18	; 0x05
     454:	3e 83       	std	Y+6, r19	; 0x06
     456:	4f 83       	std	Y+7, r20	; 0x07
     458:	58 87       	std	Y+8, r21	; 0x08
     45a:	ce 01       	movw	r24, r28
     45c:	01 96       	adiw	r24, 0x01	; 1
     45e:	be 01       	movw	r22, r28
     460:	67 5f       	subi	r22, 0xF7	; 247
     462:	7f 4f       	sbci	r23, 0xFF	; 255
     464:	0e 94 d2 04 	call	0x9a4	; 0x9a4 <__unpack_f>
     468:	ce 01       	movw	r24, r28
     46a:	05 96       	adiw	r24, 0x05	; 5
     46c:	be 01       	movw	r22, r28
     46e:	6f 5e       	subi	r22, 0xEF	; 239
     470:	7f 4f       	sbci	r23, 0xFF	; 255
     472:	0e 94 d2 04 	call	0x9a4	; 0x9a4 <__unpack_f>
     476:	99 85       	ldd	r25, Y+9	; 0x09
     478:	92 30       	cpi	r25, 0x02	; 2
     47a:	88 f0       	brcs	.+34     	; 0x49e <__mulsf3+0x60>
     47c:	89 89       	ldd	r24, Y+17	; 0x11
     47e:	82 30       	cpi	r24, 0x02	; 2
     480:	c8 f0       	brcs	.+50     	; 0x4b4 <__mulsf3+0x76>
     482:	94 30       	cpi	r25, 0x04	; 4
     484:	19 f4       	brne	.+6      	; 0x48c <__mulsf3+0x4e>
     486:	82 30       	cpi	r24, 0x02	; 2
     488:	51 f4       	brne	.+20     	; 0x49e <__mulsf3+0x60>
     48a:	04 c0       	rjmp	.+8      	; 0x494 <__mulsf3+0x56>
     48c:	84 30       	cpi	r24, 0x04	; 4
     48e:	29 f4       	brne	.+10     	; 0x49a <__mulsf3+0x5c>
     490:	92 30       	cpi	r25, 0x02	; 2
     492:	81 f4       	brne	.+32     	; 0x4b4 <__mulsf3+0x76>
     494:	80 e6       	ldi	r24, 0x60	; 96
     496:	90 e0       	ldi	r25, 0x00	; 0
     498:	c6 c0       	rjmp	.+396    	; 0x626 <__mulsf3+0x1e8>
     49a:	92 30       	cpi	r25, 0x02	; 2
     49c:	49 f4       	brne	.+18     	; 0x4b0 <__mulsf3+0x72>
     49e:	20 e0       	ldi	r18, 0x00	; 0
     4a0:	9a 85       	ldd	r25, Y+10	; 0x0a
     4a2:	8a 89       	ldd	r24, Y+18	; 0x12
     4a4:	98 13       	cpse	r25, r24
     4a6:	21 e0       	ldi	r18, 0x01	; 1
     4a8:	2a 87       	std	Y+10, r18	; 0x0a
     4aa:	ce 01       	movw	r24, r28
     4ac:	09 96       	adiw	r24, 0x09	; 9
     4ae:	bb c0       	rjmp	.+374    	; 0x626 <__mulsf3+0x1e8>
     4b0:	82 30       	cpi	r24, 0x02	; 2
     4b2:	49 f4       	brne	.+18     	; 0x4c6 <__mulsf3+0x88>
     4b4:	20 e0       	ldi	r18, 0x00	; 0
     4b6:	9a 85       	ldd	r25, Y+10	; 0x0a
     4b8:	8a 89       	ldd	r24, Y+18	; 0x12
     4ba:	98 13       	cpse	r25, r24
     4bc:	21 e0       	ldi	r18, 0x01	; 1
     4be:	2a 8b       	std	Y+18, r18	; 0x12
     4c0:	ce 01       	movw	r24, r28
     4c2:	41 96       	adiw	r24, 0x11	; 17
     4c4:	b0 c0       	rjmp	.+352    	; 0x626 <__mulsf3+0x1e8>
     4c6:	2d 84       	ldd	r2, Y+13	; 0x0d
     4c8:	3e 84       	ldd	r3, Y+14	; 0x0e
     4ca:	4f 84       	ldd	r4, Y+15	; 0x0f
     4cc:	58 88       	ldd	r5, Y+16	; 0x10
     4ce:	6d 88       	ldd	r6, Y+21	; 0x15
     4d0:	7e 88       	ldd	r7, Y+22	; 0x16
     4d2:	8f 88       	ldd	r8, Y+23	; 0x17
     4d4:	98 8c       	ldd	r9, Y+24	; 0x18
     4d6:	ee 24       	eor	r14, r14
     4d8:	ff 24       	eor	r15, r15
     4da:	87 01       	movw	r16, r14
     4dc:	aa 24       	eor	r10, r10
     4de:	bb 24       	eor	r11, r11
     4e0:	65 01       	movw	r12, r10
     4e2:	40 e0       	ldi	r20, 0x00	; 0
     4e4:	50 e0       	ldi	r21, 0x00	; 0
     4e6:	60 e0       	ldi	r22, 0x00	; 0
     4e8:	70 e0       	ldi	r23, 0x00	; 0
     4ea:	e0 e0       	ldi	r30, 0x00	; 0
     4ec:	f0 e0       	ldi	r31, 0x00	; 0
     4ee:	c1 01       	movw	r24, r2
     4f0:	81 70       	andi	r24, 0x01	; 1
     4f2:	90 70       	andi	r25, 0x00	; 0
     4f4:	89 2b       	or	r24, r25
     4f6:	e9 f0       	breq	.+58     	; 0x532 <__mulsf3+0xf4>
     4f8:	e6 0c       	add	r14, r6
     4fa:	f7 1c       	adc	r15, r7
     4fc:	08 1d       	adc	r16, r8
     4fe:	19 1d       	adc	r17, r9
     500:	9a 01       	movw	r18, r20
     502:	ab 01       	movw	r20, r22
     504:	2a 0d       	add	r18, r10
     506:	3b 1d       	adc	r19, r11
     508:	4c 1d       	adc	r20, r12
     50a:	5d 1d       	adc	r21, r13
     50c:	80 e0       	ldi	r24, 0x00	; 0
     50e:	90 e0       	ldi	r25, 0x00	; 0
     510:	a0 e0       	ldi	r26, 0x00	; 0
     512:	b0 e0       	ldi	r27, 0x00	; 0
     514:	e6 14       	cp	r14, r6
     516:	f7 04       	cpc	r15, r7
     518:	08 05       	cpc	r16, r8
     51a:	19 05       	cpc	r17, r9
     51c:	20 f4       	brcc	.+8      	; 0x526 <__mulsf3+0xe8>
     51e:	81 e0       	ldi	r24, 0x01	; 1
     520:	90 e0       	ldi	r25, 0x00	; 0
     522:	a0 e0       	ldi	r26, 0x00	; 0
     524:	b0 e0       	ldi	r27, 0x00	; 0
     526:	ba 01       	movw	r22, r20
     528:	a9 01       	movw	r20, r18
     52a:	48 0f       	add	r20, r24
     52c:	59 1f       	adc	r21, r25
     52e:	6a 1f       	adc	r22, r26
     530:	7b 1f       	adc	r23, r27
     532:	aa 0c       	add	r10, r10
     534:	bb 1c       	adc	r11, r11
     536:	cc 1c       	adc	r12, r12
     538:	dd 1c       	adc	r13, r13
     53a:	97 fe       	sbrs	r9, 7
     53c:	08 c0       	rjmp	.+16     	; 0x54e <__mulsf3+0x110>
     53e:	81 e0       	ldi	r24, 0x01	; 1
     540:	90 e0       	ldi	r25, 0x00	; 0
     542:	a0 e0       	ldi	r26, 0x00	; 0
     544:	b0 e0       	ldi	r27, 0x00	; 0
     546:	a8 2a       	or	r10, r24
     548:	b9 2a       	or	r11, r25
     54a:	ca 2a       	or	r12, r26
     54c:	db 2a       	or	r13, r27
     54e:	31 96       	adiw	r30, 0x01	; 1
     550:	e0 32       	cpi	r30, 0x20	; 32
     552:	f1 05       	cpc	r31, r1
     554:	49 f0       	breq	.+18     	; 0x568 <__mulsf3+0x12a>
     556:	66 0c       	add	r6, r6
     558:	77 1c       	adc	r7, r7
     55a:	88 1c       	adc	r8, r8
     55c:	99 1c       	adc	r9, r9
     55e:	56 94       	lsr	r5
     560:	47 94       	ror	r4
     562:	37 94       	ror	r3
     564:	27 94       	ror	r2
     566:	c3 cf       	rjmp	.-122    	; 0x4ee <__mulsf3+0xb0>
     568:	fa 85       	ldd	r31, Y+10	; 0x0a
     56a:	ea 89       	ldd	r30, Y+18	; 0x12
     56c:	2b 89       	ldd	r18, Y+19	; 0x13
     56e:	3c 89       	ldd	r19, Y+20	; 0x14
     570:	8b 85       	ldd	r24, Y+11	; 0x0b
     572:	9c 85       	ldd	r25, Y+12	; 0x0c
     574:	28 0f       	add	r18, r24
     576:	39 1f       	adc	r19, r25
     578:	2e 5f       	subi	r18, 0xFE	; 254
     57a:	3f 4f       	sbci	r19, 0xFF	; 255
     57c:	17 c0       	rjmp	.+46     	; 0x5ac <__mulsf3+0x16e>
     57e:	ca 01       	movw	r24, r20
     580:	81 70       	andi	r24, 0x01	; 1
     582:	90 70       	andi	r25, 0x00	; 0
     584:	89 2b       	or	r24, r25
     586:	61 f0       	breq	.+24     	; 0x5a0 <__mulsf3+0x162>
     588:	16 95       	lsr	r17
     58a:	07 95       	ror	r16
     58c:	f7 94       	ror	r15
     58e:	e7 94       	ror	r14
     590:	80 e0       	ldi	r24, 0x00	; 0
     592:	90 e0       	ldi	r25, 0x00	; 0
     594:	a0 e0       	ldi	r26, 0x00	; 0
     596:	b0 e8       	ldi	r27, 0x80	; 128
     598:	e8 2a       	or	r14, r24
     59a:	f9 2a       	or	r15, r25
     59c:	0a 2b       	or	r16, r26
     59e:	1b 2b       	or	r17, r27
     5a0:	76 95       	lsr	r23
     5a2:	67 95       	ror	r22
     5a4:	57 95       	ror	r21
     5a6:	47 95       	ror	r20
     5a8:	2f 5f       	subi	r18, 0xFF	; 255
     5aa:	3f 4f       	sbci	r19, 0xFF	; 255
     5ac:	77 fd       	sbrc	r23, 7
     5ae:	e7 cf       	rjmp	.-50     	; 0x57e <__mulsf3+0x140>
     5b0:	0c c0       	rjmp	.+24     	; 0x5ca <__mulsf3+0x18c>
     5b2:	44 0f       	add	r20, r20
     5b4:	55 1f       	adc	r21, r21
     5b6:	66 1f       	adc	r22, r22
     5b8:	77 1f       	adc	r23, r23
     5ba:	17 fd       	sbrc	r17, 7
     5bc:	41 60       	ori	r20, 0x01	; 1
     5be:	ee 0c       	add	r14, r14
     5c0:	ff 1c       	adc	r15, r15
     5c2:	00 1f       	adc	r16, r16
     5c4:	11 1f       	adc	r17, r17
     5c6:	21 50       	subi	r18, 0x01	; 1
     5c8:	30 40       	sbci	r19, 0x00	; 0
     5ca:	40 30       	cpi	r20, 0x00	; 0
     5cc:	90 e0       	ldi	r25, 0x00	; 0
     5ce:	59 07       	cpc	r21, r25
     5d0:	90 e0       	ldi	r25, 0x00	; 0
     5d2:	69 07       	cpc	r22, r25
     5d4:	90 e4       	ldi	r25, 0x40	; 64
     5d6:	79 07       	cpc	r23, r25
     5d8:	60 f3       	brcs	.-40     	; 0x5b2 <__mulsf3+0x174>
     5da:	2b 8f       	std	Y+27, r18	; 0x1b
     5dc:	3c 8f       	std	Y+28, r19	; 0x1c
     5de:	db 01       	movw	r26, r22
     5e0:	ca 01       	movw	r24, r20
     5e2:	8f 77       	andi	r24, 0x7F	; 127
     5e4:	90 70       	andi	r25, 0x00	; 0
     5e6:	a0 70       	andi	r26, 0x00	; 0
     5e8:	b0 70       	andi	r27, 0x00	; 0
     5ea:	80 34       	cpi	r24, 0x40	; 64
     5ec:	91 05       	cpc	r25, r1
     5ee:	a1 05       	cpc	r26, r1
     5f0:	b1 05       	cpc	r27, r1
     5f2:	61 f4       	brne	.+24     	; 0x60c <__mulsf3+0x1ce>
     5f4:	47 fd       	sbrc	r20, 7
     5f6:	0a c0       	rjmp	.+20     	; 0x60c <__mulsf3+0x1ce>
     5f8:	e1 14       	cp	r14, r1
     5fa:	f1 04       	cpc	r15, r1
     5fc:	01 05       	cpc	r16, r1
     5fe:	11 05       	cpc	r17, r1
     600:	29 f0       	breq	.+10     	; 0x60c <__mulsf3+0x1ce>
     602:	40 5c       	subi	r20, 0xC0	; 192
     604:	5f 4f       	sbci	r21, 0xFF	; 255
     606:	6f 4f       	sbci	r22, 0xFF	; 255
     608:	7f 4f       	sbci	r23, 0xFF	; 255
     60a:	40 78       	andi	r20, 0x80	; 128
     60c:	1a 8e       	std	Y+26, r1	; 0x1a
     60e:	fe 17       	cp	r31, r30
     610:	11 f0       	breq	.+4      	; 0x616 <__mulsf3+0x1d8>
     612:	81 e0       	ldi	r24, 0x01	; 1
     614:	8a 8f       	std	Y+26, r24	; 0x1a
     616:	4d 8f       	std	Y+29, r20	; 0x1d
     618:	5e 8f       	std	Y+30, r21	; 0x1e
     61a:	6f 8f       	std	Y+31, r22	; 0x1f
     61c:	78 a3       	std	Y+32, r23	; 0x20
     61e:	83 e0       	ldi	r24, 0x03	; 3
     620:	89 8f       	std	Y+25, r24	; 0x19
     622:	ce 01       	movw	r24, r28
     624:	49 96       	adiw	r24, 0x19	; 25
     626:	0e 94 fd 03 	call	0x7fa	; 0x7fa <__pack_f>
     62a:	a0 96       	adiw	r28, 0x20	; 32
     62c:	e2 e1       	ldi	r30, 0x12	; 18
     62e:	0c 94 cb 14 	jmp	0x2996	; 0x2996 <__epilogue_restores__>

00000632 <__gtsf2>:
     632:	a8 e1       	ldi	r26, 0x18	; 24
     634:	b0 e0       	ldi	r27, 0x00	; 0
     636:	ef e1       	ldi	r30, 0x1F	; 31
     638:	f3 e0       	ldi	r31, 0x03	; 3
     63a:	0c 94 bb 14 	jmp	0x2976	; 0x2976 <__prologue_saves__+0x18>
     63e:	69 83       	std	Y+1, r22	; 0x01
     640:	7a 83       	std	Y+2, r23	; 0x02
     642:	8b 83       	std	Y+3, r24	; 0x03
     644:	9c 83       	std	Y+4, r25	; 0x04
     646:	2d 83       	std	Y+5, r18	; 0x05
     648:	3e 83       	std	Y+6, r19	; 0x06
     64a:	4f 83       	std	Y+7, r20	; 0x07
     64c:	58 87       	std	Y+8, r21	; 0x08
     64e:	89 e0       	ldi	r24, 0x09	; 9
     650:	e8 2e       	mov	r14, r24
     652:	f1 2c       	mov	r15, r1
     654:	ec 0e       	add	r14, r28
     656:	fd 1e       	adc	r15, r29
     658:	ce 01       	movw	r24, r28
     65a:	01 96       	adiw	r24, 0x01	; 1
     65c:	b7 01       	movw	r22, r14
     65e:	0e 94 d2 04 	call	0x9a4	; 0x9a4 <__unpack_f>
     662:	8e 01       	movw	r16, r28
     664:	0f 5e       	subi	r16, 0xEF	; 239
     666:	1f 4f       	sbci	r17, 0xFF	; 255
     668:	ce 01       	movw	r24, r28
     66a:	05 96       	adiw	r24, 0x05	; 5
     66c:	b8 01       	movw	r22, r16
     66e:	0e 94 d2 04 	call	0x9a4	; 0x9a4 <__unpack_f>
     672:	89 85       	ldd	r24, Y+9	; 0x09
     674:	82 30       	cpi	r24, 0x02	; 2
     676:	40 f0       	brcs	.+16     	; 0x688 <__gtsf2+0x56>
     678:	89 89       	ldd	r24, Y+17	; 0x11
     67a:	82 30       	cpi	r24, 0x02	; 2
     67c:	28 f0       	brcs	.+10     	; 0x688 <__gtsf2+0x56>
     67e:	c7 01       	movw	r24, r14
     680:	b8 01       	movw	r22, r16
     682:	0e 94 4a 05 	call	0xa94	; 0xa94 <__fpcmp_parts_f>
     686:	01 c0       	rjmp	.+2      	; 0x68a <__gtsf2+0x58>
     688:	8f ef       	ldi	r24, 0xFF	; 255
     68a:	68 96       	adiw	r28, 0x18	; 24
     68c:	e6 e0       	ldi	r30, 0x06	; 6
     68e:	0c 94 d7 14 	jmp	0x29ae	; 0x29ae <__epilogue_restores__+0x18>

00000692 <__gesf2>:
     692:	a8 e1       	ldi	r26, 0x18	; 24
     694:	b0 e0       	ldi	r27, 0x00	; 0
     696:	ef e4       	ldi	r30, 0x4F	; 79
     698:	f3 e0       	ldi	r31, 0x03	; 3
     69a:	0c 94 bb 14 	jmp	0x2976	; 0x2976 <__prologue_saves__+0x18>
     69e:	69 83       	std	Y+1, r22	; 0x01
     6a0:	7a 83       	std	Y+2, r23	; 0x02
     6a2:	8b 83       	std	Y+3, r24	; 0x03
     6a4:	9c 83       	std	Y+4, r25	; 0x04
     6a6:	2d 83       	std	Y+5, r18	; 0x05
     6a8:	3e 83       	std	Y+6, r19	; 0x06
     6aa:	4f 83       	std	Y+7, r20	; 0x07
     6ac:	58 87       	std	Y+8, r21	; 0x08
     6ae:	89 e0       	ldi	r24, 0x09	; 9
     6b0:	e8 2e       	mov	r14, r24
     6b2:	f1 2c       	mov	r15, r1
     6b4:	ec 0e       	add	r14, r28
     6b6:	fd 1e       	adc	r15, r29
     6b8:	ce 01       	movw	r24, r28
     6ba:	01 96       	adiw	r24, 0x01	; 1
     6bc:	b7 01       	movw	r22, r14
     6be:	0e 94 d2 04 	call	0x9a4	; 0x9a4 <__unpack_f>
     6c2:	8e 01       	movw	r16, r28
     6c4:	0f 5e       	subi	r16, 0xEF	; 239
     6c6:	1f 4f       	sbci	r17, 0xFF	; 255
     6c8:	ce 01       	movw	r24, r28
     6ca:	05 96       	adiw	r24, 0x05	; 5
     6cc:	b8 01       	movw	r22, r16
     6ce:	0e 94 d2 04 	call	0x9a4	; 0x9a4 <__unpack_f>
     6d2:	89 85       	ldd	r24, Y+9	; 0x09
     6d4:	82 30       	cpi	r24, 0x02	; 2
     6d6:	40 f0       	brcs	.+16     	; 0x6e8 <__gesf2+0x56>
     6d8:	89 89       	ldd	r24, Y+17	; 0x11
     6da:	82 30       	cpi	r24, 0x02	; 2
     6dc:	28 f0       	brcs	.+10     	; 0x6e8 <__gesf2+0x56>
     6de:	c7 01       	movw	r24, r14
     6e0:	b8 01       	movw	r22, r16
     6e2:	0e 94 4a 05 	call	0xa94	; 0xa94 <__fpcmp_parts_f>
     6e6:	01 c0       	rjmp	.+2      	; 0x6ea <__gesf2+0x58>
     6e8:	8f ef       	ldi	r24, 0xFF	; 255
     6ea:	68 96       	adiw	r28, 0x18	; 24
     6ec:	e6 e0       	ldi	r30, 0x06	; 6
     6ee:	0c 94 d7 14 	jmp	0x29ae	; 0x29ae <__epilogue_restores__+0x18>

000006f2 <__ltsf2>:
     6f2:	a8 e1       	ldi	r26, 0x18	; 24
     6f4:	b0 e0       	ldi	r27, 0x00	; 0
     6f6:	ef e7       	ldi	r30, 0x7F	; 127
     6f8:	f3 e0       	ldi	r31, 0x03	; 3
     6fa:	0c 94 bb 14 	jmp	0x2976	; 0x2976 <__prologue_saves__+0x18>
     6fe:	69 83       	std	Y+1, r22	; 0x01
     700:	7a 83       	std	Y+2, r23	; 0x02
     702:	8b 83       	std	Y+3, r24	; 0x03
     704:	9c 83       	std	Y+4, r25	; 0x04
     706:	2d 83       	std	Y+5, r18	; 0x05
     708:	3e 83       	std	Y+6, r19	; 0x06
     70a:	4f 83       	std	Y+7, r20	; 0x07
     70c:	58 87       	std	Y+8, r21	; 0x08
     70e:	89 e0       	ldi	r24, 0x09	; 9
     710:	e8 2e       	mov	r14, r24
     712:	f1 2c       	mov	r15, r1
     714:	ec 0e       	add	r14, r28
     716:	fd 1e       	adc	r15, r29
     718:	ce 01       	movw	r24, r28
     71a:	01 96       	adiw	r24, 0x01	; 1
     71c:	b7 01       	movw	r22, r14
     71e:	0e 94 d2 04 	call	0x9a4	; 0x9a4 <__unpack_f>
     722:	8e 01       	movw	r16, r28
     724:	0f 5e       	subi	r16, 0xEF	; 239
     726:	1f 4f       	sbci	r17, 0xFF	; 255
     728:	ce 01       	movw	r24, r28
     72a:	05 96       	adiw	r24, 0x05	; 5
     72c:	b8 01       	movw	r22, r16
     72e:	0e 94 d2 04 	call	0x9a4	; 0x9a4 <__unpack_f>
     732:	89 85       	ldd	r24, Y+9	; 0x09
     734:	82 30       	cpi	r24, 0x02	; 2
     736:	40 f0       	brcs	.+16     	; 0x748 <__ltsf2+0x56>
     738:	89 89       	ldd	r24, Y+17	; 0x11
     73a:	82 30       	cpi	r24, 0x02	; 2
     73c:	28 f0       	brcs	.+10     	; 0x748 <__ltsf2+0x56>
     73e:	c7 01       	movw	r24, r14
     740:	b8 01       	movw	r22, r16
     742:	0e 94 4a 05 	call	0xa94	; 0xa94 <__fpcmp_parts_f>
     746:	01 c0       	rjmp	.+2      	; 0x74a <__ltsf2+0x58>
     748:	81 e0       	ldi	r24, 0x01	; 1
     74a:	68 96       	adiw	r28, 0x18	; 24
     74c:	e6 e0       	ldi	r30, 0x06	; 6
     74e:	0c 94 d7 14 	jmp	0x29ae	; 0x29ae <__epilogue_restores__+0x18>

00000752 <__fixsfsi>:
     752:	ac e0       	ldi	r26, 0x0C	; 12
     754:	b0 e0       	ldi	r27, 0x00	; 0
     756:	ef ea       	ldi	r30, 0xAF	; 175
     758:	f3 e0       	ldi	r31, 0x03	; 3
     75a:	0c 94 bf 14 	jmp	0x297e	; 0x297e <__prologue_saves__+0x20>
     75e:	69 83       	std	Y+1, r22	; 0x01
     760:	7a 83       	std	Y+2, r23	; 0x02
     762:	8b 83       	std	Y+3, r24	; 0x03
     764:	9c 83       	std	Y+4, r25	; 0x04
     766:	ce 01       	movw	r24, r28
     768:	01 96       	adiw	r24, 0x01	; 1
     76a:	be 01       	movw	r22, r28
     76c:	6b 5f       	subi	r22, 0xFB	; 251
     76e:	7f 4f       	sbci	r23, 0xFF	; 255
     770:	0e 94 d2 04 	call	0x9a4	; 0x9a4 <__unpack_f>
     774:	8d 81       	ldd	r24, Y+5	; 0x05
     776:	82 30       	cpi	r24, 0x02	; 2
     778:	61 f1       	breq	.+88     	; 0x7d2 <__fixsfsi+0x80>
     77a:	82 30       	cpi	r24, 0x02	; 2
     77c:	50 f1       	brcs	.+84     	; 0x7d2 <__fixsfsi+0x80>
     77e:	84 30       	cpi	r24, 0x04	; 4
     780:	21 f4       	brne	.+8      	; 0x78a <__fixsfsi+0x38>
     782:	8e 81       	ldd	r24, Y+6	; 0x06
     784:	88 23       	and	r24, r24
     786:	51 f1       	breq	.+84     	; 0x7dc <__fixsfsi+0x8a>
     788:	2e c0       	rjmp	.+92     	; 0x7e6 <__fixsfsi+0x94>
     78a:	2f 81       	ldd	r18, Y+7	; 0x07
     78c:	38 85       	ldd	r19, Y+8	; 0x08
     78e:	37 fd       	sbrc	r19, 7
     790:	20 c0       	rjmp	.+64     	; 0x7d2 <__fixsfsi+0x80>
     792:	6e 81       	ldd	r22, Y+6	; 0x06
     794:	2f 31       	cpi	r18, 0x1F	; 31
     796:	31 05       	cpc	r19, r1
     798:	1c f0       	brlt	.+6      	; 0x7a0 <__fixsfsi+0x4e>
     79a:	66 23       	and	r22, r22
     79c:	f9 f0       	breq	.+62     	; 0x7dc <__fixsfsi+0x8a>
     79e:	23 c0       	rjmp	.+70     	; 0x7e6 <__fixsfsi+0x94>
     7a0:	8e e1       	ldi	r24, 0x1E	; 30
     7a2:	90 e0       	ldi	r25, 0x00	; 0
     7a4:	82 1b       	sub	r24, r18
     7a6:	93 0b       	sbc	r25, r19
     7a8:	29 85       	ldd	r18, Y+9	; 0x09
     7aa:	3a 85       	ldd	r19, Y+10	; 0x0a
     7ac:	4b 85       	ldd	r20, Y+11	; 0x0b
     7ae:	5c 85       	ldd	r21, Y+12	; 0x0c
     7b0:	04 c0       	rjmp	.+8      	; 0x7ba <__fixsfsi+0x68>
     7b2:	56 95       	lsr	r21
     7b4:	47 95       	ror	r20
     7b6:	37 95       	ror	r19
     7b8:	27 95       	ror	r18
     7ba:	8a 95       	dec	r24
     7bc:	d2 f7       	brpl	.-12     	; 0x7b2 <__fixsfsi+0x60>
     7be:	66 23       	and	r22, r22
     7c0:	b1 f0       	breq	.+44     	; 0x7ee <__fixsfsi+0x9c>
     7c2:	50 95       	com	r21
     7c4:	40 95       	com	r20
     7c6:	30 95       	com	r19
     7c8:	21 95       	neg	r18
     7ca:	3f 4f       	sbci	r19, 0xFF	; 255
     7cc:	4f 4f       	sbci	r20, 0xFF	; 255
     7ce:	5f 4f       	sbci	r21, 0xFF	; 255
     7d0:	0e c0       	rjmp	.+28     	; 0x7ee <__fixsfsi+0x9c>
     7d2:	20 e0       	ldi	r18, 0x00	; 0
     7d4:	30 e0       	ldi	r19, 0x00	; 0
     7d6:	40 e0       	ldi	r20, 0x00	; 0
     7d8:	50 e0       	ldi	r21, 0x00	; 0
     7da:	09 c0       	rjmp	.+18     	; 0x7ee <__fixsfsi+0x9c>
     7dc:	2f ef       	ldi	r18, 0xFF	; 255
     7de:	3f ef       	ldi	r19, 0xFF	; 255
     7e0:	4f ef       	ldi	r20, 0xFF	; 255
     7e2:	5f e7       	ldi	r21, 0x7F	; 127
     7e4:	04 c0       	rjmp	.+8      	; 0x7ee <__fixsfsi+0x9c>
     7e6:	20 e0       	ldi	r18, 0x00	; 0
     7e8:	30 e0       	ldi	r19, 0x00	; 0
     7ea:	40 e0       	ldi	r20, 0x00	; 0
     7ec:	50 e8       	ldi	r21, 0x80	; 128
     7ee:	b9 01       	movw	r22, r18
     7f0:	ca 01       	movw	r24, r20
     7f2:	2c 96       	adiw	r28, 0x0c	; 12
     7f4:	e2 e0       	ldi	r30, 0x02	; 2
     7f6:	0c 94 db 14 	jmp	0x29b6	; 0x29b6 <__epilogue_restores__+0x20>

000007fa <__pack_f>:
     7fa:	df 92       	push	r13
     7fc:	ef 92       	push	r14
     7fe:	ff 92       	push	r15
     800:	0f 93       	push	r16
     802:	1f 93       	push	r17
     804:	fc 01       	movw	r30, r24
     806:	e4 80       	ldd	r14, Z+4	; 0x04
     808:	f5 80       	ldd	r15, Z+5	; 0x05
     80a:	06 81       	ldd	r16, Z+6	; 0x06
     80c:	17 81       	ldd	r17, Z+7	; 0x07
     80e:	d1 80       	ldd	r13, Z+1	; 0x01
     810:	80 81       	ld	r24, Z
     812:	82 30       	cpi	r24, 0x02	; 2
     814:	48 f4       	brcc	.+18     	; 0x828 <__pack_f+0x2e>
     816:	80 e0       	ldi	r24, 0x00	; 0
     818:	90 e0       	ldi	r25, 0x00	; 0
     81a:	a0 e1       	ldi	r26, 0x10	; 16
     81c:	b0 e0       	ldi	r27, 0x00	; 0
     81e:	e8 2a       	or	r14, r24
     820:	f9 2a       	or	r15, r25
     822:	0a 2b       	or	r16, r26
     824:	1b 2b       	or	r17, r27
     826:	a5 c0       	rjmp	.+330    	; 0x972 <__stack+0x113>
     828:	84 30       	cpi	r24, 0x04	; 4
     82a:	09 f4       	brne	.+2      	; 0x82e <__pack_f+0x34>
     82c:	9f c0       	rjmp	.+318    	; 0x96c <__stack+0x10d>
     82e:	82 30       	cpi	r24, 0x02	; 2
     830:	21 f4       	brne	.+8      	; 0x83a <__pack_f+0x40>
     832:	ee 24       	eor	r14, r14
     834:	ff 24       	eor	r15, r15
     836:	87 01       	movw	r16, r14
     838:	05 c0       	rjmp	.+10     	; 0x844 <__pack_f+0x4a>
     83a:	e1 14       	cp	r14, r1
     83c:	f1 04       	cpc	r15, r1
     83e:	01 05       	cpc	r16, r1
     840:	11 05       	cpc	r17, r1
     842:	19 f4       	brne	.+6      	; 0x84a <__pack_f+0x50>
     844:	e0 e0       	ldi	r30, 0x00	; 0
     846:	f0 e0       	ldi	r31, 0x00	; 0
     848:	96 c0       	rjmp	.+300    	; 0x976 <__stack+0x117>
     84a:	62 81       	ldd	r22, Z+2	; 0x02
     84c:	73 81       	ldd	r23, Z+3	; 0x03
     84e:	9f ef       	ldi	r25, 0xFF	; 255
     850:	62 38       	cpi	r22, 0x82	; 130
     852:	79 07       	cpc	r23, r25
     854:	0c f0       	brlt	.+2      	; 0x858 <__pack_f+0x5e>
     856:	5b c0       	rjmp	.+182    	; 0x90e <__stack+0xaf>
     858:	22 e8       	ldi	r18, 0x82	; 130
     85a:	3f ef       	ldi	r19, 0xFF	; 255
     85c:	26 1b       	sub	r18, r22
     85e:	37 0b       	sbc	r19, r23
     860:	2a 31       	cpi	r18, 0x1A	; 26
     862:	31 05       	cpc	r19, r1
     864:	2c f0       	brlt	.+10     	; 0x870 <__stack+0x11>
     866:	20 e0       	ldi	r18, 0x00	; 0
     868:	30 e0       	ldi	r19, 0x00	; 0
     86a:	40 e0       	ldi	r20, 0x00	; 0
     86c:	50 e0       	ldi	r21, 0x00	; 0
     86e:	2a c0       	rjmp	.+84     	; 0x8c4 <__stack+0x65>
     870:	b8 01       	movw	r22, r16
     872:	a7 01       	movw	r20, r14
     874:	02 2e       	mov	r0, r18
     876:	04 c0       	rjmp	.+8      	; 0x880 <__stack+0x21>
     878:	76 95       	lsr	r23
     87a:	67 95       	ror	r22
     87c:	57 95       	ror	r21
     87e:	47 95       	ror	r20
     880:	0a 94       	dec	r0
     882:	d2 f7       	brpl	.-12     	; 0x878 <__stack+0x19>
     884:	81 e0       	ldi	r24, 0x01	; 1
     886:	90 e0       	ldi	r25, 0x00	; 0
     888:	a0 e0       	ldi	r26, 0x00	; 0
     88a:	b0 e0       	ldi	r27, 0x00	; 0
     88c:	04 c0       	rjmp	.+8      	; 0x896 <__stack+0x37>
     88e:	88 0f       	add	r24, r24
     890:	99 1f       	adc	r25, r25
     892:	aa 1f       	adc	r26, r26
     894:	bb 1f       	adc	r27, r27
     896:	2a 95       	dec	r18
     898:	d2 f7       	brpl	.-12     	; 0x88e <__stack+0x2f>
     89a:	01 97       	sbiw	r24, 0x01	; 1
     89c:	a1 09       	sbc	r26, r1
     89e:	b1 09       	sbc	r27, r1
     8a0:	8e 21       	and	r24, r14
     8a2:	9f 21       	and	r25, r15
     8a4:	a0 23       	and	r26, r16
     8a6:	b1 23       	and	r27, r17
     8a8:	00 97       	sbiw	r24, 0x00	; 0
     8aa:	a1 05       	cpc	r26, r1
     8ac:	b1 05       	cpc	r27, r1
     8ae:	21 f0       	breq	.+8      	; 0x8b8 <__stack+0x59>
     8b0:	81 e0       	ldi	r24, 0x01	; 1
     8b2:	90 e0       	ldi	r25, 0x00	; 0
     8b4:	a0 e0       	ldi	r26, 0x00	; 0
     8b6:	b0 e0       	ldi	r27, 0x00	; 0
     8b8:	9a 01       	movw	r18, r20
     8ba:	ab 01       	movw	r20, r22
     8bc:	28 2b       	or	r18, r24
     8be:	39 2b       	or	r19, r25
     8c0:	4a 2b       	or	r20, r26
     8c2:	5b 2b       	or	r21, r27
     8c4:	da 01       	movw	r26, r20
     8c6:	c9 01       	movw	r24, r18
     8c8:	8f 77       	andi	r24, 0x7F	; 127
     8ca:	90 70       	andi	r25, 0x00	; 0
     8cc:	a0 70       	andi	r26, 0x00	; 0
     8ce:	b0 70       	andi	r27, 0x00	; 0
     8d0:	80 34       	cpi	r24, 0x40	; 64
     8d2:	91 05       	cpc	r25, r1
     8d4:	a1 05       	cpc	r26, r1
     8d6:	b1 05       	cpc	r27, r1
     8d8:	39 f4       	brne	.+14     	; 0x8e8 <__stack+0x89>
     8da:	27 ff       	sbrs	r18, 7
     8dc:	09 c0       	rjmp	.+18     	; 0x8f0 <__stack+0x91>
     8de:	20 5c       	subi	r18, 0xC0	; 192
     8e0:	3f 4f       	sbci	r19, 0xFF	; 255
     8e2:	4f 4f       	sbci	r20, 0xFF	; 255
     8e4:	5f 4f       	sbci	r21, 0xFF	; 255
     8e6:	04 c0       	rjmp	.+8      	; 0x8f0 <__stack+0x91>
     8e8:	21 5c       	subi	r18, 0xC1	; 193
     8ea:	3f 4f       	sbci	r19, 0xFF	; 255
     8ec:	4f 4f       	sbci	r20, 0xFF	; 255
     8ee:	5f 4f       	sbci	r21, 0xFF	; 255
     8f0:	e0 e0       	ldi	r30, 0x00	; 0
     8f2:	f0 e0       	ldi	r31, 0x00	; 0
     8f4:	20 30       	cpi	r18, 0x00	; 0
     8f6:	a0 e0       	ldi	r26, 0x00	; 0
     8f8:	3a 07       	cpc	r19, r26
     8fa:	a0 e0       	ldi	r26, 0x00	; 0
     8fc:	4a 07       	cpc	r20, r26
     8fe:	a0 e4       	ldi	r26, 0x40	; 64
     900:	5a 07       	cpc	r21, r26
     902:	10 f0       	brcs	.+4      	; 0x908 <__stack+0xa9>
     904:	e1 e0       	ldi	r30, 0x01	; 1
     906:	f0 e0       	ldi	r31, 0x00	; 0
     908:	79 01       	movw	r14, r18
     90a:	8a 01       	movw	r16, r20
     90c:	27 c0       	rjmp	.+78     	; 0x95c <__stack+0xfd>
     90e:	60 38       	cpi	r22, 0x80	; 128
     910:	71 05       	cpc	r23, r1
     912:	64 f5       	brge	.+88     	; 0x96c <__stack+0x10d>
     914:	fb 01       	movw	r30, r22
     916:	e1 58       	subi	r30, 0x81	; 129
     918:	ff 4f       	sbci	r31, 0xFF	; 255
     91a:	d8 01       	movw	r26, r16
     91c:	c7 01       	movw	r24, r14
     91e:	8f 77       	andi	r24, 0x7F	; 127
     920:	90 70       	andi	r25, 0x00	; 0
     922:	a0 70       	andi	r26, 0x00	; 0
     924:	b0 70       	andi	r27, 0x00	; 0
     926:	80 34       	cpi	r24, 0x40	; 64
     928:	91 05       	cpc	r25, r1
     92a:	a1 05       	cpc	r26, r1
     92c:	b1 05       	cpc	r27, r1
     92e:	39 f4       	brne	.+14     	; 0x93e <__stack+0xdf>
     930:	e7 fe       	sbrs	r14, 7
     932:	0d c0       	rjmp	.+26     	; 0x94e <__stack+0xef>
     934:	80 e4       	ldi	r24, 0x40	; 64
     936:	90 e0       	ldi	r25, 0x00	; 0
     938:	a0 e0       	ldi	r26, 0x00	; 0
     93a:	b0 e0       	ldi	r27, 0x00	; 0
     93c:	04 c0       	rjmp	.+8      	; 0x946 <__stack+0xe7>
     93e:	8f e3       	ldi	r24, 0x3F	; 63
     940:	90 e0       	ldi	r25, 0x00	; 0
     942:	a0 e0       	ldi	r26, 0x00	; 0
     944:	b0 e0       	ldi	r27, 0x00	; 0
     946:	e8 0e       	add	r14, r24
     948:	f9 1e       	adc	r15, r25
     94a:	0a 1f       	adc	r16, r26
     94c:	1b 1f       	adc	r17, r27
     94e:	17 ff       	sbrs	r17, 7
     950:	05 c0       	rjmp	.+10     	; 0x95c <__stack+0xfd>
     952:	16 95       	lsr	r17
     954:	07 95       	ror	r16
     956:	f7 94       	ror	r15
     958:	e7 94       	ror	r14
     95a:	31 96       	adiw	r30, 0x01	; 1
     95c:	87 e0       	ldi	r24, 0x07	; 7
     95e:	16 95       	lsr	r17
     960:	07 95       	ror	r16
     962:	f7 94       	ror	r15
     964:	e7 94       	ror	r14
     966:	8a 95       	dec	r24
     968:	d1 f7       	brne	.-12     	; 0x95e <__stack+0xff>
     96a:	05 c0       	rjmp	.+10     	; 0x976 <__stack+0x117>
     96c:	ee 24       	eor	r14, r14
     96e:	ff 24       	eor	r15, r15
     970:	87 01       	movw	r16, r14
     972:	ef ef       	ldi	r30, 0xFF	; 255
     974:	f0 e0       	ldi	r31, 0x00	; 0
     976:	6e 2f       	mov	r22, r30
     978:	67 95       	ror	r22
     97a:	66 27       	eor	r22, r22
     97c:	67 95       	ror	r22
     97e:	90 2f       	mov	r25, r16
     980:	9f 77       	andi	r25, 0x7F	; 127
     982:	d7 94       	ror	r13
     984:	dd 24       	eor	r13, r13
     986:	d7 94       	ror	r13
     988:	8e 2f       	mov	r24, r30
     98a:	86 95       	lsr	r24
     98c:	49 2f       	mov	r20, r25
     98e:	46 2b       	or	r20, r22
     990:	58 2f       	mov	r21, r24
     992:	5d 29       	or	r21, r13
     994:	b7 01       	movw	r22, r14
     996:	ca 01       	movw	r24, r20
     998:	1f 91       	pop	r17
     99a:	0f 91       	pop	r16
     99c:	ff 90       	pop	r15
     99e:	ef 90       	pop	r14
     9a0:	df 90       	pop	r13
     9a2:	08 95       	ret

000009a4 <__unpack_f>:
     9a4:	fc 01       	movw	r30, r24
     9a6:	db 01       	movw	r26, r22
     9a8:	40 81       	ld	r20, Z
     9aa:	51 81       	ldd	r21, Z+1	; 0x01
     9ac:	22 81       	ldd	r18, Z+2	; 0x02
     9ae:	62 2f       	mov	r22, r18
     9b0:	6f 77       	andi	r22, 0x7F	; 127
     9b2:	70 e0       	ldi	r23, 0x00	; 0
     9b4:	22 1f       	adc	r18, r18
     9b6:	22 27       	eor	r18, r18
     9b8:	22 1f       	adc	r18, r18
     9ba:	93 81       	ldd	r25, Z+3	; 0x03
     9bc:	89 2f       	mov	r24, r25
     9be:	88 0f       	add	r24, r24
     9c0:	82 2b       	or	r24, r18
     9c2:	28 2f       	mov	r18, r24
     9c4:	30 e0       	ldi	r19, 0x00	; 0
     9c6:	99 1f       	adc	r25, r25
     9c8:	99 27       	eor	r25, r25
     9ca:	99 1f       	adc	r25, r25
     9cc:	11 96       	adiw	r26, 0x01	; 1
     9ce:	9c 93       	st	X, r25
     9d0:	11 97       	sbiw	r26, 0x01	; 1
     9d2:	21 15       	cp	r18, r1
     9d4:	31 05       	cpc	r19, r1
     9d6:	a9 f5       	brne	.+106    	; 0xa42 <__unpack_f+0x9e>
     9d8:	41 15       	cp	r20, r1
     9da:	51 05       	cpc	r21, r1
     9dc:	61 05       	cpc	r22, r1
     9de:	71 05       	cpc	r23, r1
     9e0:	11 f4       	brne	.+4      	; 0x9e6 <__unpack_f+0x42>
     9e2:	82 e0       	ldi	r24, 0x02	; 2
     9e4:	37 c0       	rjmp	.+110    	; 0xa54 <__unpack_f+0xb0>
     9e6:	82 e8       	ldi	r24, 0x82	; 130
     9e8:	9f ef       	ldi	r25, 0xFF	; 255
     9ea:	13 96       	adiw	r26, 0x03	; 3
     9ec:	9c 93       	st	X, r25
     9ee:	8e 93       	st	-X, r24
     9f0:	12 97       	sbiw	r26, 0x02	; 2
     9f2:	9a 01       	movw	r18, r20
     9f4:	ab 01       	movw	r20, r22
     9f6:	67 e0       	ldi	r22, 0x07	; 7
     9f8:	22 0f       	add	r18, r18
     9fa:	33 1f       	adc	r19, r19
     9fc:	44 1f       	adc	r20, r20
     9fe:	55 1f       	adc	r21, r21
     a00:	6a 95       	dec	r22
     a02:	d1 f7       	brne	.-12     	; 0x9f8 <__unpack_f+0x54>
     a04:	83 e0       	ldi	r24, 0x03	; 3
     a06:	8c 93       	st	X, r24
     a08:	0d c0       	rjmp	.+26     	; 0xa24 <__unpack_f+0x80>
     a0a:	22 0f       	add	r18, r18
     a0c:	33 1f       	adc	r19, r19
     a0e:	44 1f       	adc	r20, r20
     a10:	55 1f       	adc	r21, r21
     a12:	12 96       	adiw	r26, 0x02	; 2
     a14:	8d 91       	ld	r24, X+
     a16:	9c 91       	ld	r25, X
     a18:	13 97       	sbiw	r26, 0x03	; 3
     a1a:	01 97       	sbiw	r24, 0x01	; 1
     a1c:	13 96       	adiw	r26, 0x03	; 3
     a1e:	9c 93       	st	X, r25
     a20:	8e 93       	st	-X, r24
     a22:	12 97       	sbiw	r26, 0x02	; 2
     a24:	20 30       	cpi	r18, 0x00	; 0
     a26:	80 e0       	ldi	r24, 0x00	; 0
     a28:	38 07       	cpc	r19, r24
     a2a:	80 e0       	ldi	r24, 0x00	; 0
     a2c:	48 07       	cpc	r20, r24
     a2e:	80 e4       	ldi	r24, 0x40	; 64
     a30:	58 07       	cpc	r21, r24
     a32:	58 f3       	brcs	.-42     	; 0xa0a <__unpack_f+0x66>
     a34:	14 96       	adiw	r26, 0x04	; 4
     a36:	2d 93       	st	X+, r18
     a38:	3d 93       	st	X+, r19
     a3a:	4d 93       	st	X+, r20
     a3c:	5c 93       	st	X, r21
     a3e:	17 97       	sbiw	r26, 0x07	; 7
     a40:	08 95       	ret
     a42:	2f 3f       	cpi	r18, 0xFF	; 255
     a44:	31 05       	cpc	r19, r1
     a46:	79 f4       	brne	.+30     	; 0xa66 <__unpack_f+0xc2>
     a48:	41 15       	cp	r20, r1
     a4a:	51 05       	cpc	r21, r1
     a4c:	61 05       	cpc	r22, r1
     a4e:	71 05       	cpc	r23, r1
     a50:	19 f4       	brne	.+6      	; 0xa58 <__unpack_f+0xb4>
     a52:	84 e0       	ldi	r24, 0x04	; 4
     a54:	8c 93       	st	X, r24
     a56:	08 95       	ret
     a58:	64 ff       	sbrs	r22, 4
     a5a:	03 c0       	rjmp	.+6      	; 0xa62 <__unpack_f+0xbe>
     a5c:	81 e0       	ldi	r24, 0x01	; 1
     a5e:	8c 93       	st	X, r24
     a60:	12 c0       	rjmp	.+36     	; 0xa86 <__unpack_f+0xe2>
     a62:	1c 92       	st	X, r1
     a64:	10 c0       	rjmp	.+32     	; 0xa86 <__unpack_f+0xe2>
     a66:	2f 57       	subi	r18, 0x7F	; 127
     a68:	30 40       	sbci	r19, 0x00	; 0
     a6a:	13 96       	adiw	r26, 0x03	; 3
     a6c:	3c 93       	st	X, r19
     a6e:	2e 93       	st	-X, r18
     a70:	12 97       	sbiw	r26, 0x02	; 2
     a72:	83 e0       	ldi	r24, 0x03	; 3
     a74:	8c 93       	st	X, r24
     a76:	87 e0       	ldi	r24, 0x07	; 7
     a78:	44 0f       	add	r20, r20
     a7a:	55 1f       	adc	r21, r21
     a7c:	66 1f       	adc	r22, r22
     a7e:	77 1f       	adc	r23, r23
     a80:	8a 95       	dec	r24
     a82:	d1 f7       	brne	.-12     	; 0xa78 <__unpack_f+0xd4>
     a84:	70 64       	ori	r23, 0x40	; 64
     a86:	14 96       	adiw	r26, 0x04	; 4
     a88:	4d 93       	st	X+, r20
     a8a:	5d 93       	st	X+, r21
     a8c:	6d 93       	st	X+, r22
     a8e:	7c 93       	st	X, r23
     a90:	17 97       	sbiw	r26, 0x07	; 7
     a92:	08 95       	ret

00000a94 <__fpcmp_parts_f>:
     a94:	1f 93       	push	r17
     a96:	dc 01       	movw	r26, r24
     a98:	fb 01       	movw	r30, r22
     a9a:	9c 91       	ld	r25, X
     a9c:	92 30       	cpi	r25, 0x02	; 2
     a9e:	08 f4       	brcc	.+2      	; 0xaa2 <__fpcmp_parts_f+0xe>
     aa0:	47 c0       	rjmp	.+142    	; 0xb30 <__fpcmp_parts_f+0x9c>
     aa2:	80 81       	ld	r24, Z
     aa4:	82 30       	cpi	r24, 0x02	; 2
     aa6:	08 f4       	brcc	.+2      	; 0xaaa <__fpcmp_parts_f+0x16>
     aa8:	43 c0       	rjmp	.+134    	; 0xb30 <__fpcmp_parts_f+0x9c>
     aaa:	94 30       	cpi	r25, 0x04	; 4
     aac:	51 f4       	brne	.+20     	; 0xac2 <__fpcmp_parts_f+0x2e>
     aae:	11 96       	adiw	r26, 0x01	; 1
     ab0:	1c 91       	ld	r17, X
     ab2:	84 30       	cpi	r24, 0x04	; 4
     ab4:	99 f5       	brne	.+102    	; 0xb1c <__fpcmp_parts_f+0x88>
     ab6:	81 81       	ldd	r24, Z+1	; 0x01
     ab8:	68 2f       	mov	r22, r24
     aba:	70 e0       	ldi	r23, 0x00	; 0
     abc:	61 1b       	sub	r22, r17
     abe:	71 09       	sbc	r23, r1
     ac0:	3f c0       	rjmp	.+126    	; 0xb40 <__fpcmp_parts_f+0xac>
     ac2:	84 30       	cpi	r24, 0x04	; 4
     ac4:	21 f0       	breq	.+8      	; 0xace <__fpcmp_parts_f+0x3a>
     ac6:	92 30       	cpi	r25, 0x02	; 2
     ac8:	31 f4       	brne	.+12     	; 0xad6 <__fpcmp_parts_f+0x42>
     aca:	82 30       	cpi	r24, 0x02	; 2
     acc:	b9 f1       	breq	.+110    	; 0xb3c <__fpcmp_parts_f+0xa8>
     ace:	81 81       	ldd	r24, Z+1	; 0x01
     ad0:	88 23       	and	r24, r24
     ad2:	89 f1       	breq	.+98     	; 0xb36 <__fpcmp_parts_f+0xa2>
     ad4:	2d c0       	rjmp	.+90     	; 0xb30 <__fpcmp_parts_f+0x9c>
     ad6:	11 96       	adiw	r26, 0x01	; 1
     ad8:	1c 91       	ld	r17, X
     ada:	11 97       	sbiw	r26, 0x01	; 1
     adc:	82 30       	cpi	r24, 0x02	; 2
     ade:	f1 f0       	breq	.+60     	; 0xb1c <__fpcmp_parts_f+0x88>
     ae0:	81 81       	ldd	r24, Z+1	; 0x01
     ae2:	18 17       	cp	r17, r24
     ae4:	d9 f4       	brne	.+54     	; 0xb1c <__fpcmp_parts_f+0x88>
     ae6:	12 96       	adiw	r26, 0x02	; 2
     ae8:	2d 91       	ld	r18, X+
     aea:	3c 91       	ld	r19, X
     aec:	13 97       	sbiw	r26, 0x03	; 3
     aee:	82 81       	ldd	r24, Z+2	; 0x02
     af0:	93 81       	ldd	r25, Z+3	; 0x03
     af2:	82 17       	cp	r24, r18
     af4:	93 07       	cpc	r25, r19
     af6:	94 f0       	brlt	.+36     	; 0xb1c <__fpcmp_parts_f+0x88>
     af8:	28 17       	cp	r18, r24
     afa:	39 07       	cpc	r19, r25
     afc:	bc f0       	brlt	.+46     	; 0xb2c <__fpcmp_parts_f+0x98>
     afe:	14 96       	adiw	r26, 0x04	; 4
     b00:	8d 91       	ld	r24, X+
     b02:	9d 91       	ld	r25, X+
     b04:	0d 90       	ld	r0, X+
     b06:	bc 91       	ld	r27, X
     b08:	a0 2d       	mov	r26, r0
     b0a:	24 81       	ldd	r18, Z+4	; 0x04
     b0c:	35 81       	ldd	r19, Z+5	; 0x05
     b0e:	46 81       	ldd	r20, Z+6	; 0x06
     b10:	57 81       	ldd	r21, Z+7	; 0x07
     b12:	28 17       	cp	r18, r24
     b14:	39 07       	cpc	r19, r25
     b16:	4a 07       	cpc	r20, r26
     b18:	5b 07       	cpc	r21, r27
     b1a:	18 f4       	brcc	.+6      	; 0xb22 <__fpcmp_parts_f+0x8e>
     b1c:	11 23       	and	r17, r17
     b1e:	41 f0       	breq	.+16     	; 0xb30 <__fpcmp_parts_f+0x9c>
     b20:	0a c0       	rjmp	.+20     	; 0xb36 <__fpcmp_parts_f+0xa2>
     b22:	82 17       	cp	r24, r18
     b24:	93 07       	cpc	r25, r19
     b26:	a4 07       	cpc	r26, r20
     b28:	b5 07       	cpc	r27, r21
     b2a:	40 f4       	brcc	.+16     	; 0xb3c <__fpcmp_parts_f+0xa8>
     b2c:	11 23       	and	r17, r17
     b2e:	19 f0       	breq	.+6      	; 0xb36 <__fpcmp_parts_f+0xa2>
     b30:	61 e0       	ldi	r22, 0x01	; 1
     b32:	70 e0       	ldi	r23, 0x00	; 0
     b34:	05 c0       	rjmp	.+10     	; 0xb40 <__fpcmp_parts_f+0xac>
     b36:	6f ef       	ldi	r22, 0xFF	; 255
     b38:	7f ef       	ldi	r23, 0xFF	; 255
     b3a:	02 c0       	rjmp	.+4      	; 0xb40 <__fpcmp_parts_f+0xac>
     b3c:	60 e0       	ldi	r22, 0x00	; 0
     b3e:	70 e0       	ldi	r23, 0x00	; 0
     b40:	cb 01       	movw	r24, r22
     b42:	1f 91       	pop	r17
     b44:	08 95       	ret

00000b46 <BUZZER_init>:
/*
 * Description :
 * Function to setup the direction of buzzer as output pin and turn off buzzer initially using gpio.
 */
void BUZZER_init(void)
{
     b46:	df 93       	push	r29
     b48:	cf 93       	push	r28
     b4a:	cd b7       	in	r28, 0x3d	; 61
     b4c:	de b7       	in	r29, 0x3e	; 62
	GPIO_setupPinDirection(BUZZER_PORT_ID, BUZZER_PIN_ID, PIN_OUTPUT);
     b4e:	82 e0       	ldi	r24, 0x02	; 2
     b50:	67 e0       	ldi	r22, 0x07	; 7
     b52:	41 e0       	ldi	r20, 0x01	; 1
     b54:	0e 94 d9 0a 	call	0x15b2	; 0x15b2 <GPIO_setupPinDirection>
	GPIO_writePin(BUZZER_PORT_ID, BUZZER_PIN_ID, TURN_OFF_BUZZER);
     b58:	82 e0       	ldi	r24, 0x02	; 2
     b5a:	67 e0       	ldi	r22, 0x07	; 7
     b5c:	40 e0       	ldi	r20, 0x00	; 0
     b5e:	0e 94 c4 0b 	call	0x1788	; 0x1788 <GPIO_writePin>
}
     b62:	cf 91       	pop	r28
     b64:	df 91       	pop	r29
     b66:	08 95       	ret

00000b68 <BUZZER_on>:
/*
 * Description :
 * Function to turn on the buzzer using gpio.
 */
void BUZZER_on(void)
{
     b68:	df 93       	push	r29
     b6a:	cf 93       	push	r28
     b6c:	cd b7       	in	r28, 0x3d	; 61
     b6e:	de b7       	in	r29, 0x3e	; 62
	GPIO_writePin(BUZZER_PORT_ID, BUZZER_PIN_ID, TURN_ON_BUZZER);
     b70:	82 e0       	ldi	r24, 0x02	; 2
     b72:	67 e0       	ldi	r22, 0x07	; 7
     b74:	41 e0       	ldi	r20, 0x01	; 1
     b76:	0e 94 c4 0b 	call	0x1788	; 0x1788 <GPIO_writePin>
}
     b7a:	cf 91       	pop	r28
     b7c:	df 91       	pop	r29
     b7e:	08 95       	ret

00000b80 <BUZZER_off>:
/*
 * Description :
 * Function to turn off the buzzer using gpio .
 */
void BUZZER_off(void)
{
     b80:	df 93       	push	r29
     b82:	cf 93       	push	r28
     b84:	cd b7       	in	r28, 0x3d	; 61
     b86:	de b7       	in	r29, 0x3e	; 62
	GPIO_writePin(BUZZER_PORT_ID, BUZZER_PIN_ID, TURN_OFF_BUZZER);
     b88:	82 e0       	ldi	r24, 0x02	; 2
     b8a:	67 e0       	ldi	r22, 0x07	; 7
     b8c:	40 e0       	ldi	r20, 0x00	; 0
     b8e:	0e 94 c4 0b 	call	0x1788	; 0x1788 <GPIO_writePin>
}
     b92:	cf 91       	pop	r28
     b94:	df 91       	pop	r29
     b96:	08 95       	ret

00000b98 <BUZZER_toggle>:
/*
 * Description :
 * Function to Toggle the buzzer sound using gpio .
 */
void BUZZER_toggle(void)
{
     b98:	df 93       	push	r29
     b9a:	cf 93       	push	r28
     b9c:	cd b7       	in	r28, 0x3d	; 61
     b9e:	de b7       	in	r29, 0x3e	; 62
	GPIO_togglePin(BUZZER_PORT_ID, BUZZER_PIN_ID);
     ba0:	82 e0       	ldi	r24, 0x02	; 2
     ba2:	67 e0       	ldi	r22, 0x07	; 7
     ba4:	0e 94 4a 0d 	call	0x1a94	; 0x1a94 <GPIO_togglePin>
}
     ba8:	cf 91       	pop	r28
     baa:	df 91       	pop	r29
     bac:	08 95       	ret

00000bae <main>:
static uint8 g_passwordArray1[5],g_passwordArray2[5];

static volatile uint8 g_tick=0;
/*********************  Main Function  ******************/
int main(void)
{
     bae:	df 93       	push	r29
     bb0:	cf 93       	push	r28
     bb2:	cd b7       	in	r28, 0x3d	; 61
     bb4:	de b7       	in	r29, 0x3e	; 62
     bb6:	ae 97       	sbiw	r28, 0x2e	; 46
     bb8:	0f b6       	in	r0, 0x3f	; 63
     bba:	f8 94       	cli
     bbc:	de bf       	out	0x3e, r29	; 62
     bbe:	0f be       	out	0x3f, r0	; 63
     bc0:	cd bf       	out	0x3d, r28	; 61

	PWM_config Pwm_configuration={PWM0,NON_INVERTING,PWM_F_CPU_1024};
     bc2:	9e 01       	movw	r18, r28
     bc4:	2b 5f       	subi	r18, 0xFB	; 251
     bc6:	3f 4f       	sbci	r19, 0xFF	; 255
     bc8:	3c 8f       	std	Y+28, r19	; 0x1c
     bca:	2b 8f       	std	Y+27, r18	; 0x1b
     bcc:	89 e7       	ldi	r24, 0x79	; 121
     bce:	90 e0       	ldi	r25, 0x00	; 0
     bd0:	9e 8f       	std	Y+30, r25	; 0x1e
     bd2:	8d 8f       	std	Y+29, r24	; 0x1d
     bd4:	93 e0       	ldi	r25, 0x03	; 3
     bd6:	9f 8f       	std	Y+31, r25	; 0x1f
     bd8:	ed 8d       	ldd	r30, Y+29	; 0x1d
     bda:	fe 8d       	ldd	r31, Y+30	; 0x1e
     bdc:	00 80       	ld	r0, Z
     bde:	2d 8d       	ldd	r18, Y+29	; 0x1d
     be0:	3e 8d       	ldd	r19, Y+30	; 0x1e
     be2:	2f 5f       	subi	r18, 0xFF	; 255
     be4:	3f 4f       	sbci	r19, 0xFF	; 255
     be6:	3e 8f       	std	Y+30, r19	; 0x1e
     be8:	2d 8f       	std	Y+29, r18	; 0x1d
     bea:	eb 8d       	ldd	r30, Y+27	; 0x1b
     bec:	fc 8d       	ldd	r31, Y+28	; 0x1c
     bee:	00 82       	st	Z, r0
     bf0:	2b 8d       	ldd	r18, Y+27	; 0x1b
     bf2:	3c 8d       	ldd	r19, Y+28	; 0x1c
     bf4:	2f 5f       	subi	r18, 0xFF	; 255
     bf6:	3f 4f       	sbci	r19, 0xFF	; 255
     bf8:	3c 8f       	std	Y+28, r19	; 0x1c
     bfa:	2b 8f       	std	Y+27, r18	; 0x1b
     bfc:	3f 8d       	ldd	r19, Y+31	; 0x1f
     bfe:	31 50       	subi	r19, 0x01	; 1
     c00:	3f 8f       	std	Y+31, r19	; 0x1f
     c02:	8f 8d       	ldd	r24, Y+31	; 0x1f
     c04:	88 23       	and	r24, r24
     c06:	41 f7       	brne	.-48     	; 0xbd8 <main+0x2a>
	Timer_ConfigType Timer_configuration={0,0,Timer1,TIMER_F_CPU_1024,Compare_Mode};
     c08:	fe 01       	movw	r30, r28
     c0a:	38 96       	adiw	r30, 0x08	; 8
     c0c:	f9 a3       	std	Y+33, r31	; 0x21
     c0e:	e8 a3       	std	Y+32, r30	; 0x20
     c10:	22 e7       	ldi	r18, 0x72	; 114
     c12:	30 e0       	ldi	r19, 0x00	; 0
     c14:	3b a3       	std	Y+35, r19	; 0x23
     c16:	2a a3       	std	Y+34, r18	; 0x22
     c18:	37 e0       	ldi	r19, 0x07	; 7
     c1a:	3c a3       	std	Y+36, r19	; 0x24
     c1c:	ea a1       	ldd	r30, Y+34	; 0x22
     c1e:	fb a1       	ldd	r31, Y+35	; 0x23
     c20:	00 80       	ld	r0, Z
     c22:	2a a1       	ldd	r18, Y+34	; 0x22
     c24:	3b a1       	ldd	r19, Y+35	; 0x23
     c26:	2f 5f       	subi	r18, 0xFF	; 255
     c28:	3f 4f       	sbci	r19, 0xFF	; 255
     c2a:	3b a3       	std	Y+35, r19	; 0x23
     c2c:	2a a3       	std	Y+34, r18	; 0x22
     c2e:	e8 a1       	ldd	r30, Y+32	; 0x20
     c30:	f9 a1       	ldd	r31, Y+33	; 0x21
     c32:	00 82       	st	Z, r0
     c34:	28 a1       	ldd	r18, Y+32	; 0x20
     c36:	39 a1       	ldd	r19, Y+33	; 0x21
     c38:	2f 5f       	subi	r18, 0xFF	; 255
     c3a:	3f 4f       	sbci	r19, 0xFF	; 255
     c3c:	39 a3       	std	Y+33, r19	; 0x21
     c3e:	28 a3       	std	Y+32, r18	; 0x20
     c40:	3c a1       	ldd	r19, Y+36	; 0x24
     c42:	31 50       	subi	r19, 0x01	; 1
     c44:	3c a3       	std	Y+36, r19	; 0x24
     c46:	8c a1       	ldd	r24, Y+36	; 0x24
     c48:	88 23       	and	r24, r24
     c4a:	41 f7       	brne	.-48     	; 0xc1c <main+0x6e>
	UART_ConfigType Uart_configuration={CHARACTER_SIZE_8,EVEN_PARITY,STOP_1BIT,9600};
     c4c:	fe 01       	movw	r30, r28
     c4e:	3f 96       	adiw	r30, 0x0f	; 15
     c50:	fe a3       	std	Y+38, r31	; 0x26
     c52:	ed a3       	std	Y+37, r30	; 0x25
     c54:	2b e6       	ldi	r18, 0x6B	; 107
     c56:	30 e0       	ldi	r19, 0x00	; 0
     c58:	38 a7       	std	Y+40, r19	; 0x28
     c5a:	2f a3       	std	Y+39, r18	; 0x27
     c5c:	37 e0       	ldi	r19, 0x07	; 7
     c5e:	39 a7       	std	Y+41, r19	; 0x29
     c60:	ef a1       	ldd	r30, Y+39	; 0x27
     c62:	f8 a5       	ldd	r31, Y+40	; 0x28
     c64:	00 80       	ld	r0, Z
     c66:	2f a1       	ldd	r18, Y+39	; 0x27
     c68:	38 a5       	ldd	r19, Y+40	; 0x28
     c6a:	2f 5f       	subi	r18, 0xFF	; 255
     c6c:	3f 4f       	sbci	r19, 0xFF	; 255
     c6e:	38 a7       	std	Y+40, r19	; 0x28
     c70:	2f a3       	std	Y+39, r18	; 0x27
     c72:	ed a1       	ldd	r30, Y+37	; 0x25
     c74:	fe a1       	ldd	r31, Y+38	; 0x26
     c76:	00 82       	st	Z, r0
     c78:	2d a1       	ldd	r18, Y+37	; 0x25
     c7a:	3e a1       	ldd	r19, Y+38	; 0x26
     c7c:	2f 5f       	subi	r18, 0xFF	; 255
     c7e:	3f 4f       	sbci	r19, 0xFF	; 255
     c80:	3e a3       	std	Y+38, r19	; 0x26
     c82:	2d a3       	std	Y+37, r18	; 0x25
     c84:	39 a5       	ldd	r19, Y+41	; 0x29
     c86:	31 50       	subi	r19, 0x01	; 1
     c88:	39 a7       	std	Y+41, r19	; 0x29
     c8a:	89 a5       	ldd	r24, Y+41	; 0x29
     c8c:	88 23       	and	r24, r24
     c8e:	41 f7       	brne	.-48     	; 0xc60 <main+0xb2>
	I2c_ConfigType	I2c_configuration= {0x01,0x02,TWI_Prescaler_1};
     c90:	fe 01       	movw	r30, r28
     c92:	76 96       	adiw	r30, 0x16	; 22
     c94:	fb a7       	std	Y+43, r31	; 0x2b
     c96:	ea a7       	std	Y+42, r30	; 0x2a
     c98:	28 e6       	ldi	r18, 0x68	; 104
     c9a:	30 e0       	ldi	r19, 0x00	; 0
     c9c:	3d a7       	std	Y+45, r19	; 0x2d
     c9e:	2c a7       	std	Y+44, r18	; 0x2c
     ca0:	33 e0       	ldi	r19, 0x03	; 3
     ca2:	3e a7       	std	Y+46, r19	; 0x2e
     ca4:	ec a5       	ldd	r30, Y+44	; 0x2c
     ca6:	fd a5       	ldd	r31, Y+45	; 0x2d
     ca8:	00 80       	ld	r0, Z
     caa:	2c a5       	ldd	r18, Y+44	; 0x2c
     cac:	3d a5       	ldd	r19, Y+45	; 0x2d
     cae:	2f 5f       	subi	r18, 0xFF	; 255
     cb0:	3f 4f       	sbci	r19, 0xFF	; 255
     cb2:	3d a7       	std	Y+45, r19	; 0x2d
     cb4:	2c a7       	std	Y+44, r18	; 0x2c
     cb6:	ea a5       	ldd	r30, Y+42	; 0x2a
     cb8:	fb a5       	ldd	r31, Y+43	; 0x2b
     cba:	00 82       	st	Z, r0
     cbc:	2a a5       	ldd	r18, Y+42	; 0x2a
     cbe:	3b a5       	ldd	r19, Y+43	; 0x2b
     cc0:	2f 5f       	subi	r18, 0xFF	; 255
     cc2:	3f 4f       	sbci	r19, 0xFF	; 255
     cc4:	3b a7       	std	Y+43, r19	; 0x2b
     cc6:	2a a7       	std	Y+42, r18	; 0x2a
     cc8:	3e a5       	ldd	r19, Y+46	; 0x2e
     cca:	31 50       	subi	r19, 0x01	; 1
     ccc:	3e a7       	std	Y+46, r19	; 0x2e
     cce:	8e a5       	ldd	r24, Y+46	; 0x2e
     cd0:	88 23       	and	r24, r24
     cd2:	41 f7       	brne	.-48     	; 0xca4 <main+0xf6>
	TWI_init(&I2c_configuration);
     cd4:	ce 01       	movw	r24, r28
     cd6:	46 96       	adiw	r24, 0x16	; 22
     cd8:	0e 94 df 12 	call	0x25be	; 0x25be <TWI_init>
	/*Enable Global Interrupt*/
	SREG_REG.Bits.I_Bit=1;
     cdc:	ef e5       	ldi	r30, 0x5F	; 95
     cde:	f0 e0       	ldi	r31, 0x00	; 0
     ce0:	80 81       	ld	r24, Z
     ce2:	80 68       	ori	r24, 0x80	; 128
     ce4:	80 83       	st	Z, r24
	UART_init(&Uart_configuration);
     ce6:	ce 01       	movw	r24, r28
     ce8:	0f 96       	adiw	r24, 0x0f	; 15
     cea:	0e 94 73 13 	call	0x26e6	; 0x26e6 <UART_init>
	/*Set timer1 to call back */
	Timer_setCallBack(timer1_SetRequiredCallBackFunction, Timer1);
     cee:	84 eb       	ldi	r24, 0xB4	; 180
     cf0:	97 e0       	ldi	r25, 0x07	; 7
     cf2:	61 e0       	ldi	r22, 0x01	; 1
     cf4:	0e 94 17 11 	call	0x222e	; 0x222e <Timer_setCallBack>
	/*Initialize password*/
	BUZZER_init();
     cf8:	0e 94 a3 05 	call	0xb46	; 0xb46 <BUZZER_init>
	/*Initialize motor*/
	DcMOTOR_init();
     cfc:	0e 94 55 08 	call	0x10aa	; 0x10aa <DcMOTOR_init>

	while(1)
	{
		switch(g_MC2_application_sequence)
     d00:	80 91 7c 00 	lds	r24, 0x007C
     d04:	e8 2f       	mov	r30, r24
     d06:	f0 e0       	ldi	r31, 0x00	; 0
     d08:	fa 8f       	std	Y+26, r31	; 0x1a
     d0a:	e9 8f       	std	Y+25, r30	; 0x19
     d0c:	29 8d       	ldd	r18, Y+25	; 0x19
     d0e:	3a 8d       	ldd	r19, Y+26	; 0x1a
     d10:	22 30       	cpi	r18, 0x02	; 2
     d12:	31 05       	cpc	r19, r1
     d14:	09 f4       	brne	.+2      	; 0xd18 <main+0x16a>
     d16:	43 c0       	rjmp	.+134    	; 0xd9e <main+0x1f0>
     d18:	89 8d       	ldd	r24, Y+25	; 0x19
     d1a:	9a 8d       	ldd	r25, Y+26	; 0x1a
     d1c:	83 30       	cpi	r24, 0x03	; 3
     d1e:	91 05       	cpc	r25, r1
     d20:	54 f4       	brge	.+20     	; 0xd36 <main+0x188>
     d22:	e9 8d       	ldd	r30, Y+25	; 0x19
     d24:	fa 8d       	ldd	r31, Y+26	; 0x1a
     d26:	30 97       	sbiw	r30, 0x00	; 0
     d28:	91 f0       	breq	.+36     	; 0xd4e <main+0x1a0>
     d2a:	29 8d       	ldd	r18, Y+25	; 0x19
     d2c:	3a 8d       	ldd	r19, Y+26	; 0x1a
     d2e:	21 30       	cpi	r18, 0x01	; 1
     d30:	31 05       	cpc	r19, r1
     d32:	c9 f0       	breq	.+50     	; 0xd66 <main+0x1b8>
     d34:	e5 cf       	rjmp	.-54     	; 0xd00 <main+0x152>
     d36:	89 8d       	ldd	r24, Y+25	; 0x19
     d38:	9a 8d       	ldd	r25, Y+26	; 0x1a
     d3a:	83 30       	cpi	r24, 0x03	; 3
     d3c:	91 05       	cpc	r25, r1
     d3e:	d9 f1       	breq	.+118    	; 0xdb6 <main+0x208>
     d40:	e9 8d       	ldd	r30, Y+25	; 0x19
     d42:	fa 8d       	ldd	r31, Y+26	; 0x1a
     d44:	e4 30       	cpi	r30, 0x04	; 4
     d46:	f1 05       	cpc	r31, r1
     d48:	09 f4       	brne	.+2      	; 0xd4c <main+0x19e>
     d4a:	b1 c0       	rjmp	.+354    	; 0xeae <main+0x300>
     d4c:	d9 cf       	rjmp	.-78     	; 0xd00 <main+0x152>
		{
		case RECEIVING_PASSWORDS_STAGE:

			/*Receive the first password enter by user*/
			receive_Password(g_passwordArray1);
     d4e:	8e e7       	ldi	r24, 0x7E	; 126
     d50:	90 e0       	ldi	r25, 0x00	; 0
     d52:	0e 94 c0 07 	call	0xf80	; 0xf80 <receive_Password>

			/*Receive the re-enterd password enter by user*/
			receive_Password(g_passwordArray2);
     d56:	83 e8       	ldi	r24, 0x83	; 131
     d58:	90 e0       	ldi	r25, 0x00	; 0
     d5a:	0e 94 c0 07 	call	0xf80	; 0xf80 <receive_Password>

			/* Increment Stage for next loop (go to CHECK_PASSWORDS_MATCHING_STAGE )*/
			g_MC2_application_sequence=CHECK_PASSWORDS_MATCHING_STAGE;
     d5e:	81 e0       	ldi	r24, 0x01	; 1
     d60:	80 93 7c 00 	sts	0x007C, r24
     d64:	cd cf       	rjmp	.-102    	; 0xd00 <main+0x152>
			break;

		case CHECK_PASSWORDS_MATCHING_STAGE:
		{

			uint8 twoPassowrdState=check_TwoPasswords(g_passwordArray1,g_passwordArray2);
     d66:	8e e7       	ldi	r24, 0x7E	; 126
     d68:	90 e0       	ldi	r25, 0x00	; 0
     d6a:	23 e8       	ldi	r18, 0x83	; 131
     d6c:	30 e0       	ldi	r19, 0x00	; 0
     d6e:	b9 01       	movw	r22, r18
     d70:	0e 94 f0 07 	call	0xfe0	; 0xfe0 <check_TwoPasswords>
     d74:	8c 83       	std	Y+4, r24	; 0x04
                  /*Two passwords are matched*/
			if(twoPassowrdState == MATCHED)
     d76:	8c 81       	ldd	r24, Y+4	; 0x04
     d78:	84 36       	cpi	r24, 0x64	; 100
     d7a:	39 f4       	brne	.+14     	; 0xd8a <main+0x1dc>
			{
				/*Send to HMI_ECU that the two password are matched*/
				send_Byte(MATCHED);
     d7c:	84 e6       	ldi	r24, 0x64	; 100
     d7e:	0e 94 3d 08 	call	0x107a	; 0x107a <send_Byte>

				/*save passwords */
				g_MC2_application_sequence=SAVE_PASSWORD_INTO_EEPROM_STAGE;
     d82:	82 e0       	ldi	r24, 0x02	; 2
     d84:	80 93 7c 00 	sts	0x007C, r24
     d88:	bb cf       	rjmp	.-138    	; 0xd00 <main+0x152>
			}
			/*/*Two passwords are NOT matched*/
			else if(twoPassowrdState == NOT_MATCHED)
     d8a:	8c 81       	ldd	r24, Y+4	; 0x04
     d8c:	82 33       	cpi	r24, 0x32	; 50
     d8e:	09 f0       	breq	.+2      	; 0xd92 <main+0x1e4>
     d90:	b7 cf       	rjmp	.-146    	; 0xd00 <main+0x152>
			{
				/*Send to HMI_ECU that the two password are matched*/
				send_Byte(NOT_MATCHED);
     d92:	82 e3       	ldi	r24, 0x32	; 50
     d94:	0e 94 3d 08 	call	0x107a	; 0x107a <send_Byte>

				/*Go to RECEIVING_PASSWORDS_STAGE*/
				g_MC2_application_sequence=RECEIVING_PASSWORDS_STAGE;
     d98:	10 92 7c 00 	sts	0x007C, r1
     d9c:	b1 cf       	rjmp	.-158    	; 0xd00 <main+0x152>
			break;
		}
		case SAVE_PASSWORD_INTO_EEPROM_STAGE:

			/*Write the password in EEPROM at index start from 0x0000 to 0x0000+(PASWWORD_SIZE-1)*/
			EEPROM_writeArray(0X0000, g_passwordArray1, PASSWORD_SIZE);
     d9e:	2e e7       	ldi	r18, 0x7E	; 126
     da0:	30 e0       	ldi	r19, 0x00	; 0
     da2:	80 e0       	ldi	r24, 0x00	; 0
     da4:	90 e0       	ldi	r25, 0x00	; 0
     da6:	b9 01       	movw	r22, r18
     da8:	45 e0       	ldi	r20, 0x05	; 5
     daa:	0e 94 84 09 	call	0x1308	; 0x1308 <EEPROM_writeArray>

			/* Increment Stage for next loop (go to MAIN_MENU_OPTION_STAGE )*/
			g_MC2_application_sequence=MAIN_MENU_OPTION_STAGE;
     dae:	83 e0       	ldi	r24, 0x03	; 3
     db0:	80 93 7c 00 	sts	0x007C, r24
     db4:	a5 cf       	rjmp	.-182    	; 0xd00 <main+0x152>
		{
			/*NOTE : i made this block scope bec. i want the local varriables defined in this case just to be local for its case*/
			uint8 twoPasswordState;

			/*Receive the password enter from user after choise an + or - option in main option menu*/
			receive_Password(g_passwordArray2);
     db6:	83 e8       	ldi	r24, 0x83	; 131
     db8:	90 e0       	ldi	r25, 0x00	; 0
     dba:	0e 94 c0 07 	call	0xf80	; 0xf80 <receive_Password>

			/*read the old password stored in the EEPROM*/
			EEPROM_readArray(0X0000, g_passwordArray1, PASSWORD_SIZE);
     dbe:	2e e7       	ldi	r18, 0x7E	; 126
     dc0:	30 e0       	ldi	r19, 0x00	; 0
     dc2:	80 e0       	ldi	r24, 0x00	; 0
     dc4:	90 e0       	ldi	r25, 0x00	; 0
     dc6:	b9 01       	movw	r22, r18
     dc8:	45 e0       	ldi	r20, 0x05	; 5
     dca:	0e 94 2d 0a 	call	0x145a	; 0x145a <EEPROM_readArray>

			/*Compare the oldest password stored in EEPROM with the Password enter via user*/
			twoPasswordState=check_TwoPasswords(g_passwordArray1, g_passwordArray2);
     dce:	8e e7       	ldi	r24, 0x7E	; 126
     dd0:	90 e0       	ldi	r25, 0x00	; 0
     dd2:	23 e8       	ldi	r18, 0x83	; 131
     dd4:	30 e0       	ldi	r19, 0x00	; 0
     dd6:	b9 01       	movw	r22, r18
     dd8:	0e 94 f0 07 	call	0xfe0	; 0xfe0 <check_TwoPasswords>
     ddc:	8b 83       	std	Y+3, r24	; 0x03

			/*if two password are matched then make for user what he/she choose in main menu option*/
			if(twoPasswordState==MATCHED)
     dde:	8b 81       	ldd	r24, Y+3	; 0x03
     de0:	84 36       	cpi	r24, 0x64	; 100
     de2:	d1 f4       	brne	.+52     	; 0xe18 <main+0x26a>
			{
				uint8 recieveByte;

				/*Send Matched to HMI ECU*/
				send_Byte(MATCHED);
     de4:	84 e6       	ldi	r24, 0x64	; 100
     de6:	0e 94 3d 08 	call	0x107a	; 0x107a <send_Byte>

				recieveByte=recieve_Byte();
     dea:	0e 94 26 08 	call	0x104c	; 0x104c <recieve_Byte>
     dee:	8a 83       	std	Y+2, r24	; 0x02

				if(recieveByte=='+')
     df0:	8a 81       	ldd	r24, Y+2	; 0x02
     df2:	8b 32       	cpi	r24, 0x2B	; 43
     df4:	39 f4       	brne	.+14     	; 0xe04 <main+0x256>
				{
					/*send to HMI ECU 3 which is indication for HMI ECU to go to OPEN_DOOR_STAGE in HMI ECU for displaying the required messages */
					send_Byte(3);
     df6:	83 e0       	ldi	r24, 0x03	; 3
     df8:	0e 94 3d 08 	call	0x107a	; 0x107a <send_Byte>

					/* Increment Stage for next loop (go to OPEN_DOOR_STAGE to unlocking/locking the door )*/
					g_MC2_application_sequence=OPEN_DOOR_STAGE;
     dfc:	84 e0       	ldi	r24, 0x04	; 4
     dfe:	80 93 7c 00 	sts	0x007C, r24
     e02:	7e cf       	rjmp	.-260    	; 0xd00 <main+0x152>
				}
				else if (recieveByte=='-')
     e04:	8a 81       	ldd	r24, Y+2	; 0x02
     e06:	8d 32       	cpi	r24, 0x2D	; 45
     e08:	09 f0       	breq	.+2      	; 0xe0c <main+0x25e>
     e0a:	7a cf       	rjmp	.-268    	; 0xd00 <main+0x152>
				{
					/*send to HMI ECU 0 which is indication for HMI ECU to go to CREATE_PASSWORD_STAGE in HMI ECU */
					send_Byte(0);
     e0c:	80 e0       	ldi	r24, 0x00	; 0
     e0e:	0e 94 3d 08 	call	0x107a	; 0x107a <send_Byte>

					/* go to first  Stage RECEIVING_PASSWORDS_STAGE in CONTROL ECU to make a new password again*/
					g_MC2_application_sequence=RECEIVING_PASSWORDS_STAGE;
     e12:	10 92 7c 00 	sts	0x007C, r1
     e16:	74 cf       	rjmp	.-280    	; 0xd00 <main+0x152>
				else
				{
					/*Do Nothing*/
				}
			}
			else if (twoPasswordState==NOT_MATCHED)
     e18:	8b 81       	ldd	r24, Y+3	; 0x03
     e1a:	82 33       	cpi	r24, 0x32	; 50
     e1c:	09 f0       	breq	.+2      	; 0xe20 <main+0x272>
     e1e:	70 cf       	rjmp	.-288    	; 0xd00 <main+0x152>
			{
				uint8 count;

				send_Byte(NOT_MATCHED);
     e20:	82 e3       	ldi	r24, 0x32	; 50
     e22:	0e 94 3d 08 	call	0x107a	; 0x107a <send_Byte>
				for(count=0;count<2;count++)
     e26:	19 82       	std	Y+1, r1	; 0x01
     e28:	22 c0       	rjmp	.+68     	; 0xe6e <main+0x2c0>
				{
					/*Receive the entered password by user*/
					receive_Password(g_passwordArray2);
     e2a:	83 e8       	ldi	r24, 0x83	; 131
     e2c:	90 e0       	ldi	r25, 0x00	; 0
     e2e:	0e 94 c0 07 	call	0xf80	; 0xf80 <receive_Password>

					/*Read the password already stored in External EEPROM*/
					EEPROM_readArray(0X0000, g_passwordArray1, PASSWORD_SIZE);
     e32:	2e e7       	ldi	r18, 0x7E	; 126
     e34:	30 e0       	ldi	r19, 0x00	; 0
     e36:	80 e0       	ldi	r24, 0x00	; 0
     e38:	90 e0       	ldi	r25, 0x00	; 0
     e3a:	b9 01       	movw	r22, r18
     e3c:	45 e0       	ldi	r20, 0x05	; 5
     e3e:	0e 94 2d 0a 	call	0x145a	; 0x145a <EEPROM_readArray>

					if(check_TwoPasswords(g_passwordArray1, g_passwordArray2)==MATCHED)
     e42:	8e e7       	ldi	r24, 0x7E	; 126
     e44:	90 e0       	ldi	r25, 0x00	; 0
     e46:	23 e8       	ldi	r18, 0x83	; 131
     e48:	30 e0       	ldi	r19, 0x00	; 0
     e4a:	b9 01       	movw	r22, r18
     e4c:	0e 94 f0 07 	call	0xfe0	; 0xfe0 <check_TwoPasswords>
     e50:	84 36       	cpi	r24, 0x64	; 100
     e52:	39 f4       	brne	.+14     	; 0xe62 <main+0x2b4>
					{
						/*Send the HMI ECU that two password are matched*/
						send_Byte(MATCHED);
     e54:	84 e6       	ldi	r24, 0x64	; 100
     e56:	0e 94 3d 08 	call	0x107a	; 0x107a <send_Byte>

						/*go to MAIN_MENU_OPTION_STAGE where the user choose again what he want  */
						g_MC2_application_sequence=MAIN_MENU_OPTION_STAGE;
     e5a:	83 e0       	ldi	r24, 0x03	; 3
     e5c:	80 93 7c 00 	sts	0x007C, r24
     e60:	09 c0       	rjmp	.+18     	; 0xe74 <main+0x2c6>
						break;
					}
					else
					{
						send_Byte(NOT_MATCHED);
     e62:	82 e3       	ldi	r24, 0x32	; 50
     e64:	0e 94 3d 08 	call	0x107a	; 0x107a <send_Byte>
			else if (twoPasswordState==NOT_MATCHED)
			{
				uint8 count;

				send_Byte(NOT_MATCHED);
				for(count=0;count<2;count++)
     e68:	89 81       	ldd	r24, Y+1	; 0x01
     e6a:	8f 5f       	subi	r24, 0xFF	; 255
     e6c:	89 83       	std	Y+1, r24	; 0x01
     e6e:	89 81       	ldd	r24, Y+1	; 0x01
     e70:	82 30       	cpi	r24, 0x02	; 2
     e72:	d8 f2       	brcs	.-74     	; 0xe2a <main+0x27c>
					{
						send_Byte(NOT_MATCHED);
					}
				}

				if(count==2)
     e74:	89 81       	ldd	r24, Y+1	; 0x01
     e76:	82 30       	cpi	r24, 0x02	; 2
     e78:	b1 f4       	brne	.+44     	; 0xea6 <main+0x2f8>
				{


					Timer_configuration.timer_compare_MatchValue=46875;
     e7a:	8b e1       	ldi	r24, 0x1B	; 27
     e7c:	97 eb       	ldi	r25, 0xB7	; 183
     e7e:	9b 87       	std	Y+11, r25	; 0x0b
     e80:	8a 87       	std	Y+10, r24	; 0x0a

					Timer_init(&Timer_configuration);
     e82:	ce 01       	movw	r24, r28
     e84:	08 96       	adiw	r24, 0x08	; 8
     e86:	0e 94 81 0f 	call	0x1f02	; 0x1f02 <Timer_init>

					BUZZER_on();
     e8a:	0e 94 b4 05 	call	0xb68	; 0xb68 <BUZZER_on>
					while(g_tick < 10)
     e8e:	80 91 7d 00 	lds	r24, 0x007D
     e92:	8a 30       	cpi	r24, 0x0A	; 10
     e94:	e0 f3       	brcs	.-8      	; 0xe8e <main+0x2e0>
					{

					}

					/*stop timer1 via using deInit() Function*/
					Timer_DeInit(Timer1);
     e96:	81 e0       	ldi	r24, 0x01	; 1
     e98:	90 e0       	ldi	r25, 0x00	; 0
     e9a:	0e 94 50 11 	call	0x22a0	; 0x22a0 <Timer_DeInit>

					g_tick=0;
     e9e:	10 92 7d 00 	sts	0x007D, r1

					/*Turn off the buzzer after the 1 min ends*/
					BUZZER_off();
     ea2:	0e 94 c0 05 	call	0xb80	; 0xb80 <BUZZER_off>
				}
					/* go to MAIN_MENU_OPTION_STAGE */
					g_MC2_application_sequence=MAIN_MENU_OPTION_STAGE;
     ea6:	83 e0       	ldi	r24, 0x03	; 3
     ea8:	80 93 7c 00 	sts	0x007C, r24
     eac:	29 cf       	rjmp	.-430    	; 0xd00 <main+0x152>
			}
		}
			break;
		case OPEN_DOOR_STAGE:

			Timer_configuration.timer_compare_MatchValue=58594;
     eae:	82 ee       	ldi	r24, 0xE2	; 226
     eb0:	94 ee       	ldi	r25, 0xE4	; 228
     eb2:	9b 87       	std	Y+11, r25	; 0x0b
     eb4:	8a 87       	std	Y+10, r24	; 0x0a

			/*Intialize PWM of timer0*/
			PWM_init(&Pwm_configuration);
     eb6:	ce 01       	movw	r24, r28
     eb8:	05 96       	adiw	r24, 0x05	; 5
     eba:	0e 94 b7 0e 	call	0x1d6e	; 0x1d6e <PWM_init>

			/*Initialize Timer 1*/
			Timer_init(&Timer_configuration);
     ebe:	ce 01       	movw	r24, r28
     ec0:	08 96       	adiw	r24, 0x08	; 8
     ec2:	0e 94 81 0f 	call	0x1f02	; 0x1f02 <Timer_init>

			/*Turn on the motor clockwise */
			DCMOTOR_rotateWithControl(ROTATE_CLOCKWISE, 100, FIRST_DC_MOTOR, PWM0);
     ec6:	81 e0       	ldi	r24, 0x01	; 1
     ec8:	64 e6       	ldi	r22, 0x64	; 100
     eca:	41 e0       	ldi	r20, 0x01	; 1
     ecc:	20 e0       	ldi	r18, 0x00	; 0
     ece:	0e 94 75 08 	call	0x10ea	; 0x10ea <DCMOTOR_rotateWithControl>

			/*Wait for 15 sec Rotating motor clockwise*/
			while(g_tick<2){};
     ed2:	80 91 7d 00 	lds	r24, 0x007D
     ed6:	82 30       	cpi	r24, 0x02	; 2
     ed8:	e0 f3       	brcs	.-8      	; 0xed2 <main+0x324>

			/*Stop Timer1*/
			Timer_DeInit(Timer1);
     eda:	81 e0       	ldi	r24, 0x01	; 1
     edc:	90 e0       	ldi	r25, 0x00	; 0
     ede:	0e 94 50 11 	call	0x22a0	; 0x22a0 <Timer_DeInit>

			g_tick=0;
     ee2:	10 92 7d 00 	sts	0x007D, r1

			/*stop the dc motor */
			DCMOTOR_rotateWithControl(STOP_ROTATION, 0, FIRST_DC_MOTOR, PWM0);
     ee6:	80 e0       	ldi	r24, 0x00	; 0
     ee8:	60 e0       	ldi	r22, 0x00	; 0
     eea:	41 e0       	ldi	r20, 0x01	; 1
     eec:	20 e0       	ldi	r18, 0x00	; 0
     eee:	0e 94 75 08 	call	0x10ea	; 0x10ea <DCMOTOR_rotateWithControl>

			//set Compare value = 23438
			Timer_configuration.timer_compare_MatchValue=23438;
     ef2:	8e e8       	ldi	r24, 0x8E	; 142
     ef4:	9b e5       	ldi	r25, 0x5B	; 91
     ef6:	9b 87       	std	Y+11, r25	; 0x0b
     ef8:	8a 87       	std	Y+10, r24	; 0x0a
			Timer_init(&Timer_configuration);
     efa:	ce 01       	movw	r24, r28
     efc:	08 96       	adiw	r24, 0x08	; 8
     efe:	0e 94 81 0f 	call	0x1f02	; 0x1f02 <Timer_init>

			/*wait for 3 sec and the motor is stop*/
			while(g_tick<1){};
     f02:	80 91 7d 00 	lds	r24, 0x007D
     f06:	88 23       	and	r24, r24
     f08:	e1 f3       	breq	.-8      	; 0xf02 <main+0x354>

			while(PIR_Motion()==MOTION_DECTECTED);
     f0a:	0e 94 a8 0e 	call	0x1d50	; 0x1d50 <PIR_Motion>
     f0e:	81 30       	cpi	r24, 0x01	; 1
     f10:	e1 f3       	breq	.-8      	; 0xf0a <main+0x35c>

			send_Byte(NO_MOTION_DECTECTED);
     f12:	80 e0       	ldi	r24, 0x00	; 0
     f14:	0e 94 3d 08 	call	0x107a	; 0x107a <send_Byte>

			/*Stop Timer1*/
			Timer_DeInit(Timer1);
     f18:	81 e0       	ldi	r24, 0x01	; 1
     f1a:	90 e0       	ldi	r25, 0x00	; 0
     f1c:	0e 94 50 11 	call	0x22a0	; 0x22a0 <Timer_DeInit>

			g_tick=0;
     f20:	10 92 7d 00 	sts	0x007D, r1

			/*Turn on the motor clockwise */
			DCMOTOR_rotateWithControl(ROTATE_ANTI_CLOCKWISE, 100, FIRST_DC_MOTOR, PWM0);
     f24:	82 e0       	ldi	r24, 0x02	; 2
     f26:	64 e6       	ldi	r22, 0x64	; 100
     f28:	41 e0       	ldi	r20, 0x01	; 1
     f2a:	20 e0       	ldi	r18, 0x00	; 0
     f2c:	0e 94 75 08 	call	0x10ea	; 0x10ea <DCMOTOR_rotateWithControl>

			Timer_configuration.timer_compare_MatchValue=58594;
     f30:	82 ee       	ldi	r24, 0xE2	; 226
     f32:	94 ee       	ldi	r25, 0xE4	; 228
     f34:	9b 87       	std	Y+11, r25	; 0x0b
     f36:	8a 87       	std	Y+10, r24	; 0x0a
			/*Initialize Timer 1*/
			Timer_init(&Timer_configuration);
     f38:	ce 01       	movw	r24, r28
     f3a:	08 96       	adiw	r24, 0x08	; 8
     f3c:	0e 94 81 0f 	call	0x1f02	; 0x1f02 <Timer_init>

			/*Wait for 15 sec*/
			while(g_tick<2){};
     f40:	80 91 7d 00 	lds	r24, 0x007D
     f44:	82 30       	cpi	r24, 0x02	; 2
     f46:	e0 f3       	brcs	.-8      	; 0xf40 <main+0x392>

			/*Stop Timer1*/
			Timer_DeInit(Timer1);
     f48:	81 e0       	ldi	r24, 0x01	; 1
     f4a:	90 e0       	ldi	r25, 0x00	; 0
     f4c:	0e 94 50 11 	call	0x22a0	; 0x22a0 <Timer_DeInit>

			g_tick=0;
     f50:	10 92 7d 00 	sts	0x007D, r1
			/*Turn off the motor*/
			DCMOTOR_rotateWithControl(STOP_ROTATION, 0, FIRST_DC_MOTOR, PWM0);
     f54:	80 e0       	ldi	r24, 0x00	; 0
     f56:	60 e0       	ldi	r22, 0x00	; 0
     f58:	41 e0       	ldi	r20, 0x01	; 1
     f5a:	20 e0       	ldi	r18, 0x00	; 0
     f5c:	0e 94 75 08 	call	0x10ea	; 0x10ea <DCMOTOR_rotateWithControl>

			g_MC2_application_sequence=MAIN_MENU_OPTION_STAGE;
     f60:	83 e0       	ldi	r24, 0x03	; 3
     f62:	80 93 7c 00 	sts	0x007C, r24
     f66:	cc ce       	rjmp	.-616    	; 0xd00 <main+0x152>

00000f68 <timer1_SetRequiredCallBackFunction>:
	}


/*   Functions Definitions  */
void timer1_SetRequiredCallBackFunction(void)
{
     f68:	df 93       	push	r29
     f6a:	cf 93       	push	r28
     f6c:	cd b7       	in	r28, 0x3d	; 61
     f6e:	de b7       	in	r29, 0x3e	; 62
	g_tick++;
     f70:	80 91 7d 00 	lds	r24, 0x007D
     f74:	8f 5f       	subi	r24, 0xFF	; 255
     f76:	80 93 7d 00 	sts	0x007D, r24
}
     f7a:	cf 91       	pop	r28
     f7c:	df 91       	pop	r29
     f7e:	08 95       	ret

00000f80 <receive_Password>:
/*
 * Function Description :
 * Receiving Password entered by the user from HMI_ECU and store it in array defined global
 */
void receive_Password(uint8* a_PasswordArray)
{
     f80:	0f 93       	push	r16
     f82:	1f 93       	push	r17
     f84:	df 93       	push	r29
     f86:	cf 93       	push	r28
     f88:	00 d0       	rcall	.+0      	; 0xf8a <receive_Password+0xa>
     f8a:	0f 92       	push	r0
     f8c:	cd b7       	in	r28, 0x3d	; 61
     f8e:	de b7       	in	r29, 0x3e	; 62
     f90:	9b 83       	std	Y+3, r25	; 0x03
     f92:	8a 83       	std	Y+2, r24	; 0x02
	uint8 i=0;
     f94:	19 82       	std	Y+1, r1	; 0x01
	while(UART_recieveByte()!=READY);
     f96:	0e 94 11 14 	call	0x2822	; 0x2822 <UART_recieveByte>
     f9a:	8f 3f       	cpi	r24, 0xFF	; 255
     f9c:	e1 f7       	brne	.-8      	; 0xf96 <receive_Password+0x16>
	UART_sendByte(READY);
     f9e:	8f ef       	ldi	r24, 0xFF	; 255
     fa0:	0e 94 fd 13 	call	0x27fa	; 0x27fa <UART_sendByte>
     fa4:	0f c0       	rjmp	.+30     	; 0xfc4 <receive_Password+0x44>
	while(i<PASSWORD_SIZE)
	{
		a_PasswordArray[i]=UART_recieveByte();
     fa6:	89 81       	ldd	r24, Y+1	; 0x01
     fa8:	28 2f       	mov	r18, r24
     faa:	30 e0       	ldi	r19, 0x00	; 0
     fac:	8a 81       	ldd	r24, Y+2	; 0x02
     fae:	9b 81       	ldd	r25, Y+3	; 0x03
     fb0:	8c 01       	movw	r16, r24
     fb2:	02 0f       	add	r16, r18
     fb4:	13 1f       	adc	r17, r19
     fb6:	0e 94 11 14 	call	0x2822	; 0x2822 <UART_recieveByte>
     fba:	f8 01       	movw	r30, r16
     fbc:	80 83       	st	Z, r24
		i++;
     fbe:	89 81       	ldd	r24, Y+1	; 0x01
     fc0:	8f 5f       	subi	r24, 0xFF	; 255
     fc2:	89 83       	std	Y+1, r24	; 0x01
void receive_Password(uint8* a_PasswordArray)
{
	uint8 i=0;
	while(UART_recieveByte()!=READY);
	UART_sendByte(READY);
	while(i<PASSWORD_SIZE)
     fc4:	89 81       	ldd	r24, Y+1	; 0x01
     fc6:	85 30       	cpi	r24, 0x05	; 5
     fc8:	70 f3       	brcs	.-36     	; 0xfa6 <receive_Password+0x26>
	{
		a_PasswordArray[i]=UART_recieveByte();
		i++;

	}
	UART_sendByte(DONE);
     fca:	8e ef       	ldi	r24, 0xFE	; 254
     fcc:	0e 94 fd 13 	call	0x27fa	; 0x27fa <UART_sendByte>
}
     fd0:	0f 90       	pop	r0
     fd2:	0f 90       	pop	r0
     fd4:	0f 90       	pop	r0
     fd6:	cf 91       	pop	r28
     fd8:	df 91       	pop	r29
     fda:	1f 91       	pop	r17
     fdc:	0f 91       	pop	r16
     fde:	08 95       	ret

00000fe0 <check_TwoPasswords>:


uint8 check_TwoPasswords(uint8 *Password_array1,uint8 *Password_array2)
{
     fe0:	df 93       	push	r29
     fe2:	cf 93       	push	r28
     fe4:	00 d0       	rcall	.+0      	; 0xfe6 <check_TwoPasswords+0x6>
     fe6:	00 d0       	rcall	.+0      	; 0xfe8 <check_TwoPasswords+0x8>
     fe8:	00 d0       	rcall	.+0      	; 0xfea <check_TwoPasswords+0xa>
     fea:	cd b7       	in	r28, 0x3d	; 61
     fec:	de b7       	in	r29, 0x3e	; 62
     fee:	9b 83       	std	Y+3, r25	; 0x03
     ff0:	8a 83       	std	Y+2, r24	; 0x02
     ff2:	7d 83       	std	Y+5, r23	; 0x05
     ff4:	6c 83       	std	Y+4, r22	; 0x04
	uint8 i;
	for(i=0;i<PASSWORD_SIZE;i++)
     ff6:	19 82       	std	Y+1, r1	; 0x01
     ff8:	1a c0       	rjmp	.+52     	; 0x102e <check_TwoPasswords+0x4e>
	{
		if(Password_array1[i]!=Password_array2[i])
     ffa:	89 81       	ldd	r24, Y+1	; 0x01
     ffc:	28 2f       	mov	r18, r24
     ffe:	30 e0       	ldi	r19, 0x00	; 0
    1000:	8a 81       	ldd	r24, Y+2	; 0x02
    1002:	9b 81       	ldd	r25, Y+3	; 0x03
    1004:	fc 01       	movw	r30, r24
    1006:	e2 0f       	add	r30, r18
    1008:	f3 1f       	adc	r31, r19
    100a:	40 81       	ld	r20, Z
    100c:	89 81       	ldd	r24, Y+1	; 0x01
    100e:	28 2f       	mov	r18, r24
    1010:	30 e0       	ldi	r19, 0x00	; 0
    1012:	8c 81       	ldd	r24, Y+4	; 0x04
    1014:	9d 81       	ldd	r25, Y+5	; 0x05
    1016:	fc 01       	movw	r30, r24
    1018:	e2 0f       	add	r30, r18
    101a:	f3 1f       	adc	r31, r19
    101c:	80 81       	ld	r24, Z
    101e:	48 17       	cp	r20, r24
    1020:	19 f0       	breq	.+6      	; 0x1028 <check_TwoPasswords+0x48>
		{
			return NOT_MATCHED;
    1022:	82 e3       	ldi	r24, 0x32	; 50
    1024:	8e 83       	std	Y+6, r24	; 0x06
    1026:	08 c0       	rjmp	.+16     	; 0x1038 <check_TwoPasswords+0x58>


uint8 check_TwoPasswords(uint8 *Password_array1,uint8 *Password_array2)
{
	uint8 i;
	for(i=0;i<PASSWORD_SIZE;i++)
    1028:	89 81       	ldd	r24, Y+1	; 0x01
    102a:	8f 5f       	subi	r24, 0xFF	; 255
    102c:	89 83       	std	Y+1, r24	; 0x01
    102e:	89 81       	ldd	r24, Y+1	; 0x01
    1030:	85 30       	cpi	r24, 0x05	; 5
    1032:	18 f3       	brcs	.-58     	; 0xffa <check_TwoPasswords+0x1a>
		if(Password_array1[i]!=Password_array2[i])
		{
			return NOT_MATCHED;
		}
	}
	return MATCHED;
    1034:	84 e6       	ldi	r24, 0x64	; 100
    1036:	8e 83       	std	Y+6, r24	; 0x06
    1038:	8e 81       	ldd	r24, Y+6	; 0x06
}
    103a:	26 96       	adiw	r28, 0x06	; 6
    103c:	0f b6       	in	r0, 0x3f	; 63
    103e:	f8 94       	cli
    1040:	de bf       	out	0x3e, r29	; 62
    1042:	0f be       	out	0x3f, r0	; 63
    1044:	cd bf       	out	0x3d, r28	; 61
    1046:	cf 91       	pop	r28
    1048:	df 91       	pop	r29
    104a:	08 95       	ret

0000104c <recieve_Byte>:

// Receiving data from the UART in the HMI_ECU

uint8 recieve_Byte(void)
{
    104c:	df 93       	push	r29
    104e:	cf 93       	push	r28
    1050:	0f 92       	push	r0
    1052:	cd b7       	in	r28, 0x3d	; 61
    1054:	de b7       	in	r29, 0x3e	; 62
	uint8 byte;
	while(UART_recieveByte() != READY){}
    1056:	0e 94 11 14 	call	0x2822	; 0x2822 <UART_recieveByte>
    105a:	8f 3f       	cpi	r24, 0xFF	; 255
    105c:	e1 f7       	brne	.-8      	; 0x1056 <recieve_Byte+0xa>
	UART_sendByte(READY);
    105e:	8f ef       	ldi	r24, 0xFF	; 255
    1060:	0e 94 fd 13 	call	0x27fa	; 0x27fa <UART_sendByte>
	byte=UART_recieveByte();
    1064:	0e 94 11 14 	call	0x2822	; 0x2822 <UART_recieveByte>
    1068:	89 83       	std	Y+1, r24	; 0x01
	UART_sendByte(DONE);
    106a:	8e ef       	ldi	r24, 0xFE	; 254
    106c:	0e 94 fd 13 	call	0x27fa	; 0x27fa <UART_sendByte>
	return byte;
    1070:	89 81       	ldd	r24, Y+1	; 0x01
}
    1072:	0f 90       	pop	r0
    1074:	cf 91       	pop	r28
    1076:	df 91       	pop	r29
    1078:	08 95       	ret

0000107a <send_Byte>:

 // Sending data to the UART in the HMI_ECU

void send_Byte(uint8 byte)
{
    107a:	df 93       	push	r29
    107c:	cf 93       	push	r28
    107e:	0f 92       	push	r0
    1080:	cd b7       	in	r28, 0x3d	; 61
    1082:	de b7       	in	r29, 0x3e	; 62
    1084:	89 83       	std	Y+1, r24	; 0x01
	UART_sendByte(READY);
    1086:	8f ef       	ldi	r24, 0xFF	; 255
    1088:	0e 94 fd 13 	call	0x27fa	; 0x27fa <UART_sendByte>
	while(UART_recieveByte() != READY){}
    108c:	0e 94 11 14 	call	0x2822	; 0x2822 <UART_recieveByte>
    1090:	8f 3f       	cpi	r24, 0xFF	; 255
    1092:	e1 f7       	brne	.-8      	; 0x108c <send_Byte+0x12>
	UART_sendByte(byte);
    1094:	89 81       	ldd	r24, Y+1	; 0x01
    1096:	0e 94 fd 13 	call	0x27fa	; 0x27fa <UART_sendByte>
	while(UART_recieveByte() != DONE){}
    109a:	0e 94 11 14 	call	0x2822	; 0x2822 <UART_recieveByte>
    109e:	8e 3f       	cpi	r24, 0xFE	; 254
    10a0:	e1 f7       	brne	.-8      	; 0x109a <send_Byte+0x20>
}
    10a2:	0f 90       	pop	r0
    10a4:	cf 91       	pop	r28
    10a6:	df 91       	pop	r29
    10a8:	08 95       	ret

000010aa <DcMOTOR_init>:
/* Description:
 * The Function to initialize the motors pin and setup the direction for the two motor
 * via using GPIO driver.
 */
void DcMOTOR_init(void)
{
    10aa:	df 93       	push	r29
    10ac:	cf 93       	push	r28
    10ae:	cd b7       	in	r28, 0x3d	; 61
    10b0:	de b7       	in	r29, 0x3e	; 62
#if defined (USE_FIRST_DC_MOTOR_WITH_CONTROL_SPEED)||defined(USE_FIRST_DC_MOTOR_WITHOUT_CONTROL_SPEED)
	/*define FIRST_DC_MOTOR_IN1_PIN_ID and FIRST_DC_MOTOR_IN2_PIN_ID as output pins */
	GPIO_setupPinDirection(DC_MOTOR_PORT_ID, FIRST_DC_MOTOR_IN1_PIN_ID, PIN_OUTPUT);
    10b2:	83 e0       	ldi	r24, 0x03	; 3
    10b4:	66 e0       	ldi	r22, 0x06	; 6
    10b6:	41 e0       	ldi	r20, 0x01	; 1
    10b8:	0e 94 d9 0a 	call	0x15b2	; 0x15b2 <GPIO_setupPinDirection>
	GPIO_setupPinDirection(DC_MOTOR_PORT_ID, FIRST_DC_MOTOR_IN2_PIN_ID, PIN_OUTPUT);
    10bc:	83 e0       	ldi	r24, 0x03	; 3
    10be:	67 e0       	ldi	r22, 0x07	; 7
    10c0:	41 e0       	ldi	r20, 0x01	; 1
    10c2:	0e 94 d9 0a 	call	0x15b2	; 0x15b2 <GPIO_setupPinDirection>
	/*Initially Stop the First Motor */
	GPIO_writePin(DC_MOTOR_PORT_ID, FIRST_DC_MOTOR_IN1_PIN_ID, LOGIC_LOW);
    10c6:	83 e0       	ldi	r24, 0x03	; 3
    10c8:	66 e0       	ldi	r22, 0x06	; 6
    10ca:	40 e0       	ldi	r20, 0x00	; 0
    10cc:	0e 94 c4 0b 	call	0x1788	; 0x1788 <GPIO_writePin>
	GPIO_writePin(DC_MOTOR_PORT_ID, FIRST_DC_MOTOR_IN2_PIN_ID, LOGIC_LOW);
    10d0:	83 e0       	ldi	r24, 0x03	; 3
    10d2:	67 e0       	ldi	r22, 0x07	; 7
    10d4:	40 e0       	ldi	r20, 0x00	; 0
    10d6:	0e 94 c4 0b 	call	0x1788	; 0x1788 <GPIO_writePin>
#ifdef USE_FIRST_DC_MOTOR_WITH_CONTROL_SPEED
	/*define Enable pin of first motor as output pin*/
	GPIO_setupPinDirection(DC_MOTOR_ENABLE_PORT_ID, FIRST_DC_MOTOR_ENABLE_PIN_ID, PIN_OUTPUT);
    10da:	81 e0       	ldi	r24, 0x01	; 1
    10dc:	63 e0       	ldi	r22, 0x03	; 3
    10de:	41 e0       	ldi	r20, 0x01	; 1
    10e0:	0e 94 d9 0a 	call	0x15b2	; 0x15b2 <GPIO_setupPinDirection>
#ifdef USE_SECOND_DC_MOTOR_WITH_CONTROL_SPEED
	/*define Enable pin of second motor as output pin*/
	GPIO_setupPinDirection(DC_MOTOR_ENABLE_PORT_ID, SECOND_DC_MOTOR_ENABLE_PIN_ID, PIN_OUTPUT);
#endif
#endif
}
    10e4:	cf 91       	pop	r28
    10e6:	df 91       	pop	r29
    10e8:	08 95       	ret

000010ea <DCMOTOR_rotateWithControl>:
 * The function that rotate the DC Motor clock wise ,anti-clockwise or stop the motor
 * In this Function we can control the speed via using PWM
 */
#if defined(USE_FIRST_DC_MOTOR_WITH_CONTROL_SPEED) ||defined( USE_SECOND_DC_MOTOR_WITH_CONTROL_SPEED)
void DCMOTOR_rotateWithControl(uint8 a_state,uint8 a_speed,uint8 a_motorNum,uint8 a_PwmNumUsed)
{
    10ea:	df 93       	push	r29
    10ec:	cf 93       	push	r28
    10ee:	00 d0       	rcall	.+0      	; 0x10f0 <DCMOTOR_rotateWithControl+0x6>
    10f0:	00 d0       	rcall	.+0      	; 0x10f2 <DCMOTOR_rotateWithControl+0x8>
    10f2:	cd b7       	in	r28, 0x3d	; 61
    10f4:	de b7       	in	r29, 0x3e	; 62
    10f6:	89 83       	std	Y+1, r24	; 0x01
    10f8:	6a 83       	std	Y+2, r22	; 0x02
    10fa:	4b 83       	std	Y+3, r20	; 0x03
    10fc:	2c 83       	std	Y+4, r18	; 0x04
	if(a_motorNum==FIRST_DC_MOTOR)
    10fe:	8b 81       	ldd	r24, Y+3	; 0x03
    1100:	81 30       	cpi	r24, 0x01	; 1
    1102:	71 f5       	brne	.+92     	; 0x1160 <DCMOTOR_rotateWithControl+0x76>
		{
			if(STOP_ROTATION==a_state)
    1104:	89 81       	ldd	r24, Y+1	; 0x01
    1106:	88 23       	and	r24, r24
    1108:	59 f4       	brne	.+22     	; 0x1120 <DCMOTOR_rotateWithControl+0x36>
			{
				GPIO_writePin(DC_MOTOR_PORT_ID, FIRST_DC_MOTOR_IN1_PIN_ID, LOGIC_LOW);
    110a:	83 e0       	ldi	r24, 0x03	; 3
    110c:	66 e0       	ldi	r22, 0x06	; 6
    110e:	40 e0       	ldi	r20, 0x00	; 0
    1110:	0e 94 c4 0b 	call	0x1788	; 0x1788 <GPIO_writePin>
				GPIO_writePin(DC_MOTOR_PORT_ID, FIRST_DC_MOTOR_IN2_PIN_ID, LOGIC_LOW);
    1114:	83 e0       	ldi	r24, 0x03	; 3
    1116:	67 e0       	ldi	r22, 0x07	; 7
    1118:	40 e0       	ldi	r20, 0x00	; 0
    111a:	0e 94 c4 0b 	call	0x1788	; 0x1788 <GPIO_writePin>
    111e:	1b c0       	rjmp	.+54     	; 0x1156 <DCMOTOR_rotateWithControl+0x6c>
			}
			else if(ROTATE_CLOCKWISE==a_state)
    1120:	89 81       	ldd	r24, Y+1	; 0x01
    1122:	81 30       	cpi	r24, 0x01	; 1
    1124:	59 f4       	brne	.+22     	; 0x113c <DCMOTOR_rotateWithControl+0x52>
			{
				GPIO_writePin(DC_MOTOR_PORT_ID, FIRST_DC_MOTOR_IN1_PIN_ID, LOGIC_LOW);
    1126:	83 e0       	ldi	r24, 0x03	; 3
    1128:	66 e0       	ldi	r22, 0x06	; 6
    112a:	40 e0       	ldi	r20, 0x00	; 0
    112c:	0e 94 c4 0b 	call	0x1788	; 0x1788 <GPIO_writePin>
				GPIO_writePin(DC_MOTOR_PORT_ID, FIRST_DC_MOTOR_IN2_PIN_ID, LOGIC_HIGH);
    1130:	83 e0       	ldi	r24, 0x03	; 3
    1132:	67 e0       	ldi	r22, 0x07	; 7
    1134:	41 e0       	ldi	r20, 0x01	; 1
    1136:	0e 94 c4 0b 	call	0x1788	; 0x1788 <GPIO_writePin>
    113a:	0d c0       	rjmp	.+26     	; 0x1156 <DCMOTOR_rotateWithControl+0x6c>
			}
			else if(ROTATE_ANTI_CLOCKWISE==a_state)
    113c:	89 81       	ldd	r24, Y+1	; 0x01
    113e:	82 30       	cpi	r24, 0x02	; 2
    1140:	51 f4       	brne	.+20     	; 0x1156 <DCMOTOR_rotateWithControl+0x6c>
			{
				GPIO_writePin(DC_MOTOR_PORT_ID, FIRST_DC_MOTOR_IN1_PIN_ID, LOGIC_HIGH);
    1142:	83 e0       	ldi	r24, 0x03	; 3
    1144:	66 e0       	ldi	r22, 0x06	; 6
    1146:	41 e0       	ldi	r20, 0x01	; 1
    1148:	0e 94 c4 0b 	call	0x1788	; 0x1788 <GPIO_writePin>
				GPIO_writePin(DC_MOTOR_PORT_ID, FIRST_DC_MOTOR_IN2_PIN_ID, LOGIC_LOW);
    114c:	83 e0       	ldi	r24, 0x03	; 3
    114e:	67 e0       	ldi	r22, 0x07	; 7
    1150:	40 e0       	ldi	r20, 0x00	; 0
    1152:	0e 94 c4 0b 	call	0x1788	; 0x1788 <GPIO_writePin>
			}
			else
			{
				/*Do Nothing*/
			}
			PWM_setDutyCycle(a_PwmNumUsed, a_speed);
    1156:	8c 81       	ldd	r24, Y+4	; 0x04
    1158:	6a 81       	ldd	r22, Y+2	; 0x02
    115a:	0e 94 24 0f 	call	0x1e48	; 0x1e48 <PWM_setDutyCycle>
    115e:	2c c0       	rjmp	.+88     	; 0x11b8 <DCMOTOR_rotateWithControl+0xce>
		}
		else if(a_motorNum==SECOND_DC_MOTOR)
    1160:	8b 81       	ldd	r24, Y+3	; 0x03
    1162:	82 30       	cpi	r24, 0x02	; 2
    1164:	49 f5       	brne	.+82     	; 0x11b8 <DCMOTOR_rotateWithControl+0xce>
		{
			if(STOP_ROTATION==a_state)
    1166:	89 81       	ldd	r24, Y+1	; 0x01
    1168:	88 23       	and	r24, r24
    116a:	59 f4       	brne	.+22     	; 0x1182 <DCMOTOR_rotateWithControl+0x98>
			{
				GPIO_writePin(DC_MOTOR_PORT_ID, SECOND_DC_MOTOR_IN3_PIN_ID, LOGIC_LOW);
    116c:	83 e0       	ldi	r24, 0x03	; 3
    116e:	63 e0       	ldi	r22, 0x03	; 3
    1170:	40 e0       	ldi	r20, 0x00	; 0
    1172:	0e 94 c4 0b 	call	0x1788	; 0x1788 <GPIO_writePin>
				GPIO_writePin(DC_MOTOR_PORT_ID, SECOND_DC_MOTOR_IN4_PIN_ID, LOGIC_LOW);
    1176:	83 e0       	ldi	r24, 0x03	; 3
    1178:	64 e0       	ldi	r22, 0x04	; 4
    117a:	40 e0       	ldi	r20, 0x00	; 0
    117c:	0e 94 c4 0b 	call	0x1788	; 0x1788 <GPIO_writePin>
    1180:	1b c0       	rjmp	.+54     	; 0x11b8 <DCMOTOR_rotateWithControl+0xce>
			}
			else if(ROTATE_CLOCKWISE==a_state)
    1182:	89 81       	ldd	r24, Y+1	; 0x01
    1184:	81 30       	cpi	r24, 0x01	; 1
    1186:	59 f4       	brne	.+22     	; 0x119e <DCMOTOR_rotateWithControl+0xb4>
			{
				GPIO_writePin(DC_MOTOR_PORT_ID, SECOND_DC_MOTOR_IN3_PIN_ID, LOGIC_LOW);
    1188:	83 e0       	ldi	r24, 0x03	; 3
    118a:	63 e0       	ldi	r22, 0x03	; 3
    118c:	40 e0       	ldi	r20, 0x00	; 0
    118e:	0e 94 c4 0b 	call	0x1788	; 0x1788 <GPIO_writePin>
				GPIO_writePin(DC_MOTOR_PORT_ID, SECOND_DC_MOTOR_IN4_PIN_ID, LOGIC_HIGH);
    1192:	83 e0       	ldi	r24, 0x03	; 3
    1194:	64 e0       	ldi	r22, 0x04	; 4
    1196:	41 e0       	ldi	r20, 0x01	; 1
    1198:	0e 94 c4 0b 	call	0x1788	; 0x1788 <GPIO_writePin>
    119c:	0d c0       	rjmp	.+26     	; 0x11b8 <DCMOTOR_rotateWithControl+0xce>
			}
			else if(ROTATE_ANTI_CLOCKWISE==a_state)
    119e:	89 81       	ldd	r24, Y+1	; 0x01
    11a0:	82 30       	cpi	r24, 0x02	; 2
    11a2:	51 f4       	brne	.+20     	; 0x11b8 <DCMOTOR_rotateWithControl+0xce>
			{
				GPIO_writePin(DC_MOTOR_PORT_ID, SECOND_DC_MOTOR_IN3_PIN_ID, LOGIC_HIGH);
    11a4:	83 e0       	ldi	r24, 0x03	; 3
    11a6:	63 e0       	ldi	r22, 0x03	; 3
    11a8:	41 e0       	ldi	r20, 0x01	; 1
    11aa:	0e 94 c4 0b 	call	0x1788	; 0x1788 <GPIO_writePin>
				GPIO_writePin(DC_MOTOR_PORT_ID, SECOND_DC_MOTOR_IN4_PIN_ID, LOGIC_LOW);
    11ae:	83 e0       	ldi	r24, 0x03	; 3
    11b0:	64 e0       	ldi	r22, 0x04	; 4
    11b2:	40 e0       	ldi	r20, 0x00	; 0
    11b4:	0e 94 c4 0b 	call	0x1788	; 0x1788 <GPIO_writePin>
			}
			/*PWM_Timer0_Start( (speed*1.0 / 100) * 255);*/
			/*or implement any other PWM if u use First timer with it*/
		}

}
    11b8:	0f 90       	pop	r0
    11ba:	0f 90       	pop	r0
    11bc:	0f 90       	pop	r0
    11be:	0f 90       	pop	r0
    11c0:	cf 91       	pop	r28
    11c2:	df 91       	pop	r29
    11c4:	08 95       	ret

000011c6 <EEPROM_writeByte>:
#include "external_eeprom.h"
#include "twi_interface.h"
#include "util/delay.h"

uint8 EEPROM_writeByte(uint16 u16addr, uint8 u8data)
{
    11c6:	df 93       	push	r29
    11c8:	cf 93       	push	r28
    11ca:	00 d0       	rcall	.+0      	; 0x11cc <EEPROM_writeByte+0x6>
    11cc:	00 d0       	rcall	.+0      	; 0x11ce <EEPROM_writeByte+0x8>
    11ce:	cd b7       	in	r28, 0x3d	; 61
    11d0:	de b7       	in	r29, 0x3e	; 62
    11d2:	9a 83       	std	Y+2, r25	; 0x02
    11d4:	89 83       	std	Y+1, r24	; 0x01
    11d6:	6b 83       	std	Y+3, r22	; 0x03
	/* Send the Start Bit */
	TWI_start();
    11d8:	0e 94 08 13 	call	0x2610	; 0x2610 <TWI_start>
	if (TWI_getStatus() != TWI_START)
    11dc:	0e 94 64 13 	call	0x26c8	; 0x26c8 <TWI_getStatus>
    11e0:	88 30       	cpi	r24, 0x08	; 8
    11e2:	11 f0       	breq	.+4      	; 0x11e8 <EEPROM_writeByte+0x22>
		return ERROR;
    11e4:	1c 82       	std	Y+4, r1	; 0x04
    11e6:	28 c0       	rjmp	.+80     	; 0x1238 <EEPROM_writeByte+0x72>

	/* Send the device address, we need to get A8 A9 A10 address bits from the
	 * memory location address and R/W=0 (write) */
	TWI_writeByte((uint8)(0xA0 | ((u16addr & 0x0700)>>7)));
    11e8:	89 81       	ldd	r24, Y+1	; 0x01
    11ea:	9a 81       	ldd	r25, Y+2	; 0x02
    11ec:	80 70       	andi	r24, 0x00	; 0
    11ee:	97 70       	andi	r25, 0x07	; 7
    11f0:	88 0f       	add	r24, r24
    11f2:	89 2f       	mov	r24, r25
    11f4:	88 1f       	adc	r24, r24
    11f6:	99 0b       	sbc	r25, r25
    11f8:	91 95       	neg	r25
    11fa:	80 6a       	ori	r24, 0xA0	; 160
    11fc:	0e 94 24 13 	call	0x2648	; 0x2648 <TWI_writeByte>
	if (TWI_getStatus() != TWI_MT_SLA_W_ACK)
    1200:	0e 94 64 13 	call	0x26c8	; 0x26c8 <TWI_getStatus>
    1204:	88 31       	cpi	r24, 0x18	; 24
    1206:	11 f0       	breq	.+4      	; 0x120c <EEPROM_writeByte+0x46>
		return ERROR;
    1208:	1c 82       	std	Y+4, r1	; 0x04
    120a:	16 c0       	rjmp	.+44     	; 0x1238 <EEPROM_writeByte+0x72>

	/* Send the required memory location address */
	TWI_writeByte((uint8)(u16addr));
    120c:	89 81       	ldd	r24, Y+1	; 0x01
    120e:	0e 94 24 13 	call	0x2648	; 0x2648 <TWI_writeByte>
	if (TWI_getStatus() != TWI_MT_DATA_ACK)
    1212:	0e 94 64 13 	call	0x26c8	; 0x26c8 <TWI_getStatus>
    1216:	88 32       	cpi	r24, 0x28	; 40
    1218:	11 f0       	breq	.+4      	; 0x121e <EEPROM_writeByte+0x58>
		return ERROR;
    121a:	1c 82       	std	Y+4, r1	; 0x04
    121c:	0d c0       	rjmp	.+26     	; 0x1238 <EEPROM_writeByte+0x72>

	/* write byte to eeprom */
	TWI_writeByte(u8data);
    121e:	8b 81       	ldd	r24, Y+3	; 0x03
    1220:	0e 94 24 13 	call	0x2648	; 0x2648 <TWI_writeByte>
	if (TWI_getStatus() != TWI_MT_DATA_ACK)
    1224:	0e 94 64 13 	call	0x26c8	; 0x26c8 <TWI_getStatus>
    1228:	88 32       	cpi	r24, 0x28	; 40
    122a:	11 f0       	breq	.+4      	; 0x1230 <EEPROM_writeByte+0x6a>
		return ERROR;
    122c:	1c 82       	std	Y+4, r1	; 0x04
    122e:	04 c0       	rjmp	.+8      	; 0x1238 <EEPROM_writeByte+0x72>

	/* Send the Stop Bit */
	TWI_stop();
    1230:	0e 94 19 13 	call	0x2632	; 0x2632 <TWI_stop>

	return SUCCESS;
    1234:	81 e0       	ldi	r24, 0x01	; 1
    1236:	8c 83       	std	Y+4, r24	; 0x04
    1238:	8c 81       	ldd	r24, Y+4	; 0x04
}
    123a:	0f 90       	pop	r0
    123c:	0f 90       	pop	r0
    123e:	0f 90       	pop	r0
    1240:	0f 90       	pop	r0
    1242:	cf 91       	pop	r28
    1244:	df 91       	pop	r29
    1246:	08 95       	ret

00001248 <EEPROM_readByte>:

uint8 EEPROM_readByte(uint16 u16addr, uint8 *u8data)
{
    1248:	df 93       	push	r29
    124a:	cf 93       	push	r28
    124c:	00 d0       	rcall	.+0      	; 0x124e <EEPROM_readByte+0x6>
    124e:	00 d0       	rcall	.+0      	; 0x1250 <EEPROM_readByte+0x8>
    1250:	0f 92       	push	r0
    1252:	cd b7       	in	r28, 0x3d	; 61
    1254:	de b7       	in	r29, 0x3e	; 62
    1256:	9a 83       	std	Y+2, r25	; 0x02
    1258:	89 83       	std	Y+1, r24	; 0x01
    125a:	7c 83       	std	Y+4, r23	; 0x04
    125c:	6b 83       	std	Y+3, r22	; 0x03
	/* Send the Start Bit */
	TWI_start();
    125e:	0e 94 08 13 	call	0x2610	; 0x2610 <TWI_start>
	if (TWI_getStatus() != TWI_START)
    1262:	0e 94 64 13 	call	0x26c8	; 0x26c8 <TWI_getStatus>
    1266:	88 30       	cpi	r24, 0x08	; 8
    1268:	11 f0       	breq	.+4      	; 0x126e <EEPROM_readByte+0x26>
		return ERROR;
    126a:	1d 82       	std	Y+5, r1	; 0x05
    126c:	44 c0       	rjmp	.+136    	; 0x12f6 <EEPROM_readByte+0xae>

	/* Send the device address, we need to get A8 A9 A10 address bits from the
	 * memory location address and R/W=0 (write) */
	TWI_writeByte((uint8)((0xA0) | ((u16addr & 0x0700)>>7)));
    126e:	89 81       	ldd	r24, Y+1	; 0x01
    1270:	9a 81       	ldd	r25, Y+2	; 0x02
    1272:	80 70       	andi	r24, 0x00	; 0
    1274:	97 70       	andi	r25, 0x07	; 7
    1276:	88 0f       	add	r24, r24
    1278:	89 2f       	mov	r24, r25
    127a:	88 1f       	adc	r24, r24
    127c:	99 0b       	sbc	r25, r25
    127e:	91 95       	neg	r25
    1280:	80 6a       	ori	r24, 0xA0	; 160
    1282:	0e 94 24 13 	call	0x2648	; 0x2648 <TWI_writeByte>
	if (TWI_getStatus() != TWI_MT_SLA_W_ACK)
    1286:	0e 94 64 13 	call	0x26c8	; 0x26c8 <TWI_getStatus>
    128a:	88 31       	cpi	r24, 0x18	; 24
    128c:	11 f0       	breq	.+4      	; 0x1292 <EEPROM_readByte+0x4a>
		return ERROR;
    128e:	1d 82       	std	Y+5, r1	; 0x05
    1290:	32 c0       	rjmp	.+100    	; 0x12f6 <EEPROM_readByte+0xae>

	/* Send the required memory location address */
	TWI_writeByte((uint8)(u16addr));
    1292:	89 81       	ldd	r24, Y+1	; 0x01
    1294:	0e 94 24 13 	call	0x2648	; 0x2648 <TWI_writeByte>
	if (TWI_getStatus() != TWI_MT_DATA_ACK)
    1298:	0e 94 64 13 	call	0x26c8	; 0x26c8 <TWI_getStatus>
    129c:	88 32       	cpi	r24, 0x28	; 40
    129e:	11 f0       	breq	.+4      	; 0x12a4 <EEPROM_readByte+0x5c>
		return ERROR;
    12a0:	1d 82       	std	Y+5, r1	; 0x05
    12a2:	29 c0       	rjmp	.+82     	; 0x12f6 <EEPROM_readByte+0xae>

	/* Send the Repeated Start Bit */
	TWI_start();
    12a4:	0e 94 08 13 	call	0x2610	; 0x2610 <TWI_start>
	if (TWI_getStatus() != TWI_REP_START)
    12a8:	0e 94 64 13 	call	0x26c8	; 0x26c8 <TWI_getStatus>
    12ac:	80 31       	cpi	r24, 0x10	; 16
    12ae:	11 f0       	breq	.+4      	; 0x12b4 <EEPROM_readByte+0x6c>
		return ERROR;
    12b0:	1d 82       	std	Y+5, r1	; 0x05
    12b2:	21 c0       	rjmp	.+66     	; 0x12f6 <EEPROM_readByte+0xae>

	/* Send the device address, we need to get A8 A9 A10 address bits from the
	 * memory location address and R/W=1 (Read) */
	TWI_writeByte((uint8)((0xA0) | ((u16addr & 0x0700)>>7) | 1));
    12b4:	89 81       	ldd	r24, Y+1	; 0x01
    12b6:	9a 81       	ldd	r25, Y+2	; 0x02
    12b8:	80 70       	andi	r24, 0x00	; 0
    12ba:	97 70       	andi	r25, 0x07	; 7
    12bc:	88 0f       	add	r24, r24
    12be:	89 2f       	mov	r24, r25
    12c0:	88 1f       	adc	r24, r24
    12c2:	99 0b       	sbc	r25, r25
    12c4:	91 95       	neg	r25
    12c6:	81 6a       	ori	r24, 0xA1	; 161
    12c8:	0e 94 24 13 	call	0x2648	; 0x2648 <TWI_writeByte>
	if (TWI_getStatus() != TWI_MT_SLA_R_ACK)
    12cc:	0e 94 64 13 	call	0x26c8	; 0x26c8 <TWI_getStatus>
    12d0:	80 34       	cpi	r24, 0x40	; 64
    12d2:	11 f0       	breq	.+4      	; 0x12d8 <EEPROM_readByte+0x90>
		return ERROR;
    12d4:	1d 82       	std	Y+5, r1	; 0x05
    12d6:	0f c0       	rjmp	.+30     	; 0x12f6 <EEPROM_readByte+0xae>


	/* Read Byte from Memory without send ACK */
	*u8data = TWI_readByteWithNACK();
    12d8:	0e 94 50 13 	call	0x26a0	; 0x26a0 <TWI_readByteWithNACK>
    12dc:	eb 81       	ldd	r30, Y+3	; 0x03
    12de:	fc 81       	ldd	r31, Y+4	; 0x04
    12e0:	80 83       	st	Z, r24
	if (TWI_getStatus() != TWI_MR_DATA_NACK)
    12e2:	0e 94 64 13 	call	0x26c8	; 0x26c8 <TWI_getStatus>
    12e6:	88 35       	cpi	r24, 0x58	; 88
    12e8:	11 f0       	breq	.+4      	; 0x12ee <EEPROM_readByte+0xa6>
		return ERROR;
    12ea:	1d 82       	std	Y+5, r1	; 0x05
    12ec:	04 c0       	rjmp	.+8      	; 0x12f6 <EEPROM_readByte+0xae>

	/* Send the Stop Bit */
	TWI_stop();
    12ee:	0e 94 19 13 	call	0x2632	; 0x2632 <TWI_stop>

	return SUCCESS;
    12f2:	81 e0       	ldi	r24, 0x01	; 1
    12f4:	8d 83       	std	Y+5, r24	; 0x05
    12f6:	8d 81       	ldd	r24, Y+5	; 0x05
}
    12f8:	0f 90       	pop	r0
    12fa:	0f 90       	pop	r0
    12fc:	0f 90       	pop	r0
    12fe:	0f 90       	pop	r0
    1300:	0f 90       	pop	r0
    1302:	cf 91       	pop	r28
    1304:	df 91       	pop	r29
    1306:	08 95       	ret

00001308 <EEPROM_writeArray>:

void EEPROM_writeArray(uint16 startaddress,uint8 *array,uint8 a_arraysize)
{
    1308:	df 93       	push	r29
    130a:	cf 93       	push	r28
    130c:	cd b7       	in	r28, 0x3d	; 61
    130e:	de b7       	in	r29, 0x3e	; 62
    1310:	64 97       	sbiw	r28, 0x14	; 20
    1312:	0f b6       	in	r0, 0x3f	; 63
    1314:	f8 94       	cli
    1316:	de bf       	out	0x3e, r29	; 62
    1318:	0f be       	out	0x3f, r0	; 63
    131a:	cd bf       	out	0x3d, r28	; 61
    131c:	99 8b       	std	Y+17, r25	; 0x11
    131e:	88 8b       	std	Y+16, r24	; 0x10
    1320:	7b 8b       	std	Y+19, r23	; 0x13
    1322:	6a 8b       	std	Y+18, r22	; 0x12
    1324:	4c 8b       	std	Y+20, r20	; 0x14
	uint8 i;
	for(i=0;i<a_arraysize;i++)
    1326:	1f 86       	std	Y+15, r1	; 0x0f
    1328:	8a c0       	rjmp	.+276    	; 0x143e <EEPROM_writeArray+0x136>
	{
		EEPROM_writeByte((startaddress+i),array[i]);
    132a:	8f 85       	ldd	r24, Y+15	; 0x0f
    132c:	28 2f       	mov	r18, r24
    132e:	30 e0       	ldi	r19, 0x00	; 0
    1330:	88 89       	ldd	r24, Y+16	; 0x10
    1332:	99 89       	ldd	r25, Y+17	; 0x11
    1334:	a9 01       	movw	r20, r18
    1336:	48 0f       	add	r20, r24
    1338:	59 1f       	adc	r21, r25
    133a:	8f 85       	ldd	r24, Y+15	; 0x0f
    133c:	28 2f       	mov	r18, r24
    133e:	30 e0       	ldi	r19, 0x00	; 0
    1340:	8a 89       	ldd	r24, Y+18	; 0x12
    1342:	9b 89       	ldd	r25, Y+19	; 0x13
    1344:	fc 01       	movw	r30, r24
    1346:	e2 0f       	add	r30, r18
    1348:	f3 1f       	adc	r31, r19
    134a:	20 81       	ld	r18, Z
    134c:	ca 01       	movw	r24, r20
    134e:	62 2f       	mov	r22, r18
    1350:	0e 94 e3 08 	call	0x11c6	; 0x11c6 <EEPROM_writeByte>
    1354:	80 e0       	ldi	r24, 0x00	; 0
    1356:	90 e0       	ldi	r25, 0x00	; 0
    1358:	a0 e2       	ldi	r26, 0x20	; 32
    135a:	b1 e4       	ldi	r27, 0x41	; 65
    135c:	8b 87       	std	Y+11, r24	; 0x0b
    135e:	9c 87       	std	Y+12, r25	; 0x0c
    1360:	ad 87       	std	Y+13, r26	; 0x0d
    1362:	be 87       	std	Y+14, r27	; 0x0e
 */
void
_delay_ms(double __ms)
{
	uint16_t __ticks;
	double __tmp = ((F_CPU) / 4e3) * __ms;
    1364:	6b 85       	ldd	r22, Y+11	; 0x0b
    1366:	7c 85       	ldd	r23, Y+12	; 0x0c
    1368:	8d 85       	ldd	r24, Y+13	; 0x0d
    136a:	9e 85       	ldd	r25, Y+14	; 0x0e
    136c:	20 e0       	ldi	r18, 0x00	; 0
    136e:	30 e0       	ldi	r19, 0x00	; 0
    1370:	4a e7       	ldi	r20, 0x7A	; 122
    1372:	55 e4       	ldi	r21, 0x45	; 69
    1374:	0e 94 1f 02 	call	0x43e	; 0x43e <__mulsf3>
    1378:	dc 01       	movw	r26, r24
    137a:	cb 01       	movw	r24, r22
    137c:	8f 83       	std	Y+7, r24	; 0x07
    137e:	98 87       	std	Y+8, r25	; 0x08
    1380:	a9 87       	std	Y+9, r26	; 0x09
    1382:	ba 87       	std	Y+10, r27	; 0x0a
	if (__tmp < 1.0)
    1384:	6f 81       	ldd	r22, Y+7	; 0x07
    1386:	78 85       	ldd	r23, Y+8	; 0x08
    1388:	89 85       	ldd	r24, Y+9	; 0x09
    138a:	9a 85       	ldd	r25, Y+10	; 0x0a
    138c:	20 e0       	ldi	r18, 0x00	; 0
    138e:	30 e0       	ldi	r19, 0x00	; 0
    1390:	40 e8       	ldi	r20, 0x80	; 128
    1392:	5f e3       	ldi	r21, 0x3F	; 63
    1394:	0e 94 79 03 	call	0x6f2	; 0x6f2 <__ltsf2>
    1398:	88 23       	and	r24, r24
    139a:	2c f4       	brge	.+10     	; 0x13a6 <EEPROM_writeArray+0x9e>
		__ticks = 1;
    139c:	81 e0       	ldi	r24, 0x01	; 1
    139e:	90 e0       	ldi	r25, 0x00	; 0
    13a0:	9e 83       	std	Y+6, r25	; 0x06
    13a2:	8d 83       	std	Y+5, r24	; 0x05
    13a4:	3f c0       	rjmp	.+126    	; 0x1424 <EEPROM_writeArray+0x11c>
	else if (__tmp > 65535)
    13a6:	6f 81       	ldd	r22, Y+7	; 0x07
    13a8:	78 85       	ldd	r23, Y+8	; 0x08
    13aa:	89 85       	ldd	r24, Y+9	; 0x09
    13ac:	9a 85       	ldd	r25, Y+10	; 0x0a
    13ae:	20 e0       	ldi	r18, 0x00	; 0
    13b0:	3f ef       	ldi	r19, 0xFF	; 255
    13b2:	4f e7       	ldi	r20, 0x7F	; 127
    13b4:	57 e4       	ldi	r21, 0x47	; 71
    13b6:	0e 94 19 03 	call	0x632	; 0x632 <__gtsf2>
    13ba:	18 16       	cp	r1, r24
    13bc:	4c f5       	brge	.+82     	; 0x1410 <EEPROM_writeArray+0x108>
	{
		//	__ticks = requested delay in 1/10 ms
		__ticks = (uint16_t) (__ms * 10.0);
    13be:	6b 85       	ldd	r22, Y+11	; 0x0b
    13c0:	7c 85       	ldd	r23, Y+12	; 0x0c
    13c2:	8d 85       	ldd	r24, Y+13	; 0x0d
    13c4:	9e 85       	ldd	r25, Y+14	; 0x0e
    13c6:	20 e0       	ldi	r18, 0x00	; 0
    13c8:	30 e0       	ldi	r19, 0x00	; 0
    13ca:	40 e2       	ldi	r20, 0x20	; 32
    13cc:	51 e4       	ldi	r21, 0x41	; 65
    13ce:	0e 94 1f 02 	call	0x43e	; 0x43e <__mulsf3>
    13d2:	dc 01       	movw	r26, r24
    13d4:	cb 01       	movw	r24, r22
    13d6:	bc 01       	movw	r22, r24
    13d8:	cd 01       	movw	r24, r26
    13da:	0e 94 49 00 	call	0x92	; 0x92 <__fixunssfsi>
    13de:	dc 01       	movw	r26, r24
    13e0:	cb 01       	movw	r24, r22
    13e2:	9e 83       	std	Y+6, r25	; 0x06
    13e4:	8d 83       	std	Y+5, r24	; 0x05
    13e6:	0f c0       	rjmp	.+30     	; 0x1406 <EEPROM_writeArray+0xfe>
    13e8:	80 e9       	ldi	r24, 0x90	; 144
    13ea:	91 e0       	ldi	r25, 0x01	; 1
    13ec:	9c 83       	std	Y+4, r25	; 0x04
    13ee:	8b 83       	std	Y+3, r24	; 0x03
    milliseconds can be achieved.
 */
void
_delay_loop_2(uint16_t __count)
{
	__asm__ volatile (
    13f0:	8b 81       	ldd	r24, Y+3	; 0x03
    13f2:	9c 81       	ldd	r25, Y+4	; 0x04
    13f4:	01 97       	sbiw	r24, 0x01	; 1
    13f6:	f1 f7       	brne	.-4      	; 0x13f4 <EEPROM_writeArray+0xec>
    13f8:	9c 83       	std	Y+4, r25	; 0x04
    13fa:	8b 83       	std	Y+3, r24	; 0x03
		while(__ticks)
		{
			// wait 1/10 ms
			_delay_loop_2(((F_CPU) / 4e3) / 10);
			__ticks --;
    13fc:	8d 81       	ldd	r24, Y+5	; 0x05
    13fe:	9e 81       	ldd	r25, Y+6	; 0x06
    1400:	01 97       	sbiw	r24, 0x01	; 1
    1402:	9e 83       	std	Y+6, r25	; 0x06
    1404:	8d 83       	std	Y+5, r24	; 0x05
		__ticks = 1;
	else if (__tmp > 65535)
	{
		//	__ticks = requested delay in 1/10 ms
		__ticks = (uint16_t) (__ms * 10.0);
		while(__ticks)
    1406:	8d 81       	ldd	r24, Y+5	; 0x05
    1408:	9e 81       	ldd	r25, Y+6	; 0x06
    140a:	00 97       	sbiw	r24, 0x00	; 0
    140c:	69 f7       	brne	.-38     	; 0x13e8 <EEPROM_writeArray+0xe0>
    140e:	14 c0       	rjmp	.+40     	; 0x1438 <EEPROM_writeArray+0x130>
			__ticks --;
		}
		return;
	}
	else
		__ticks = (uint16_t)__tmp;
    1410:	6f 81       	ldd	r22, Y+7	; 0x07
    1412:	78 85       	ldd	r23, Y+8	; 0x08
    1414:	89 85       	ldd	r24, Y+9	; 0x09
    1416:	9a 85       	ldd	r25, Y+10	; 0x0a
    1418:	0e 94 49 00 	call	0x92	; 0x92 <__fixunssfsi>
    141c:	dc 01       	movw	r26, r24
    141e:	cb 01       	movw	r24, r22
    1420:	9e 83       	std	Y+6, r25	; 0x06
    1422:	8d 83       	std	Y+5, r24	; 0x05
    1424:	8d 81       	ldd	r24, Y+5	; 0x05
    1426:	9e 81       	ldd	r25, Y+6	; 0x06
    1428:	9a 83       	std	Y+2, r25	; 0x02
    142a:	89 83       	std	Y+1, r24	; 0x01
    142c:	89 81       	ldd	r24, Y+1	; 0x01
    142e:	9a 81       	ldd	r25, Y+2	; 0x02
    1430:	01 97       	sbiw	r24, 0x01	; 1
    1432:	f1 f7       	brne	.-4      	; 0x1430 <EEPROM_writeArray+0x128>
    1434:	9a 83       	std	Y+2, r25	; 0x02
    1436:	89 83       	std	Y+1, r24	; 0x01
}

void EEPROM_writeArray(uint16 startaddress,uint8 *array,uint8 a_arraysize)
{
	uint8 i;
	for(i=0;i<a_arraysize;i++)
    1438:	8f 85       	ldd	r24, Y+15	; 0x0f
    143a:	8f 5f       	subi	r24, 0xFF	; 255
    143c:	8f 87       	std	Y+15, r24	; 0x0f
    143e:	9f 85       	ldd	r25, Y+15	; 0x0f
    1440:	8c 89       	ldd	r24, Y+20	; 0x14
    1442:	98 17       	cp	r25, r24
    1444:	08 f4       	brcc	.+2      	; 0x1448 <EEPROM_writeArray+0x140>
    1446:	71 cf       	rjmp	.-286    	; 0x132a <EEPROM_writeArray+0x22>
	{
		EEPROM_writeByte((startaddress+i),array[i]);
		_delay_ms(10);
	}
}
    1448:	64 96       	adiw	r28, 0x14	; 20
    144a:	0f b6       	in	r0, 0x3f	; 63
    144c:	f8 94       	cli
    144e:	de bf       	out	0x3e, r29	; 62
    1450:	0f be       	out	0x3f, r0	; 63
    1452:	cd bf       	out	0x3d, r28	; 61
    1454:	cf 91       	pop	r28
    1456:	df 91       	pop	r29
    1458:	08 95       	ret

0000145a <EEPROM_readArray>:

void EEPROM_readArray(uint16 startaddress,uint8 *array,uint8 a_arraysize)
{
    145a:	df 93       	push	r29
    145c:	cf 93       	push	r28
    145e:	cd b7       	in	r28, 0x3d	; 61
    1460:	de b7       	in	r29, 0x3e	; 62
    1462:	64 97       	sbiw	r28, 0x14	; 20
    1464:	0f b6       	in	r0, 0x3f	; 63
    1466:	f8 94       	cli
    1468:	de bf       	out	0x3e, r29	; 62
    146a:	0f be       	out	0x3f, r0	; 63
    146c:	cd bf       	out	0x3d, r28	; 61
    146e:	99 8b       	std	Y+17, r25	; 0x11
    1470:	88 8b       	std	Y+16, r24	; 0x10
    1472:	7b 8b       	std	Y+19, r23	; 0x13
    1474:	6a 8b       	std	Y+18, r22	; 0x12
    1476:	4c 8b       	std	Y+20, r20	; 0x14
	uint8 i;
	for(i=0;i<a_arraysize;i++)
    1478:	1f 86       	std	Y+15, r1	; 0x0f
    147a:	8d c0       	rjmp	.+282    	; 0x1596 <EEPROM_readArray+0x13c>
	{
		EEPROM_readByte((startaddress+i),array[i]);
    147c:	8f 85       	ldd	r24, Y+15	; 0x0f
    147e:	28 2f       	mov	r18, r24
    1480:	30 e0       	ldi	r19, 0x00	; 0
    1482:	88 89       	ldd	r24, Y+16	; 0x10
    1484:	99 89       	ldd	r25, Y+17	; 0x11
    1486:	a9 01       	movw	r20, r18
    1488:	48 0f       	add	r20, r24
    148a:	59 1f       	adc	r21, r25
    148c:	8f 85       	ldd	r24, Y+15	; 0x0f
    148e:	28 2f       	mov	r18, r24
    1490:	30 e0       	ldi	r19, 0x00	; 0
    1492:	8a 89       	ldd	r24, Y+18	; 0x12
    1494:	9b 89       	ldd	r25, Y+19	; 0x13
    1496:	fc 01       	movw	r30, r24
    1498:	e2 0f       	add	r30, r18
    149a:	f3 1f       	adc	r31, r19
    149c:	80 81       	ld	r24, Z
    149e:	88 2f       	mov	r24, r24
    14a0:	90 e0       	ldi	r25, 0x00	; 0
    14a2:	9c 01       	movw	r18, r24
    14a4:	ca 01       	movw	r24, r20
    14a6:	b9 01       	movw	r22, r18
    14a8:	0e 94 24 09 	call	0x1248	; 0x1248 <EEPROM_readByte>
    14ac:	80 e0       	ldi	r24, 0x00	; 0
    14ae:	90 e0       	ldi	r25, 0x00	; 0
    14b0:	a0 e2       	ldi	r26, 0x20	; 32
    14b2:	b1 e4       	ldi	r27, 0x41	; 65
    14b4:	8b 87       	std	Y+11, r24	; 0x0b
    14b6:	9c 87       	std	Y+12, r25	; 0x0c
    14b8:	ad 87       	std	Y+13, r26	; 0x0d
    14ba:	be 87       	std	Y+14, r27	; 0x0e
 */
void
_delay_ms(double __ms)
{
	uint16_t __ticks;
	double __tmp = ((F_CPU) / 4e3) * __ms;
    14bc:	6b 85       	ldd	r22, Y+11	; 0x0b
    14be:	7c 85       	ldd	r23, Y+12	; 0x0c
    14c0:	8d 85       	ldd	r24, Y+13	; 0x0d
    14c2:	9e 85       	ldd	r25, Y+14	; 0x0e
    14c4:	20 e0       	ldi	r18, 0x00	; 0
    14c6:	30 e0       	ldi	r19, 0x00	; 0
    14c8:	4a e7       	ldi	r20, 0x7A	; 122
    14ca:	55 e4       	ldi	r21, 0x45	; 69
    14cc:	0e 94 1f 02 	call	0x43e	; 0x43e <__mulsf3>
    14d0:	dc 01       	movw	r26, r24
    14d2:	cb 01       	movw	r24, r22
    14d4:	8f 83       	std	Y+7, r24	; 0x07
    14d6:	98 87       	std	Y+8, r25	; 0x08
    14d8:	a9 87       	std	Y+9, r26	; 0x09
    14da:	ba 87       	std	Y+10, r27	; 0x0a
	if (__tmp < 1.0)
    14dc:	6f 81       	ldd	r22, Y+7	; 0x07
    14de:	78 85       	ldd	r23, Y+8	; 0x08
    14e0:	89 85       	ldd	r24, Y+9	; 0x09
    14e2:	9a 85       	ldd	r25, Y+10	; 0x0a
    14e4:	20 e0       	ldi	r18, 0x00	; 0
    14e6:	30 e0       	ldi	r19, 0x00	; 0
    14e8:	40 e8       	ldi	r20, 0x80	; 128
    14ea:	5f e3       	ldi	r21, 0x3F	; 63
    14ec:	0e 94 79 03 	call	0x6f2	; 0x6f2 <__ltsf2>
    14f0:	88 23       	and	r24, r24
    14f2:	2c f4       	brge	.+10     	; 0x14fe <EEPROM_readArray+0xa4>
		__ticks = 1;
    14f4:	81 e0       	ldi	r24, 0x01	; 1
    14f6:	90 e0       	ldi	r25, 0x00	; 0
    14f8:	9e 83       	std	Y+6, r25	; 0x06
    14fa:	8d 83       	std	Y+5, r24	; 0x05
    14fc:	3f c0       	rjmp	.+126    	; 0x157c <EEPROM_readArray+0x122>
	else if (__tmp > 65535)
    14fe:	6f 81       	ldd	r22, Y+7	; 0x07
    1500:	78 85       	ldd	r23, Y+8	; 0x08
    1502:	89 85       	ldd	r24, Y+9	; 0x09
    1504:	9a 85       	ldd	r25, Y+10	; 0x0a
    1506:	20 e0       	ldi	r18, 0x00	; 0
    1508:	3f ef       	ldi	r19, 0xFF	; 255
    150a:	4f e7       	ldi	r20, 0x7F	; 127
    150c:	57 e4       	ldi	r21, 0x47	; 71
    150e:	0e 94 19 03 	call	0x632	; 0x632 <__gtsf2>
    1512:	18 16       	cp	r1, r24
    1514:	4c f5       	brge	.+82     	; 0x1568 <EEPROM_readArray+0x10e>
	{
		//	__ticks = requested delay in 1/10 ms
		__ticks = (uint16_t) (__ms * 10.0);
    1516:	6b 85       	ldd	r22, Y+11	; 0x0b
    1518:	7c 85       	ldd	r23, Y+12	; 0x0c
    151a:	8d 85       	ldd	r24, Y+13	; 0x0d
    151c:	9e 85       	ldd	r25, Y+14	; 0x0e
    151e:	20 e0       	ldi	r18, 0x00	; 0
    1520:	30 e0       	ldi	r19, 0x00	; 0
    1522:	40 e2       	ldi	r20, 0x20	; 32
    1524:	51 e4       	ldi	r21, 0x41	; 65
    1526:	0e 94 1f 02 	call	0x43e	; 0x43e <__mulsf3>
    152a:	dc 01       	movw	r26, r24
    152c:	cb 01       	movw	r24, r22
    152e:	bc 01       	movw	r22, r24
    1530:	cd 01       	movw	r24, r26
    1532:	0e 94 49 00 	call	0x92	; 0x92 <__fixunssfsi>
    1536:	dc 01       	movw	r26, r24
    1538:	cb 01       	movw	r24, r22
    153a:	9e 83       	std	Y+6, r25	; 0x06
    153c:	8d 83       	std	Y+5, r24	; 0x05
    153e:	0f c0       	rjmp	.+30     	; 0x155e <EEPROM_readArray+0x104>
    1540:	80 e9       	ldi	r24, 0x90	; 144
    1542:	91 e0       	ldi	r25, 0x01	; 1
    1544:	9c 83       	std	Y+4, r25	; 0x04
    1546:	8b 83       	std	Y+3, r24	; 0x03
    1548:	8b 81       	ldd	r24, Y+3	; 0x03
    154a:	9c 81       	ldd	r25, Y+4	; 0x04
    154c:	01 97       	sbiw	r24, 0x01	; 1
    154e:	f1 f7       	brne	.-4      	; 0x154c <EEPROM_readArray+0xf2>
    1550:	9c 83       	std	Y+4, r25	; 0x04
    1552:	8b 83       	std	Y+3, r24	; 0x03
		while(__ticks)
		{
			// wait 1/10 ms
			_delay_loop_2(((F_CPU) / 4e3) / 10);
			__ticks --;
    1554:	8d 81       	ldd	r24, Y+5	; 0x05
    1556:	9e 81       	ldd	r25, Y+6	; 0x06
    1558:	01 97       	sbiw	r24, 0x01	; 1
    155a:	9e 83       	std	Y+6, r25	; 0x06
    155c:	8d 83       	std	Y+5, r24	; 0x05
		__ticks = 1;
	else if (__tmp > 65535)
	{
		//	__ticks = requested delay in 1/10 ms
		__ticks = (uint16_t) (__ms * 10.0);
		while(__ticks)
    155e:	8d 81       	ldd	r24, Y+5	; 0x05
    1560:	9e 81       	ldd	r25, Y+6	; 0x06
    1562:	00 97       	sbiw	r24, 0x00	; 0
    1564:	69 f7       	brne	.-38     	; 0x1540 <EEPROM_readArray+0xe6>
    1566:	14 c0       	rjmp	.+40     	; 0x1590 <EEPROM_readArray+0x136>
			__ticks --;
		}
		return;
	}
	else
		__ticks = (uint16_t)__tmp;
    1568:	6f 81       	ldd	r22, Y+7	; 0x07
    156a:	78 85       	ldd	r23, Y+8	; 0x08
    156c:	89 85       	ldd	r24, Y+9	; 0x09
    156e:	9a 85       	ldd	r25, Y+10	; 0x0a
    1570:	0e 94 49 00 	call	0x92	; 0x92 <__fixunssfsi>
    1574:	dc 01       	movw	r26, r24
    1576:	cb 01       	movw	r24, r22
    1578:	9e 83       	std	Y+6, r25	; 0x06
    157a:	8d 83       	std	Y+5, r24	; 0x05
    157c:	8d 81       	ldd	r24, Y+5	; 0x05
    157e:	9e 81       	ldd	r25, Y+6	; 0x06
    1580:	9a 83       	std	Y+2, r25	; 0x02
    1582:	89 83       	std	Y+1, r24	; 0x01
    1584:	89 81       	ldd	r24, Y+1	; 0x01
    1586:	9a 81       	ldd	r25, Y+2	; 0x02
    1588:	01 97       	sbiw	r24, 0x01	; 1
    158a:	f1 f7       	brne	.-4      	; 0x1588 <EEPROM_readArray+0x12e>
    158c:	9a 83       	std	Y+2, r25	; 0x02
    158e:	89 83       	std	Y+1, r24	; 0x01
}

void EEPROM_readArray(uint16 startaddress,uint8 *array,uint8 a_arraysize)
{
	uint8 i;
	for(i=0;i<a_arraysize;i++)
    1590:	8f 85       	ldd	r24, Y+15	; 0x0f
    1592:	8f 5f       	subi	r24, 0xFF	; 255
    1594:	8f 87       	std	Y+15, r24	; 0x0f
    1596:	9f 85       	ldd	r25, Y+15	; 0x0f
    1598:	8c 89       	ldd	r24, Y+20	; 0x14
    159a:	98 17       	cp	r25, r24
    159c:	08 f4       	brcc	.+2      	; 0x15a0 <EEPROM_readArray+0x146>
    159e:	6e cf       	rjmp	.-292    	; 0x147c <EEPROM_readArray+0x22>
	{
		EEPROM_readByte((startaddress+i),array[i]);
		_delay_ms(10);
	}
}
    15a0:	64 96       	adiw	r28, 0x14	; 20
    15a2:	0f b6       	in	r0, 0x3f	; 63
    15a4:	f8 94       	cli
    15a6:	de bf       	out	0x3e, r29	; 62
    15a8:	0f be       	out	0x3f, r0	; 63
    15aa:	cd bf       	out	0x3d, r28	; 61
    15ac:	cf 91       	pop	r28
    15ae:	df 91       	pop	r29
    15b0:	08 95       	ret

000015b2 <GPIO_setupPinDirection>:
 * Description :
 * Setup the direction of the required pin input/output.
 * If the input port number or pin number are not correct, The function will not handle the request.
 */
void GPIO_setupPinDirection(uint8 port_num, uint8 pin_num, GPIO_PinDirectionType direction)
{
    15b2:	df 93       	push	r29
    15b4:	cf 93       	push	r28
    15b6:	00 d0       	rcall	.+0      	; 0x15b8 <GPIO_setupPinDirection+0x6>
    15b8:	00 d0       	rcall	.+0      	; 0x15ba <GPIO_setupPinDirection+0x8>
    15ba:	0f 92       	push	r0
    15bc:	cd b7       	in	r28, 0x3d	; 61
    15be:	de b7       	in	r29, 0x3e	; 62
    15c0:	89 83       	std	Y+1, r24	; 0x01
    15c2:	6a 83       	std	Y+2, r22	; 0x02
    15c4:	4b 83       	std	Y+3, r20	; 0x03
	/*
	 * Check if the input port number is greater than NUM_OF_PINS_PER_PORT value.
	 * Or if the input pin number is greater than NUM_OF_PINS_PER_PORT value.
	 * In this case the input is not valid port/pin number
	 */
	if((pin_num >= NUM_OF_PINS_PER_PORT) || (port_num >= NUM_OF_PORTS))
    15c6:	8a 81       	ldd	r24, Y+2	; 0x02
    15c8:	88 30       	cpi	r24, 0x08	; 8
    15ca:	08 f0       	brcs	.+2      	; 0x15ce <GPIO_setupPinDirection+0x1c>
    15cc:	d5 c0       	rjmp	.+426    	; 0x1778 <GPIO_setupPinDirection+0x1c6>
    15ce:	89 81       	ldd	r24, Y+1	; 0x01
    15d0:	84 30       	cpi	r24, 0x04	; 4
    15d2:	08 f0       	brcs	.+2      	; 0x15d6 <GPIO_setupPinDirection+0x24>
    15d4:	d1 c0       	rjmp	.+418    	; 0x1778 <GPIO_setupPinDirection+0x1c6>
		/* Do Nothing */
	}
	else
	{
		/* Setup the pin direction as required */
		switch(port_num)
    15d6:	89 81       	ldd	r24, Y+1	; 0x01
    15d8:	28 2f       	mov	r18, r24
    15da:	30 e0       	ldi	r19, 0x00	; 0
    15dc:	3d 83       	std	Y+5, r19	; 0x05
    15de:	2c 83       	std	Y+4, r18	; 0x04
    15e0:	8c 81       	ldd	r24, Y+4	; 0x04
    15e2:	9d 81       	ldd	r25, Y+5	; 0x05
    15e4:	81 30       	cpi	r24, 0x01	; 1
    15e6:	91 05       	cpc	r25, r1
    15e8:	09 f4       	brne	.+2      	; 0x15ec <GPIO_setupPinDirection+0x3a>
    15ea:	43 c0       	rjmp	.+134    	; 0x1672 <GPIO_setupPinDirection+0xc0>
    15ec:	2c 81       	ldd	r18, Y+4	; 0x04
    15ee:	3d 81       	ldd	r19, Y+5	; 0x05
    15f0:	22 30       	cpi	r18, 0x02	; 2
    15f2:	31 05       	cpc	r19, r1
    15f4:	2c f4       	brge	.+10     	; 0x1600 <GPIO_setupPinDirection+0x4e>
    15f6:	8c 81       	ldd	r24, Y+4	; 0x04
    15f8:	9d 81       	ldd	r25, Y+5	; 0x05
    15fa:	00 97       	sbiw	r24, 0x00	; 0
    15fc:	71 f0       	breq	.+28     	; 0x161a <GPIO_setupPinDirection+0x68>
    15fe:	bc c0       	rjmp	.+376    	; 0x1778 <GPIO_setupPinDirection+0x1c6>
    1600:	2c 81       	ldd	r18, Y+4	; 0x04
    1602:	3d 81       	ldd	r19, Y+5	; 0x05
    1604:	22 30       	cpi	r18, 0x02	; 2
    1606:	31 05       	cpc	r19, r1
    1608:	09 f4       	brne	.+2      	; 0x160c <GPIO_setupPinDirection+0x5a>
    160a:	5f c0       	rjmp	.+190    	; 0x16ca <GPIO_setupPinDirection+0x118>
    160c:	8c 81       	ldd	r24, Y+4	; 0x04
    160e:	9d 81       	ldd	r25, Y+5	; 0x05
    1610:	83 30       	cpi	r24, 0x03	; 3
    1612:	91 05       	cpc	r25, r1
    1614:	09 f4       	brne	.+2      	; 0x1618 <GPIO_setupPinDirection+0x66>
    1616:	85 c0       	rjmp	.+266    	; 0x1722 <GPIO_setupPinDirection+0x170>
    1618:	af c0       	rjmp	.+350    	; 0x1778 <GPIO_setupPinDirection+0x1c6>
		{
		case PORTA_ID:
			if(direction == PIN_OUTPUT)
    161a:	8b 81       	ldd	r24, Y+3	; 0x03
    161c:	81 30       	cpi	r24, 0x01	; 1
    161e:	a1 f4       	brne	.+40     	; 0x1648 <GPIO_setupPinDirection+0x96>
			{
				SET_BIT(GPIO_DDRA_REG.Byte,pin_num);
    1620:	aa e3       	ldi	r26, 0x3A	; 58
    1622:	b0 e0       	ldi	r27, 0x00	; 0
    1624:	ea e3       	ldi	r30, 0x3A	; 58
    1626:	f0 e0       	ldi	r31, 0x00	; 0
    1628:	80 81       	ld	r24, Z
    162a:	48 2f       	mov	r20, r24
    162c:	8a 81       	ldd	r24, Y+2	; 0x02
    162e:	28 2f       	mov	r18, r24
    1630:	30 e0       	ldi	r19, 0x00	; 0
    1632:	81 e0       	ldi	r24, 0x01	; 1
    1634:	90 e0       	ldi	r25, 0x00	; 0
    1636:	02 2e       	mov	r0, r18
    1638:	02 c0       	rjmp	.+4      	; 0x163e <GPIO_setupPinDirection+0x8c>
    163a:	88 0f       	add	r24, r24
    163c:	99 1f       	adc	r25, r25
    163e:	0a 94       	dec	r0
    1640:	e2 f7       	brpl	.-8      	; 0x163a <GPIO_setupPinDirection+0x88>
    1642:	84 2b       	or	r24, r20
    1644:	8c 93       	st	X, r24
    1646:	98 c0       	rjmp	.+304    	; 0x1778 <GPIO_setupPinDirection+0x1c6>
			}
			else
			{
				CLEAR_BIT(GPIO_DDRA_REG.Byte,pin_num);
    1648:	aa e3       	ldi	r26, 0x3A	; 58
    164a:	b0 e0       	ldi	r27, 0x00	; 0
    164c:	ea e3       	ldi	r30, 0x3A	; 58
    164e:	f0 e0       	ldi	r31, 0x00	; 0
    1650:	80 81       	ld	r24, Z
    1652:	48 2f       	mov	r20, r24
    1654:	8a 81       	ldd	r24, Y+2	; 0x02
    1656:	28 2f       	mov	r18, r24
    1658:	30 e0       	ldi	r19, 0x00	; 0
    165a:	81 e0       	ldi	r24, 0x01	; 1
    165c:	90 e0       	ldi	r25, 0x00	; 0
    165e:	02 2e       	mov	r0, r18
    1660:	02 c0       	rjmp	.+4      	; 0x1666 <GPIO_setupPinDirection+0xb4>
    1662:	88 0f       	add	r24, r24
    1664:	99 1f       	adc	r25, r25
    1666:	0a 94       	dec	r0
    1668:	e2 f7       	brpl	.-8      	; 0x1662 <GPIO_setupPinDirection+0xb0>
    166a:	80 95       	com	r24
    166c:	84 23       	and	r24, r20
    166e:	8c 93       	st	X, r24
    1670:	83 c0       	rjmp	.+262    	; 0x1778 <GPIO_setupPinDirection+0x1c6>
			}
			break;
		case PORTB_ID:
			if(direction == PIN_OUTPUT)
    1672:	8b 81       	ldd	r24, Y+3	; 0x03
    1674:	81 30       	cpi	r24, 0x01	; 1
    1676:	a1 f4       	brne	.+40     	; 0x16a0 <GPIO_setupPinDirection+0xee>
			{
				SET_BIT(GPIO_DDRB_REG.Byte,pin_num);
    1678:	a7 e3       	ldi	r26, 0x37	; 55
    167a:	b0 e0       	ldi	r27, 0x00	; 0
    167c:	e7 e3       	ldi	r30, 0x37	; 55
    167e:	f0 e0       	ldi	r31, 0x00	; 0
    1680:	80 81       	ld	r24, Z
    1682:	48 2f       	mov	r20, r24
    1684:	8a 81       	ldd	r24, Y+2	; 0x02
    1686:	28 2f       	mov	r18, r24
    1688:	30 e0       	ldi	r19, 0x00	; 0
    168a:	81 e0       	ldi	r24, 0x01	; 1
    168c:	90 e0       	ldi	r25, 0x00	; 0
    168e:	02 2e       	mov	r0, r18
    1690:	02 c0       	rjmp	.+4      	; 0x1696 <GPIO_setupPinDirection+0xe4>
    1692:	88 0f       	add	r24, r24
    1694:	99 1f       	adc	r25, r25
    1696:	0a 94       	dec	r0
    1698:	e2 f7       	brpl	.-8      	; 0x1692 <GPIO_setupPinDirection+0xe0>
    169a:	84 2b       	or	r24, r20
    169c:	8c 93       	st	X, r24
    169e:	6c c0       	rjmp	.+216    	; 0x1778 <GPIO_setupPinDirection+0x1c6>
			}
			else
			{
				CLEAR_BIT(GPIO_DDRB_REG.Byte,pin_num);
    16a0:	a7 e3       	ldi	r26, 0x37	; 55
    16a2:	b0 e0       	ldi	r27, 0x00	; 0
    16a4:	e7 e3       	ldi	r30, 0x37	; 55
    16a6:	f0 e0       	ldi	r31, 0x00	; 0
    16a8:	80 81       	ld	r24, Z
    16aa:	48 2f       	mov	r20, r24
    16ac:	8a 81       	ldd	r24, Y+2	; 0x02
    16ae:	28 2f       	mov	r18, r24
    16b0:	30 e0       	ldi	r19, 0x00	; 0
    16b2:	81 e0       	ldi	r24, 0x01	; 1
    16b4:	90 e0       	ldi	r25, 0x00	; 0
    16b6:	02 2e       	mov	r0, r18
    16b8:	02 c0       	rjmp	.+4      	; 0x16be <GPIO_setupPinDirection+0x10c>
    16ba:	88 0f       	add	r24, r24
    16bc:	99 1f       	adc	r25, r25
    16be:	0a 94       	dec	r0
    16c0:	e2 f7       	brpl	.-8      	; 0x16ba <GPIO_setupPinDirection+0x108>
    16c2:	80 95       	com	r24
    16c4:	84 23       	and	r24, r20
    16c6:	8c 93       	st	X, r24
    16c8:	57 c0       	rjmp	.+174    	; 0x1778 <GPIO_setupPinDirection+0x1c6>
			}
			break;
		case PORTC_ID:
			if(direction == PIN_OUTPUT)
    16ca:	8b 81       	ldd	r24, Y+3	; 0x03
    16cc:	81 30       	cpi	r24, 0x01	; 1
    16ce:	a1 f4       	brne	.+40     	; 0x16f8 <GPIO_setupPinDirection+0x146>
			{
				SET_BIT(GPIO_DDRC_REG.Byte,pin_num);
    16d0:	a4 e3       	ldi	r26, 0x34	; 52
    16d2:	b0 e0       	ldi	r27, 0x00	; 0
    16d4:	e4 e3       	ldi	r30, 0x34	; 52
    16d6:	f0 e0       	ldi	r31, 0x00	; 0
    16d8:	80 81       	ld	r24, Z
    16da:	48 2f       	mov	r20, r24
    16dc:	8a 81       	ldd	r24, Y+2	; 0x02
    16de:	28 2f       	mov	r18, r24
    16e0:	30 e0       	ldi	r19, 0x00	; 0
    16e2:	81 e0       	ldi	r24, 0x01	; 1
    16e4:	90 e0       	ldi	r25, 0x00	; 0
    16e6:	02 2e       	mov	r0, r18
    16e8:	02 c0       	rjmp	.+4      	; 0x16ee <GPIO_setupPinDirection+0x13c>
    16ea:	88 0f       	add	r24, r24
    16ec:	99 1f       	adc	r25, r25
    16ee:	0a 94       	dec	r0
    16f0:	e2 f7       	brpl	.-8      	; 0x16ea <GPIO_setupPinDirection+0x138>
    16f2:	84 2b       	or	r24, r20
    16f4:	8c 93       	st	X, r24
    16f6:	40 c0       	rjmp	.+128    	; 0x1778 <GPIO_setupPinDirection+0x1c6>
			}
			else
			{
				CLEAR_BIT(GPIO_DDRC_REG.Byte,pin_num);
    16f8:	a4 e3       	ldi	r26, 0x34	; 52
    16fa:	b0 e0       	ldi	r27, 0x00	; 0
    16fc:	e4 e3       	ldi	r30, 0x34	; 52
    16fe:	f0 e0       	ldi	r31, 0x00	; 0
    1700:	80 81       	ld	r24, Z
    1702:	48 2f       	mov	r20, r24
    1704:	8a 81       	ldd	r24, Y+2	; 0x02
    1706:	28 2f       	mov	r18, r24
    1708:	30 e0       	ldi	r19, 0x00	; 0
    170a:	81 e0       	ldi	r24, 0x01	; 1
    170c:	90 e0       	ldi	r25, 0x00	; 0
    170e:	02 2e       	mov	r0, r18
    1710:	02 c0       	rjmp	.+4      	; 0x1716 <GPIO_setupPinDirection+0x164>
    1712:	88 0f       	add	r24, r24
    1714:	99 1f       	adc	r25, r25
    1716:	0a 94       	dec	r0
    1718:	e2 f7       	brpl	.-8      	; 0x1712 <GPIO_setupPinDirection+0x160>
    171a:	80 95       	com	r24
    171c:	84 23       	and	r24, r20
    171e:	8c 93       	st	X, r24
    1720:	2b c0       	rjmp	.+86     	; 0x1778 <GPIO_setupPinDirection+0x1c6>
			}
			break;
		case PORTD_ID:
			if(direction == PIN_OUTPUT)
    1722:	8b 81       	ldd	r24, Y+3	; 0x03
    1724:	81 30       	cpi	r24, 0x01	; 1
    1726:	a1 f4       	brne	.+40     	; 0x1750 <GPIO_setupPinDirection+0x19e>
			{
				SET_BIT(GPIO_DDRD_REG.Byte,pin_num);
    1728:	a1 e3       	ldi	r26, 0x31	; 49
    172a:	b0 e0       	ldi	r27, 0x00	; 0
    172c:	e1 e3       	ldi	r30, 0x31	; 49
    172e:	f0 e0       	ldi	r31, 0x00	; 0
    1730:	80 81       	ld	r24, Z
    1732:	48 2f       	mov	r20, r24
    1734:	8a 81       	ldd	r24, Y+2	; 0x02
    1736:	28 2f       	mov	r18, r24
    1738:	30 e0       	ldi	r19, 0x00	; 0
    173a:	81 e0       	ldi	r24, 0x01	; 1
    173c:	90 e0       	ldi	r25, 0x00	; 0
    173e:	02 2e       	mov	r0, r18
    1740:	02 c0       	rjmp	.+4      	; 0x1746 <GPIO_setupPinDirection+0x194>
    1742:	88 0f       	add	r24, r24
    1744:	99 1f       	adc	r25, r25
    1746:	0a 94       	dec	r0
    1748:	e2 f7       	brpl	.-8      	; 0x1742 <GPIO_setupPinDirection+0x190>
    174a:	84 2b       	or	r24, r20
    174c:	8c 93       	st	X, r24
    174e:	14 c0       	rjmp	.+40     	; 0x1778 <GPIO_setupPinDirection+0x1c6>
			}
			else
			{
				CLEAR_BIT(GPIO_DDRD_REG.Byte,pin_num);
    1750:	a1 e3       	ldi	r26, 0x31	; 49
    1752:	b0 e0       	ldi	r27, 0x00	; 0
    1754:	e1 e3       	ldi	r30, 0x31	; 49
    1756:	f0 e0       	ldi	r31, 0x00	; 0
    1758:	80 81       	ld	r24, Z
    175a:	48 2f       	mov	r20, r24
    175c:	8a 81       	ldd	r24, Y+2	; 0x02
    175e:	28 2f       	mov	r18, r24
    1760:	30 e0       	ldi	r19, 0x00	; 0
    1762:	81 e0       	ldi	r24, 0x01	; 1
    1764:	90 e0       	ldi	r25, 0x00	; 0
    1766:	02 2e       	mov	r0, r18
    1768:	02 c0       	rjmp	.+4      	; 0x176e <GPIO_setupPinDirection+0x1bc>
    176a:	88 0f       	add	r24, r24
    176c:	99 1f       	adc	r25, r25
    176e:	0a 94       	dec	r0
    1770:	e2 f7       	brpl	.-8      	; 0x176a <GPIO_setupPinDirection+0x1b8>
    1772:	80 95       	com	r24
    1774:	84 23       	and	r24, r20
    1776:	8c 93       	st	X, r24
			}
			break;
		}
	}
}
    1778:	0f 90       	pop	r0
    177a:	0f 90       	pop	r0
    177c:	0f 90       	pop	r0
    177e:	0f 90       	pop	r0
    1780:	0f 90       	pop	r0
    1782:	cf 91       	pop	r28
    1784:	df 91       	pop	r29
    1786:	08 95       	ret

00001788 <GPIO_writePin>:
 * Write the value Logic High or Logic Low on the required pin.
 * If the input port number or pin number are not correct, The function will not handle the request.
 * If the pin is input, this function will enable/disable the internal pull-up resistor.
 */
void GPIO_writePin(uint8 port_num, uint8 pin_num, uint8 value)
{
    1788:	df 93       	push	r29
    178a:	cf 93       	push	r28
    178c:	00 d0       	rcall	.+0      	; 0x178e <GPIO_writePin+0x6>
    178e:	00 d0       	rcall	.+0      	; 0x1790 <GPIO_writePin+0x8>
    1790:	0f 92       	push	r0
    1792:	cd b7       	in	r28, 0x3d	; 61
    1794:	de b7       	in	r29, 0x3e	; 62
    1796:	89 83       	std	Y+1, r24	; 0x01
    1798:	6a 83       	std	Y+2, r22	; 0x02
    179a:	4b 83       	std	Y+3, r20	; 0x03
	/*
	 * Check if the input port number is greater than NUM_OF_PINS_PER_PORT value.
	 * Or if the input pin number is greater than NUM_OF_PINS_PER_PORT value.
	 * In this case the input is not valid port/pin number
	 */
	if((pin_num >= NUM_OF_PINS_PER_PORT) || (port_num >= NUM_OF_PORTS))
    179c:	8a 81       	ldd	r24, Y+2	; 0x02
    179e:	88 30       	cpi	r24, 0x08	; 8
    17a0:	08 f0       	brcs	.+2      	; 0x17a4 <GPIO_writePin+0x1c>
    17a2:	d5 c0       	rjmp	.+426    	; 0x194e <GPIO_writePin+0x1c6>
    17a4:	89 81       	ldd	r24, Y+1	; 0x01
    17a6:	84 30       	cpi	r24, 0x04	; 4
    17a8:	08 f0       	brcs	.+2      	; 0x17ac <GPIO_writePin+0x24>
    17aa:	d1 c0       	rjmp	.+418    	; 0x194e <GPIO_writePin+0x1c6>
		/* Do Nothing */
	}
	else
	{
		/* Write the pin value as required */
		switch(port_num)
    17ac:	89 81       	ldd	r24, Y+1	; 0x01
    17ae:	28 2f       	mov	r18, r24
    17b0:	30 e0       	ldi	r19, 0x00	; 0
    17b2:	3d 83       	std	Y+5, r19	; 0x05
    17b4:	2c 83       	std	Y+4, r18	; 0x04
    17b6:	8c 81       	ldd	r24, Y+4	; 0x04
    17b8:	9d 81       	ldd	r25, Y+5	; 0x05
    17ba:	81 30       	cpi	r24, 0x01	; 1
    17bc:	91 05       	cpc	r25, r1
    17be:	09 f4       	brne	.+2      	; 0x17c2 <GPIO_writePin+0x3a>
    17c0:	43 c0       	rjmp	.+134    	; 0x1848 <GPIO_writePin+0xc0>
    17c2:	2c 81       	ldd	r18, Y+4	; 0x04
    17c4:	3d 81       	ldd	r19, Y+5	; 0x05
    17c6:	22 30       	cpi	r18, 0x02	; 2
    17c8:	31 05       	cpc	r19, r1
    17ca:	2c f4       	brge	.+10     	; 0x17d6 <GPIO_writePin+0x4e>
    17cc:	8c 81       	ldd	r24, Y+4	; 0x04
    17ce:	9d 81       	ldd	r25, Y+5	; 0x05
    17d0:	00 97       	sbiw	r24, 0x00	; 0
    17d2:	71 f0       	breq	.+28     	; 0x17f0 <GPIO_writePin+0x68>
    17d4:	bc c0       	rjmp	.+376    	; 0x194e <GPIO_writePin+0x1c6>
    17d6:	2c 81       	ldd	r18, Y+4	; 0x04
    17d8:	3d 81       	ldd	r19, Y+5	; 0x05
    17da:	22 30       	cpi	r18, 0x02	; 2
    17dc:	31 05       	cpc	r19, r1
    17de:	09 f4       	brne	.+2      	; 0x17e2 <GPIO_writePin+0x5a>
    17e0:	5f c0       	rjmp	.+190    	; 0x18a0 <GPIO_writePin+0x118>
    17e2:	8c 81       	ldd	r24, Y+4	; 0x04
    17e4:	9d 81       	ldd	r25, Y+5	; 0x05
    17e6:	83 30       	cpi	r24, 0x03	; 3
    17e8:	91 05       	cpc	r25, r1
    17ea:	09 f4       	brne	.+2      	; 0x17ee <GPIO_writePin+0x66>
    17ec:	85 c0       	rjmp	.+266    	; 0x18f8 <GPIO_writePin+0x170>
    17ee:	af c0       	rjmp	.+350    	; 0x194e <GPIO_writePin+0x1c6>
		{
		case PORTA_ID:
			if(value == LOGIC_HIGH)
    17f0:	8b 81       	ldd	r24, Y+3	; 0x03
    17f2:	81 30       	cpi	r24, 0x01	; 1
    17f4:	a1 f4       	brne	.+40     	; 0x181e <GPIO_writePin+0x96>
			{
				SET_BIT(GPIO_PORTA_REG.Byte,pin_num);
    17f6:	ab e3       	ldi	r26, 0x3B	; 59
    17f8:	b0 e0       	ldi	r27, 0x00	; 0
    17fa:	eb e3       	ldi	r30, 0x3B	; 59
    17fc:	f0 e0       	ldi	r31, 0x00	; 0
    17fe:	80 81       	ld	r24, Z
    1800:	48 2f       	mov	r20, r24
    1802:	8a 81       	ldd	r24, Y+2	; 0x02
    1804:	28 2f       	mov	r18, r24
    1806:	30 e0       	ldi	r19, 0x00	; 0
    1808:	81 e0       	ldi	r24, 0x01	; 1
    180a:	90 e0       	ldi	r25, 0x00	; 0
    180c:	02 2e       	mov	r0, r18
    180e:	02 c0       	rjmp	.+4      	; 0x1814 <GPIO_writePin+0x8c>
    1810:	88 0f       	add	r24, r24
    1812:	99 1f       	adc	r25, r25
    1814:	0a 94       	dec	r0
    1816:	e2 f7       	brpl	.-8      	; 0x1810 <GPIO_writePin+0x88>
    1818:	84 2b       	or	r24, r20
    181a:	8c 93       	st	X, r24
    181c:	98 c0       	rjmp	.+304    	; 0x194e <GPIO_writePin+0x1c6>
			}
			else
			{
				CLEAR_BIT(GPIO_PORTA_REG.Byte,pin_num);
    181e:	ab e3       	ldi	r26, 0x3B	; 59
    1820:	b0 e0       	ldi	r27, 0x00	; 0
    1822:	eb e3       	ldi	r30, 0x3B	; 59
    1824:	f0 e0       	ldi	r31, 0x00	; 0
    1826:	80 81       	ld	r24, Z
    1828:	48 2f       	mov	r20, r24
    182a:	8a 81       	ldd	r24, Y+2	; 0x02
    182c:	28 2f       	mov	r18, r24
    182e:	30 e0       	ldi	r19, 0x00	; 0
    1830:	81 e0       	ldi	r24, 0x01	; 1
    1832:	90 e0       	ldi	r25, 0x00	; 0
    1834:	02 2e       	mov	r0, r18
    1836:	02 c0       	rjmp	.+4      	; 0x183c <GPIO_writePin+0xb4>
    1838:	88 0f       	add	r24, r24
    183a:	99 1f       	adc	r25, r25
    183c:	0a 94       	dec	r0
    183e:	e2 f7       	brpl	.-8      	; 0x1838 <GPIO_writePin+0xb0>
    1840:	80 95       	com	r24
    1842:	84 23       	and	r24, r20
    1844:	8c 93       	st	X, r24
    1846:	83 c0       	rjmp	.+262    	; 0x194e <GPIO_writePin+0x1c6>
			}
			break;
		case PORTB_ID:
			if(value == LOGIC_HIGH)
    1848:	8b 81       	ldd	r24, Y+3	; 0x03
    184a:	81 30       	cpi	r24, 0x01	; 1
    184c:	a1 f4       	brne	.+40     	; 0x1876 <GPIO_writePin+0xee>
			{
				SET_BIT(GPIO_PORTB_REG.Byte,pin_num);
    184e:	a8 e3       	ldi	r26, 0x38	; 56
    1850:	b0 e0       	ldi	r27, 0x00	; 0
    1852:	e8 e3       	ldi	r30, 0x38	; 56
    1854:	f0 e0       	ldi	r31, 0x00	; 0
    1856:	80 81       	ld	r24, Z
    1858:	48 2f       	mov	r20, r24
    185a:	8a 81       	ldd	r24, Y+2	; 0x02
    185c:	28 2f       	mov	r18, r24
    185e:	30 e0       	ldi	r19, 0x00	; 0
    1860:	81 e0       	ldi	r24, 0x01	; 1
    1862:	90 e0       	ldi	r25, 0x00	; 0
    1864:	02 2e       	mov	r0, r18
    1866:	02 c0       	rjmp	.+4      	; 0x186c <GPIO_writePin+0xe4>
    1868:	88 0f       	add	r24, r24
    186a:	99 1f       	adc	r25, r25
    186c:	0a 94       	dec	r0
    186e:	e2 f7       	brpl	.-8      	; 0x1868 <GPIO_writePin+0xe0>
    1870:	84 2b       	or	r24, r20
    1872:	8c 93       	st	X, r24
    1874:	6c c0       	rjmp	.+216    	; 0x194e <GPIO_writePin+0x1c6>
			}
			else
			{
				CLEAR_BIT(GPIO_PORTB_REG.Byte,pin_num);
    1876:	a8 e3       	ldi	r26, 0x38	; 56
    1878:	b0 e0       	ldi	r27, 0x00	; 0
    187a:	e8 e3       	ldi	r30, 0x38	; 56
    187c:	f0 e0       	ldi	r31, 0x00	; 0
    187e:	80 81       	ld	r24, Z
    1880:	48 2f       	mov	r20, r24
    1882:	8a 81       	ldd	r24, Y+2	; 0x02
    1884:	28 2f       	mov	r18, r24
    1886:	30 e0       	ldi	r19, 0x00	; 0
    1888:	81 e0       	ldi	r24, 0x01	; 1
    188a:	90 e0       	ldi	r25, 0x00	; 0
    188c:	02 2e       	mov	r0, r18
    188e:	02 c0       	rjmp	.+4      	; 0x1894 <GPIO_writePin+0x10c>
    1890:	88 0f       	add	r24, r24
    1892:	99 1f       	adc	r25, r25
    1894:	0a 94       	dec	r0
    1896:	e2 f7       	brpl	.-8      	; 0x1890 <GPIO_writePin+0x108>
    1898:	80 95       	com	r24
    189a:	84 23       	and	r24, r20
    189c:	8c 93       	st	X, r24
    189e:	57 c0       	rjmp	.+174    	; 0x194e <GPIO_writePin+0x1c6>
			}
			break;
		case PORTC_ID:
			if(value == LOGIC_HIGH)
    18a0:	8b 81       	ldd	r24, Y+3	; 0x03
    18a2:	81 30       	cpi	r24, 0x01	; 1
    18a4:	a1 f4       	brne	.+40     	; 0x18ce <GPIO_writePin+0x146>
			{
				SET_BIT(GPIO_PORTC_REG.Byte,pin_num);
    18a6:	a5 e3       	ldi	r26, 0x35	; 53
    18a8:	b0 e0       	ldi	r27, 0x00	; 0
    18aa:	e5 e3       	ldi	r30, 0x35	; 53
    18ac:	f0 e0       	ldi	r31, 0x00	; 0
    18ae:	80 81       	ld	r24, Z
    18b0:	48 2f       	mov	r20, r24
    18b2:	8a 81       	ldd	r24, Y+2	; 0x02
    18b4:	28 2f       	mov	r18, r24
    18b6:	30 e0       	ldi	r19, 0x00	; 0
    18b8:	81 e0       	ldi	r24, 0x01	; 1
    18ba:	90 e0       	ldi	r25, 0x00	; 0
    18bc:	02 2e       	mov	r0, r18
    18be:	02 c0       	rjmp	.+4      	; 0x18c4 <GPIO_writePin+0x13c>
    18c0:	88 0f       	add	r24, r24
    18c2:	99 1f       	adc	r25, r25
    18c4:	0a 94       	dec	r0
    18c6:	e2 f7       	brpl	.-8      	; 0x18c0 <GPIO_writePin+0x138>
    18c8:	84 2b       	or	r24, r20
    18ca:	8c 93       	st	X, r24
    18cc:	40 c0       	rjmp	.+128    	; 0x194e <GPIO_writePin+0x1c6>
			}
			else
			{
				CLEAR_BIT(GPIO_PORTC_REG.Byte,pin_num);
    18ce:	a5 e3       	ldi	r26, 0x35	; 53
    18d0:	b0 e0       	ldi	r27, 0x00	; 0
    18d2:	e5 e3       	ldi	r30, 0x35	; 53
    18d4:	f0 e0       	ldi	r31, 0x00	; 0
    18d6:	80 81       	ld	r24, Z
    18d8:	48 2f       	mov	r20, r24
    18da:	8a 81       	ldd	r24, Y+2	; 0x02
    18dc:	28 2f       	mov	r18, r24
    18de:	30 e0       	ldi	r19, 0x00	; 0
    18e0:	81 e0       	ldi	r24, 0x01	; 1
    18e2:	90 e0       	ldi	r25, 0x00	; 0
    18e4:	02 2e       	mov	r0, r18
    18e6:	02 c0       	rjmp	.+4      	; 0x18ec <GPIO_writePin+0x164>
    18e8:	88 0f       	add	r24, r24
    18ea:	99 1f       	adc	r25, r25
    18ec:	0a 94       	dec	r0
    18ee:	e2 f7       	brpl	.-8      	; 0x18e8 <GPIO_writePin+0x160>
    18f0:	80 95       	com	r24
    18f2:	84 23       	and	r24, r20
    18f4:	8c 93       	st	X, r24
    18f6:	2b c0       	rjmp	.+86     	; 0x194e <GPIO_writePin+0x1c6>
			}
			break;
		case PORTD_ID:
			if(value == LOGIC_HIGH)
    18f8:	8b 81       	ldd	r24, Y+3	; 0x03
    18fa:	81 30       	cpi	r24, 0x01	; 1
    18fc:	a1 f4       	brne	.+40     	; 0x1926 <GPIO_writePin+0x19e>
			{
				SET_BIT(GPIO_PORTD_REG.Byte,pin_num);
    18fe:	a2 e3       	ldi	r26, 0x32	; 50
    1900:	b0 e0       	ldi	r27, 0x00	; 0
    1902:	e2 e3       	ldi	r30, 0x32	; 50
    1904:	f0 e0       	ldi	r31, 0x00	; 0
    1906:	80 81       	ld	r24, Z
    1908:	48 2f       	mov	r20, r24
    190a:	8a 81       	ldd	r24, Y+2	; 0x02
    190c:	28 2f       	mov	r18, r24
    190e:	30 e0       	ldi	r19, 0x00	; 0
    1910:	81 e0       	ldi	r24, 0x01	; 1
    1912:	90 e0       	ldi	r25, 0x00	; 0
    1914:	02 2e       	mov	r0, r18
    1916:	02 c0       	rjmp	.+4      	; 0x191c <GPIO_writePin+0x194>
    1918:	88 0f       	add	r24, r24
    191a:	99 1f       	adc	r25, r25
    191c:	0a 94       	dec	r0
    191e:	e2 f7       	brpl	.-8      	; 0x1918 <GPIO_writePin+0x190>
    1920:	84 2b       	or	r24, r20
    1922:	8c 93       	st	X, r24
    1924:	14 c0       	rjmp	.+40     	; 0x194e <GPIO_writePin+0x1c6>
			}
			else
			{
				CLEAR_BIT(GPIO_PORTD_REG.Byte,pin_num);
    1926:	a2 e3       	ldi	r26, 0x32	; 50
    1928:	b0 e0       	ldi	r27, 0x00	; 0
    192a:	e2 e3       	ldi	r30, 0x32	; 50
    192c:	f0 e0       	ldi	r31, 0x00	; 0
    192e:	80 81       	ld	r24, Z
    1930:	48 2f       	mov	r20, r24
    1932:	8a 81       	ldd	r24, Y+2	; 0x02
    1934:	28 2f       	mov	r18, r24
    1936:	30 e0       	ldi	r19, 0x00	; 0
    1938:	81 e0       	ldi	r24, 0x01	; 1
    193a:	90 e0       	ldi	r25, 0x00	; 0
    193c:	02 2e       	mov	r0, r18
    193e:	02 c0       	rjmp	.+4      	; 0x1944 <GPIO_writePin+0x1bc>
    1940:	88 0f       	add	r24, r24
    1942:	99 1f       	adc	r25, r25
    1944:	0a 94       	dec	r0
    1946:	e2 f7       	brpl	.-8      	; 0x1940 <GPIO_writePin+0x1b8>
    1948:	80 95       	com	r24
    194a:	84 23       	and	r24, r20
    194c:	8c 93       	st	X, r24
			}
			break;
		}
	}
}
    194e:	0f 90       	pop	r0
    1950:	0f 90       	pop	r0
    1952:	0f 90       	pop	r0
    1954:	0f 90       	pop	r0
    1956:	0f 90       	pop	r0
    1958:	cf 91       	pop	r28
    195a:	df 91       	pop	r29
    195c:	08 95       	ret

0000195e <GPIO_readPin>:
 * Description :
 * Read and return the value for the required pin, it should be Logic High or Logic Low.
 * If the input port number or pin number are not correct, The function will return Logic Low.
 */
uint8 GPIO_readPin(uint8 port_num, uint8 pin_num)
{
    195e:	df 93       	push	r29
    1960:	cf 93       	push	r28
    1962:	00 d0       	rcall	.+0      	; 0x1964 <GPIO_readPin+0x6>
    1964:	00 d0       	rcall	.+0      	; 0x1966 <GPIO_readPin+0x8>
    1966:	0f 92       	push	r0
    1968:	cd b7       	in	r28, 0x3d	; 61
    196a:	de b7       	in	r29, 0x3e	; 62
    196c:	8a 83       	std	Y+2, r24	; 0x02
    196e:	6b 83       	std	Y+3, r22	; 0x03
	uint8 pin_value = LOGIC_LOW;
    1970:	19 82       	std	Y+1, r1	; 0x01
	/*
	 * Check if the input port number is greater than NUM_OF_PINS_PER_PORT value.
	 * Or if the input pin number is greater than NUM_OF_PINS_PER_PORT value.
	 * In this case the input is not valid port/pin number
	 */
	if((pin_num >= NUM_OF_PINS_PER_PORT) || (port_num >= NUM_OF_PORTS))
    1972:	8b 81       	ldd	r24, Y+3	; 0x03
    1974:	88 30       	cpi	r24, 0x08	; 8
    1976:	08 f0       	brcs	.+2      	; 0x197a <GPIO_readPin+0x1c>
    1978:	84 c0       	rjmp	.+264    	; 0x1a82 <GPIO_readPin+0x124>
    197a:	8a 81       	ldd	r24, Y+2	; 0x02
    197c:	84 30       	cpi	r24, 0x04	; 4
    197e:	08 f0       	brcs	.+2      	; 0x1982 <GPIO_readPin+0x24>
    1980:	80 c0       	rjmp	.+256    	; 0x1a82 <GPIO_readPin+0x124>
		/* Do Nothing */
	}
	else
	{
		/* Read the pin value as required */
		switch(port_num)
    1982:	8a 81       	ldd	r24, Y+2	; 0x02
    1984:	28 2f       	mov	r18, r24
    1986:	30 e0       	ldi	r19, 0x00	; 0
    1988:	3d 83       	std	Y+5, r19	; 0x05
    198a:	2c 83       	std	Y+4, r18	; 0x04
    198c:	4c 81       	ldd	r20, Y+4	; 0x04
    198e:	5d 81       	ldd	r21, Y+5	; 0x05
    1990:	41 30       	cpi	r20, 0x01	; 1
    1992:	51 05       	cpc	r21, r1
    1994:	79 f1       	breq	.+94     	; 0x19f4 <GPIO_readPin+0x96>
    1996:	8c 81       	ldd	r24, Y+4	; 0x04
    1998:	9d 81       	ldd	r25, Y+5	; 0x05
    199a:	82 30       	cpi	r24, 0x02	; 2
    199c:	91 05       	cpc	r25, r1
    199e:	34 f4       	brge	.+12     	; 0x19ac <GPIO_readPin+0x4e>
    19a0:	2c 81       	ldd	r18, Y+4	; 0x04
    19a2:	3d 81       	ldd	r19, Y+5	; 0x05
    19a4:	21 15       	cp	r18, r1
    19a6:	31 05       	cpc	r19, r1
    19a8:	69 f0       	breq	.+26     	; 0x19c4 <GPIO_readPin+0x66>
    19aa:	6b c0       	rjmp	.+214    	; 0x1a82 <GPIO_readPin+0x124>
    19ac:	4c 81       	ldd	r20, Y+4	; 0x04
    19ae:	5d 81       	ldd	r21, Y+5	; 0x05
    19b0:	42 30       	cpi	r20, 0x02	; 2
    19b2:	51 05       	cpc	r21, r1
    19b4:	b9 f1       	breq	.+110    	; 0x1a24 <GPIO_readPin+0xc6>
    19b6:	8c 81       	ldd	r24, Y+4	; 0x04
    19b8:	9d 81       	ldd	r25, Y+5	; 0x05
    19ba:	83 30       	cpi	r24, 0x03	; 3
    19bc:	91 05       	cpc	r25, r1
    19be:	09 f4       	brne	.+2      	; 0x19c2 <GPIO_readPin+0x64>
    19c0:	49 c0       	rjmp	.+146    	; 0x1a54 <GPIO_readPin+0xf6>
    19c2:	5f c0       	rjmp	.+190    	; 0x1a82 <GPIO_readPin+0x124>
		{
		case PORTA_ID:
			if(BIT_IS_SET(GPIO_PINA_REG.Byte,pin_num))
    19c4:	e9 e3       	ldi	r30, 0x39	; 57
    19c6:	f0 e0       	ldi	r31, 0x00	; 0
    19c8:	80 81       	ld	r24, Z
    19ca:	28 2f       	mov	r18, r24
    19cc:	30 e0       	ldi	r19, 0x00	; 0
    19ce:	8b 81       	ldd	r24, Y+3	; 0x03
    19d0:	88 2f       	mov	r24, r24
    19d2:	90 e0       	ldi	r25, 0x00	; 0
    19d4:	a9 01       	movw	r20, r18
    19d6:	02 c0       	rjmp	.+4      	; 0x19dc <GPIO_readPin+0x7e>
    19d8:	55 95       	asr	r21
    19da:	47 95       	ror	r20
    19dc:	8a 95       	dec	r24
    19de:	e2 f7       	brpl	.-8      	; 0x19d8 <GPIO_readPin+0x7a>
    19e0:	ca 01       	movw	r24, r20
    19e2:	81 70       	andi	r24, 0x01	; 1
    19e4:	90 70       	andi	r25, 0x00	; 0
    19e6:	88 23       	and	r24, r24
    19e8:	19 f0       	breq	.+6      	; 0x19f0 <GPIO_readPin+0x92>
			{
				pin_value = LOGIC_HIGH;
    19ea:	81 e0       	ldi	r24, 0x01	; 1
    19ec:	89 83       	std	Y+1, r24	; 0x01
    19ee:	49 c0       	rjmp	.+146    	; 0x1a82 <GPIO_readPin+0x124>
			}
			else
			{
				pin_value = LOGIC_LOW;
    19f0:	19 82       	std	Y+1, r1	; 0x01
    19f2:	47 c0       	rjmp	.+142    	; 0x1a82 <GPIO_readPin+0x124>
			}
			break;
		case PORTB_ID:
			if(BIT_IS_SET(GPIO_PINB_REG.Byte,pin_num))
    19f4:	e6 e3       	ldi	r30, 0x36	; 54
    19f6:	f0 e0       	ldi	r31, 0x00	; 0
    19f8:	80 81       	ld	r24, Z
    19fa:	28 2f       	mov	r18, r24
    19fc:	30 e0       	ldi	r19, 0x00	; 0
    19fe:	8b 81       	ldd	r24, Y+3	; 0x03
    1a00:	88 2f       	mov	r24, r24
    1a02:	90 e0       	ldi	r25, 0x00	; 0
    1a04:	a9 01       	movw	r20, r18
    1a06:	02 c0       	rjmp	.+4      	; 0x1a0c <GPIO_readPin+0xae>
    1a08:	55 95       	asr	r21
    1a0a:	47 95       	ror	r20
    1a0c:	8a 95       	dec	r24
    1a0e:	e2 f7       	brpl	.-8      	; 0x1a08 <GPIO_readPin+0xaa>
    1a10:	ca 01       	movw	r24, r20
    1a12:	81 70       	andi	r24, 0x01	; 1
    1a14:	90 70       	andi	r25, 0x00	; 0
    1a16:	88 23       	and	r24, r24
    1a18:	19 f0       	breq	.+6      	; 0x1a20 <GPIO_readPin+0xc2>
			{
				pin_value = LOGIC_HIGH;
    1a1a:	81 e0       	ldi	r24, 0x01	; 1
    1a1c:	89 83       	std	Y+1, r24	; 0x01
    1a1e:	31 c0       	rjmp	.+98     	; 0x1a82 <GPIO_readPin+0x124>
			}
			else
			{
				pin_value = LOGIC_LOW;
    1a20:	19 82       	std	Y+1, r1	; 0x01
    1a22:	2f c0       	rjmp	.+94     	; 0x1a82 <GPIO_readPin+0x124>
			}
			break;
		case PORTC_ID:
			if(BIT_IS_SET(GPIO_PINC_REG.Byte,pin_num))
    1a24:	e3 e3       	ldi	r30, 0x33	; 51
    1a26:	f0 e0       	ldi	r31, 0x00	; 0
    1a28:	80 81       	ld	r24, Z
    1a2a:	28 2f       	mov	r18, r24
    1a2c:	30 e0       	ldi	r19, 0x00	; 0
    1a2e:	8b 81       	ldd	r24, Y+3	; 0x03
    1a30:	88 2f       	mov	r24, r24
    1a32:	90 e0       	ldi	r25, 0x00	; 0
    1a34:	a9 01       	movw	r20, r18
    1a36:	02 c0       	rjmp	.+4      	; 0x1a3c <GPIO_readPin+0xde>
    1a38:	55 95       	asr	r21
    1a3a:	47 95       	ror	r20
    1a3c:	8a 95       	dec	r24
    1a3e:	e2 f7       	brpl	.-8      	; 0x1a38 <GPIO_readPin+0xda>
    1a40:	ca 01       	movw	r24, r20
    1a42:	81 70       	andi	r24, 0x01	; 1
    1a44:	90 70       	andi	r25, 0x00	; 0
    1a46:	88 23       	and	r24, r24
    1a48:	19 f0       	breq	.+6      	; 0x1a50 <GPIO_readPin+0xf2>
			{
				pin_value = LOGIC_HIGH;
    1a4a:	81 e0       	ldi	r24, 0x01	; 1
    1a4c:	89 83       	std	Y+1, r24	; 0x01
    1a4e:	19 c0       	rjmp	.+50     	; 0x1a82 <GPIO_readPin+0x124>
			}
			else
			{
				pin_value = LOGIC_LOW;
    1a50:	19 82       	std	Y+1, r1	; 0x01
    1a52:	17 c0       	rjmp	.+46     	; 0x1a82 <GPIO_readPin+0x124>
			}
			break;
		case PORTD_ID:
			if(BIT_IS_SET(GPIO_PIND_REG.Byte,pin_num))
    1a54:	e0 e3       	ldi	r30, 0x30	; 48
    1a56:	f0 e0       	ldi	r31, 0x00	; 0
    1a58:	80 81       	ld	r24, Z
    1a5a:	28 2f       	mov	r18, r24
    1a5c:	30 e0       	ldi	r19, 0x00	; 0
    1a5e:	8b 81       	ldd	r24, Y+3	; 0x03
    1a60:	88 2f       	mov	r24, r24
    1a62:	90 e0       	ldi	r25, 0x00	; 0
    1a64:	a9 01       	movw	r20, r18
    1a66:	02 c0       	rjmp	.+4      	; 0x1a6c <GPIO_readPin+0x10e>
    1a68:	55 95       	asr	r21
    1a6a:	47 95       	ror	r20
    1a6c:	8a 95       	dec	r24
    1a6e:	e2 f7       	brpl	.-8      	; 0x1a68 <GPIO_readPin+0x10a>
    1a70:	ca 01       	movw	r24, r20
    1a72:	81 70       	andi	r24, 0x01	; 1
    1a74:	90 70       	andi	r25, 0x00	; 0
    1a76:	88 23       	and	r24, r24
    1a78:	19 f0       	breq	.+6      	; 0x1a80 <GPIO_readPin+0x122>
			{
				pin_value = LOGIC_HIGH;
    1a7a:	81 e0       	ldi	r24, 0x01	; 1
    1a7c:	89 83       	std	Y+1, r24	; 0x01
    1a7e:	01 c0       	rjmp	.+2      	; 0x1a82 <GPIO_readPin+0x124>
			}
			else
			{
				pin_value = LOGIC_LOW;
    1a80:	19 82       	std	Y+1, r1	; 0x01
			}
			break;
		}
	}

	return pin_value;
    1a82:	89 81       	ldd	r24, Y+1	; 0x01
}
    1a84:	0f 90       	pop	r0
    1a86:	0f 90       	pop	r0
    1a88:	0f 90       	pop	r0
    1a8a:	0f 90       	pop	r0
    1a8c:	0f 90       	pop	r0
    1a8e:	cf 91       	pop	r28
    1a90:	df 91       	pop	r29
    1a92:	08 95       	ret

00001a94 <GPIO_togglePin>:

void GPIO_togglePin(uint8 port_num, uint8 pin_num)
{
    1a94:	df 93       	push	r29
    1a96:	cf 93       	push	r28
    1a98:	00 d0       	rcall	.+0      	; 0x1a9a <GPIO_togglePin+0x6>
    1a9a:	00 d0       	rcall	.+0      	; 0x1a9c <GPIO_togglePin+0x8>
    1a9c:	cd b7       	in	r28, 0x3d	; 61
    1a9e:	de b7       	in	r29, 0x3e	; 62
    1aa0:	89 83       	std	Y+1, r24	; 0x01
    1aa2:	6a 83       	std	Y+2, r22	; 0x02
	/*
	 * Check if the input port number is greater than NUM_OF_PINS_PER_PORT value.
	 * Or if the input pin number is greater than NUM_OF_PINS_PER_PORT value.
	 * In this case the input is not valid port/pin number
	 */
	if((pin_num >= NUM_OF_PINS_PER_PORT) || (port_num >= NUM_OF_PORTS))
    1aa4:	8a 81       	ldd	r24, Y+2	; 0x02
    1aa6:	88 30       	cpi	r24, 0x08	; 8
    1aa8:	08 f0       	brcs	.+2      	; 0x1aac <GPIO_togglePin+0x18>
    1aaa:	72 c0       	rjmp	.+228    	; 0x1b90 <GPIO_togglePin+0xfc>
    1aac:	89 81       	ldd	r24, Y+1	; 0x01
    1aae:	84 30       	cpi	r24, 0x04	; 4
    1ab0:	08 f0       	brcs	.+2      	; 0x1ab4 <GPIO_togglePin+0x20>
    1ab2:	6e c0       	rjmp	.+220    	; 0x1b90 <GPIO_togglePin+0xfc>
		/* Do Nothing */
	}
	else
	{
		/* toggle the pin value as required */
		switch(port_num)
    1ab4:	89 81       	ldd	r24, Y+1	; 0x01
    1ab6:	28 2f       	mov	r18, r24
    1ab8:	30 e0       	ldi	r19, 0x00	; 0
    1aba:	3c 83       	std	Y+4, r19	; 0x04
    1abc:	2b 83       	std	Y+3, r18	; 0x03
    1abe:	8b 81       	ldd	r24, Y+3	; 0x03
    1ac0:	9c 81       	ldd	r25, Y+4	; 0x04
    1ac2:	81 30       	cpi	r24, 0x01	; 1
    1ac4:	91 05       	cpc	r25, r1
    1ac6:	49 f1       	breq	.+82     	; 0x1b1a <GPIO_togglePin+0x86>
    1ac8:	2b 81       	ldd	r18, Y+3	; 0x03
    1aca:	3c 81       	ldd	r19, Y+4	; 0x04
    1acc:	22 30       	cpi	r18, 0x02	; 2
    1ace:	31 05       	cpc	r19, r1
    1ad0:	2c f4       	brge	.+10     	; 0x1adc <GPIO_togglePin+0x48>
    1ad2:	8b 81       	ldd	r24, Y+3	; 0x03
    1ad4:	9c 81       	ldd	r25, Y+4	; 0x04
    1ad6:	00 97       	sbiw	r24, 0x00	; 0
    1ad8:	61 f0       	breq	.+24     	; 0x1af2 <GPIO_togglePin+0x5e>
    1ada:	5a c0       	rjmp	.+180    	; 0x1b90 <GPIO_togglePin+0xfc>
    1adc:	2b 81       	ldd	r18, Y+3	; 0x03
    1ade:	3c 81       	ldd	r19, Y+4	; 0x04
    1ae0:	22 30       	cpi	r18, 0x02	; 2
    1ae2:	31 05       	cpc	r19, r1
    1ae4:	71 f1       	breq	.+92     	; 0x1b42 <GPIO_togglePin+0xae>
    1ae6:	8b 81       	ldd	r24, Y+3	; 0x03
    1ae8:	9c 81       	ldd	r25, Y+4	; 0x04
    1aea:	83 30       	cpi	r24, 0x03	; 3
    1aec:	91 05       	cpc	r25, r1
    1aee:	e9 f1       	breq	.+122    	; 0x1b6a <GPIO_togglePin+0xd6>
    1af0:	4f c0       	rjmp	.+158    	; 0x1b90 <GPIO_togglePin+0xfc>
		{
		case PORTA_ID:
			TOGGLE_BIT(GPIO_PORTA_REG.Byte,pin_num);
    1af2:	ab e3       	ldi	r26, 0x3B	; 59
    1af4:	b0 e0       	ldi	r27, 0x00	; 0
    1af6:	eb e3       	ldi	r30, 0x3B	; 59
    1af8:	f0 e0       	ldi	r31, 0x00	; 0
    1afa:	80 81       	ld	r24, Z
    1afc:	48 2f       	mov	r20, r24
    1afe:	8a 81       	ldd	r24, Y+2	; 0x02
    1b00:	28 2f       	mov	r18, r24
    1b02:	30 e0       	ldi	r19, 0x00	; 0
    1b04:	81 e0       	ldi	r24, 0x01	; 1
    1b06:	90 e0       	ldi	r25, 0x00	; 0
    1b08:	02 2e       	mov	r0, r18
    1b0a:	02 c0       	rjmp	.+4      	; 0x1b10 <GPIO_togglePin+0x7c>
    1b0c:	88 0f       	add	r24, r24
    1b0e:	99 1f       	adc	r25, r25
    1b10:	0a 94       	dec	r0
    1b12:	e2 f7       	brpl	.-8      	; 0x1b0c <GPIO_togglePin+0x78>
    1b14:	84 27       	eor	r24, r20
    1b16:	8c 93       	st	X, r24
    1b18:	3b c0       	rjmp	.+118    	; 0x1b90 <GPIO_togglePin+0xfc>
			break;
		case PORTB_ID:
			TOGGLE_BIT(GPIO_PORTB_REG.Byte,pin_num);
    1b1a:	a8 e3       	ldi	r26, 0x38	; 56
    1b1c:	b0 e0       	ldi	r27, 0x00	; 0
    1b1e:	e8 e3       	ldi	r30, 0x38	; 56
    1b20:	f0 e0       	ldi	r31, 0x00	; 0
    1b22:	80 81       	ld	r24, Z
    1b24:	48 2f       	mov	r20, r24
    1b26:	8a 81       	ldd	r24, Y+2	; 0x02
    1b28:	28 2f       	mov	r18, r24
    1b2a:	30 e0       	ldi	r19, 0x00	; 0
    1b2c:	81 e0       	ldi	r24, 0x01	; 1
    1b2e:	90 e0       	ldi	r25, 0x00	; 0
    1b30:	02 2e       	mov	r0, r18
    1b32:	02 c0       	rjmp	.+4      	; 0x1b38 <GPIO_togglePin+0xa4>
    1b34:	88 0f       	add	r24, r24
    1b36:	99 1f       	adc	r25, r25
    1b38:	0a 94       	dec	r0
    1b3a:	e2 f7       	brpl	.-8      	; 0x1b34 <GPIO_togglePin+0xa0>
    1b3c:	84 27       	eor	r24, r20
    1b3e:	8c 93       	st	X, r24
    1b40:	27 c0       	rjmp	.+78     	; 0x1b90 <GPIO_togglePin+0xfc>
			break;
		case PORTC_ID:
			TOGGLE_BIT(GPIO_PORTC_REG.Byte,pin_num);
    1b42:	a5 e3       	ldi	r26, 0x35	; 53
    1b44:	b0 e0       	ldi	r27, 0x00	; 0
    1b46:	e5 e3       	ldi	r30, 0x35	; 53
    1b48:	f0 e0       	ldi	r31, 0x00	; 0
    1b4a:	80 81       	ld	r24, Z
    1b4c:	48 2f       	mov	r20, r24
    1b4e:	8a 81       	ldd	r24, Y+2	; 0x02
    1b50:	28 2f       	mov	r18, r24
    1b52:	30 e0       	ldi	r19, 0x00	; 0
    1b54:	81 e0       	ldi	r24, 0x01	; 1
    1b56:	90 e0       	ldi	r25, 0x00	; 0
    1b58:	02 2e       	mov	r0, r18
    1b5a:	02 c0       	rjmp	.+4      	; 0x1b60 <GPIO_togglePin+0xcc>
    1b5c:	88 0f       	add	r24, r24
    1b5e:	99 1f       	adc	r25, r25
    1b60:	0a 94       	dec	r0
    1b62:	e2 f7       	brpl	.-8      	; 0x1b5c <GPIO_togglePin+0xc8>
    1b64:	84 27       	eor	r24, r20
    1b66:	8c 93       	st	X, r24
    1b68:	13 c0       	rjmp	.+38     	; 0x1b90 <GPIO_togglePin+0xfc>
			break;
		case PORTD_ID:
			TOGGLE_BIT(GPIO_PORTD_REG.Byte,pin_num);
    1b6a:	a2 e3       	ldi	r26, 0x32	; 50
    1b6c:	b0 e0       	ldi	r27, 0x00	; 0
    1b6e:	e2 e3       	ldi	r30, 0x32	; 50
    1b70:	f0 e0       	ldi	r31, 0x00	; 0
    1b72:	80 81       	ld	r24, Z
    1b74:	48 2f       	mov	r20, r24
    1b76:	8a 81       	ldd	r24, Y+2	; 0x02
    1b78:	28 2f       	mov	r18, r24
    1b7a:	30 e0       	ldi	r19, 0x00	; 0
    1b7c:	81 e0       	ldi	r24, 0x01	; 1
    1b7e:	90 e0       	ldi	r25, 0x00	; 0
    1b80:	02 2e       	mov	r0, r18
    1b82:	02 c0       	rjmp	.+4      	; 0x1b88 <GPIO_togglePin+0xf4>
    1b84:	88 0f       	add	r24, r24
    1b86:	99 1f       	adc	r25, r25
    1b88:	0a 94       	dec	r0
    1b8a:	e2 f7       	brpl	.-8      	; 0x1b84 <GPIO_togglePin+0xf0>
    1b8c:	84 27       	eor	r24, r20
    1b8e:	8c 93       	st	X, r24
			break;
		}
	}
}
    1b90:	0f 90       	pop	r0
    1b92:	0f 90       	pop	r0
    1b94:	0f 90       	pop	r0
    1b96:	0f 90       	pop	r0
    1b98:	cf 91       	pop	r28
    1b9a:	df 91       	pop	r29
    1b9c:	08 95       	ret

00001b9e <GPIO_setupPortDirection>:
 * If the direction value is PORT_INPUT all pins in this port should be input pins.
 * If the direction value is PORT_OUTPUT all pins in this port should be output pins.
 * If the input port number is not correct, The function will not handle the request.
 */
void GPIO_setupPortDirection(uint8 port_num, GPIO_PortDirectionType direction)
{
    1b9e:	df 93       	push	r29
    1ba0:	cf 93       	push	r28
    1ba2:	00 d0       	rcall	.+0      	; 0x1ba4 <GPIO_setupPortDirection+0x6>
    1ba4:	00 d0       	rcall	.+0      	; 0x1ba6 <GPIO_setupPortDirection+0x8>
    1ba6:	cd b7       	in	r28, 0x3d	; 61
    1ba8:	de b7       	in	r29, 0x3e	; 62
    1baa:	89 83       	std	Y+1, r24	; 0x01
    1bac:	6a 83       	std	Y+2, r22	; 0x02
	/*
	 * Check if the input number is greater than NUM_OF_PORTS value.
	 * In this case the input is not valid port number
	 */
	if(port_num >= NUM_OF_PORTS)
    1bae:	89 81       	ldd	r24, Y+1	; 0x01
    1bb0:	84 30       	cpi	r24, 0x04	; 4
    1bb2:	90 f5       	brcc	.+100    	; 0x1c18 <GPIO_setupPortDirection+0x7a>
		/* Do Nothing */
	}
	else
	{
		/* Setup the port direction as required */
		switch(port_num)
    1bb4:	89 81       	ldd	r24, Y+1	; 0x01
    1bb6:	28 2f       	mov	r18, r24
    1bb8:	30 e0       	ldi	r19, 0x00	; 0
    1bba:	3c 83       	std	Y+4, r19	; 0x04
    1bbc:	2b 83       	std	Y+3, r18	; 0x03
    1bbe:	8b 81       	ldd	r24, Y+3	; 0x03
    1bc0:	9c 81       	ldd	r25, Y+4	; 0x04
    1bc2:	81 30       	cpi	r24, 0x01	; 1
    1bc4:	91 05       	cpc	r25, r1
    1bc6:	d1 f0       	breq	.+52     	; 0x1bfc <GPIO_setupPortDirection+0x5e>
    1bc8:	2b 81       	ldd	r18, Y+3	; 0x03
    1bca:	3c 81       	ldd	r19, Y+4	; 0x04
    1bcc:	22 30       	cpi	r18, 0x02	; 2
    1bce:	31 05       	cpc	r19, r1
    1bd0:	2c f4       	brge	.+10     	; 0x1bdc <GPIO_setupPortDirection+0x3e>
    1bd2:	8b 81       	ldd	r24, Y+3	; 0x03
    1bd4:	9c 81       	ldd	r25, Y+4	; 0x04
    1bd6:	00 97       	sbiw	r24, 0x00	; 0
    1bd8:	61 f0       	breq	.+24     	; 0x1bf2 <GPIO_setupPortDirection+0x54>
    1bda:	1e c0       	rjmp	.+60     	; 0x1c18 <GPIO_setupPortDirection+0x7a>
    1bdc:	2b 81       	ldd	r18, Y+3	; 0x03
    1bde:	3c 81       	ldd	r19, Y+4	; 0x04
    1be0:	22 30       	cpi	r18, 0x02	; 2
    1be2:	31 05       	cpc	r19, r1
    1be4:	81 f0       	breq	.+32     	; 0x1c06 <GPIO_setupPortDirection+0x68>
    1be6:	8b 81       	ldd	r24, Y+3	; 0x03
    1be8:	9c 81       	ldd	r25, Y+4	; 0x04
    1bea:	83 30       	cpi	r24, 0x03	; 3
    1bec:	91 05       	cpc	r25, r1
    1bee:	81 f0       	breq	.+32     	; 0x1c10 <GPIO_setupPortDirection+0x72>
    1bf0:	13 c0       	rjmp	.+38     	; 0x1c18 <GPIO_setupPortDirection+0x7a>
		{
		case PORTA_ID:
			GPIO_DDRA_REG.Byte=direction;
    1bf2:	ea e3       	ldi	r30, 0x3A	; 58
    1bf4:	f0 e0       	ldi	r31, 0x00	; 0
    1bf6:	8a 81       	ldd	r24, Y+2	; 0x02
    1bf8:	80 83       	st	Z, r24
    1bfa:	0e c0       	rjmp	.+28     	; 0x1c18 <GPIO_setupPortDirection+0x7a>
			break;
		case PORTB_ID:
			GPIO_DDRB_REG.Byte=direction;
    1bfc:	e7 e3       	ldi	r30, 0x37	; 55
    1bfe:	f0 e0       	ldi	r31, 0x00	; 0
    1c00:	8a 81       	ldd	r24, Y+2	; 0x02
    1c02:	80 83       	st	Z, r24
    1c04:	09 c0       	rjmp	.+18     	; 0x1c18 <GPIO_setupPortDirection+0x7a>
			break;
		case PORTC_ID:
			GPIO_DDRC_REG.Byte=direction;
    1c06:	e4 e3       	ldi	r30, 0x34	; 52
    1c08:	f0 e0       	ldi	r31, 0x00	; 0
    1c0a:	8a 81       	ldd	r24, Y+2	; 0x02
    1c0c:	80 83       	st	Z, r24
    1c0e:	04 c0       	rjmp	.+8      	; 0x1c18 <GPIO_setupPortDirection+0x7a>
			break;
		case PORTD_ID:
			GPIO_DDRD_REG.Byte=direction;
    1c10:	e1 e3       	ldi	r30, 0x31	; 49
    1c12:	f0 e0       	ldi	r31, 0x00	; 0
    1c14:	8a 81       	ldd	r24, Y+2	; 0x02
    1c16:	80 83       	st	Z, r24
			break;
		}
	}
}
    1c18:	0f 90       	pop	r0
    1c1a:	0f 90       	pop	r0
    1c1c:	0f 90       	pop	r0
    1c1e:	0f 90       	pop	r0
    1c20:	cf 91       	pop	r28
    1c22:	df 91       	pop	r29
    1c24:	08 95       	ret

00001c26 <GPIO_writePort>:
 * If any pin in the port is output pin the value will be written.
 * If any pin in the port is input pin this will activate/deactivate the internal pull-up resistor.
 * If the input port number is not correct, The function will not handle the request.
 */
void GPIO_writePort(uint8 port_num, uint8 value)
{
    1c26:	df 93       	push	r29
    1c28:	cf 93       	push	r28
    1c2a:	00 d0       	rcall	.+0      	; 0x1c2c <GPIO_writePort+0x6>
    1c2c:	00 d0       	rcall	.+0      	; 0x1c2e <GPIO_writePort+0x8>
    1c2e:	cd b7       	in	r28, 0x3d	; 61
    1c30:	de b7       	in	r29, 0x3e	; 62
    1c32:	89 83       	std	Y+1, r24	; 0x01
    1c34:	6a 83       	std	Y+2, r22	; 0x02
	/*
	 * Check if the input number is greater than NUM_OF_PORTS value.
	 * In this case the input is not valid port number
	 */
	if(port_num >= NUM_OF_PORTS)
    1c36:	89 81       	ldd	r24, Y+1	; 0x01
    1c38:	84 30       	cpi	r24, 0x04	; 4
    1c3a:	90 f5       	brcc	.+100    	; 0x1ca0 <GPIO_writePort+0x7a>
		/* Do Nothing */
	}
	else
	{
		/* Write the port value as required */
		switch(port_num)
    1c3c:	89 81       	ldd	r24, Y+1	; 0x01
    1c3e:	28 2f       	mov	r18, r24
    1c40:	30 e0       	ldi	r19, 0x00	; 0
    1c42:	3c 83       	std	Y+4, r19	; 0x04
    1c44:	2b 83       	std	Y+3, r18	; 0x03
    1c46:	8b 81       	ldd	r24, Y+3	; 0x03
    1c48:	9c 81       	ldd	r25, Y+4	; 0x04
    1c4a:	81 30       	cpi	r24, 0x01	; 1
    1c4c:	91 05       	cpc	r25, r1
    1c4e:	d1 f0       	breq	.+52     	; 0x1c84 <GPIO_writePort+0x5e>
    1c50:	2b 81       	ldd	r18, Y+3	; 0x03
    1c52:	3c 81       	ldd	r19, Y+4	; 0x04
    1c54:	22 30       	cpi	r18, 0x02	; 2
    1c56:	31 05       	cpc	r19, r1
    1c58:	2c f4       	brge	.+10     	; 0x1c64 <GPIO_writePort+0x3e>
    1c5a:	8b 81       	ldd	r24, Y+3	; 0x03
    1c5c:	9c 81       	ldd	r25, Y+4	; 0x04
    1c5e:	00 97       	sbiw	r24, 0x00	; 0
    1c60:	61 f0       	breq	.+24     	; 0x1c7a <GPIO_writePort+0x54>
    1c62:	1e c0       	rjmp	.+60     	; 0x1ca0 <GPIO_writePort+0x7a>
    1c64:	2b 81       	ldd	r18, Y+3	; 0x03
    1c66:	3c 81       	ldd	r19, Y+4	; 0x04
    1c68:	22 30       	cpi	r18, 0x02	; 2
    1c6a:	31 05       	cpc	r19, r1
    1c6c:	81 f0       	breq	.+32     	; 0x1c8e <GPIO_writePort+0x68>
    1c6e:	8b 81       	ldd	r24, Y+3	; 0x03
    1c70:	9c 81       	ldd	r25, Y+4	; 0x04
    1c72:	83 30       	cpi	r24, 0x03	; 3
    1c74:	91 05       	cpc	r25, r1
    1c76:	81 f0       	breq	.+32     	; 0x1c98 <GPIO_writePort+0x72>
    1c78:	13 c0       	rjmp	.+38     	; 0x1ca0 <GPIO_writePort+0x7a>
		{
		case PORTA_ID:
			GPIO_PORTA_REG.Byte = value;
    1c7a:	eb e3       	ldi	r30, 0x3B	; 59
    1c7c:	f0 e0       	ldi	r31, 0x00	; 0
    1c7e:	8a 81       	ldd	r24, Y+2	; 0x02
    1c80:	80 83       	st	Z, r24
    1c82:	0e c0       	rjmp	.+28     	; 0x1ca0 <GPIO_writePort+0x7a>
			break;
		case PORTB_ID:
			GPIO_PORTB_REG.Byte = value;
    1c84:	e8 e3       	ldi	r30, 0x38	; 56
    1c86:	f0 e0       	ldi	r31, 0x00	; 0
    1c88:	8a 81       	ldd	r24, Y+2	; 0x02
    1c8a:	80 83       	st	Z, r24
    1c8c:	09 c0       	rjmp	.+18     	; 0x1ca0 <GPIO_writePort+0x7a>
			break;
		case PORTC_ID:
			GPIO_PORTC_REG.Byte = value;
    1c8e:	e5 e3       	ldi	r30, 0x35	; 53
    1c90:	f0 e0       	ldi	r31, 0x00	; 0
    1c92:	8a 81       	ldd	r24, Y+2	; 0x02
    1c94:	80 83       	st	Z, r24
    1c96:	04 c0       	rjmp	.+8      	; 0x1ca0 <GPIO_writePort+0x7a>
			break;
		case PORTD_ID:
			GPIO_PORTD_REG.Byte = value;
    1c98:	e2 e3       	ldi	r30, 0x32	; 50
    1c9a:	f0 e0       	ldi	r31, 0x00	; 0
    1c9c:	8a 81       	ldd	r24, Y+2	; 0x02
    1c9e:	80 83       	st	Z, r24
			break;
		}
	}
}
    1ca0:	0f 90       	pop	r0
    1ca2:	0f 90       	pop	r0
    1ca4:	0f 90       	pop	r0
    1ca6:	0f 90       	pop	r0
    1ca8:	cf 91       	pop	r28
    1caa:	df 91       	pop	r29
    1cac:	08 95       	ret

00001cae <GPIO_readPort>:
 * Description :
 * Read and return the value of the required port.
 * If the input port number is not correct, The function will return ZERO value.
 */
uint8 GPIO_readPort(uint8 port_num)
{
    1cae:	df 93       	push	r29
    1cb0:	cf 93       	push	r28
    1cb2:	00 d0       	rcall	.+0      	; 0x1cb4 <GPIO_readPort+0x6>
    1cb4:	00 d0       	rcall	.+0      	; 0x1cb6 <GPIO_readPort+0x8>
    1cb6:	cd b7       	in	r28, 0x3d	; 61
    1cb8:	de b7       	in	r29, 0x3e	; 62
    1cba:	8a 83       	std	Y+2, r24	; 0x02
	uint8 value = LOGIC_LOW;
    1cbc:	19 82       	std	Y+1, r1	; 0x01

	/*
	 * Check if the input number is greater than NUM_OF_PORTS value.
	 * In this case the input is not valid port number
	 */
	if(port_num >= NUM_OF_PORTS)
    1cbe:	8a 81       	ldd	r24, Y+2	; 0x02
    1cc0:	84 30       	cpi	r24, 0x04	; 4
    1cc2:	90 f5       	brcc	.+100    	; 0x1d28 <GPIO_readPort+0x7a>
		/* Do Nothing */
	}
	else
	{
		/* Read the port value as required */
		switch(port_num)
    1cc4:	8a 81       	ldd	r24, Y+2	; 0x02
    1cc6:	28 2f       	mov	r18, r24
    1cc8:	30 e0       	ldi	r19, 0x00	; 0
    1cca:	3c 83       	std	Y+4, r19	; 0x04
    1ccc:	2b 83       	std	Y+3, r18	; 0x03
    1cce:	8b 81       	ldd	r24, Y+3	; 0x03
    1cd0:	9c 81       	ldd	r25, Y+4	; 0x04
    1cd2:	81 30       	cpi	r24, 0x01	; 1
    1cd4:	91 05       	cpc	r25, r1
    1cd6:	d1 f0       	breq	.+52     	; 0x1d0c <GPIO_readPort+0x5e>
    1cd8:	2b 81       	ldd	r18, Y+3	; 0x03
    1cda:	3c 81       	ldd	r19, Y+4	; 0x04
    1cdc:	22 30       	cpi	r18, 0x02	; 2
    1cde:	31 05       	cpc	r19, r1
    1ce0:	2c f4       	brge	.+10     	; 0x1cec <GPIO_readPort+0x3e>
    1ce2:	8b 81       	ldd	r24, Y+3	; 0x03
    1ce4:	9c 81       	ldd	r25, Y+4	; 0x04
    1ce6:	00 97       	sbiw	r24, 0x00	; 0
    1ce8:	61 f0       	breq	.+24     	; 0x1d02 <GPIO_readPort+0x54>
    1cea:	1e c0       	rjmp	.+60     	; 0x1d28 <GPIO_readPort+0x7a>
    1cec:	2b 81       	ldd	r18, Y+3	; 0x03
    1cee:	3c 81       	ldd	r19, Y+4	; 0x04
    1cf0:	22 30       	cpi	r18, 0x02	; 2
    1cf2:	31 05       	cpc	r19, r1
    1cf4:	81 f0       	breq	.+32     	; 0x1d16 <GPIO_readPort+0x68>
    1cf6:	8b 81       	ldd	r24, Y+3	; 0x03
    1cf8:	9c 81       	ldd	r25, Y+4	; 0x04
    1cfa:	83 30       	cpi	r24, 0x03	; 3
    1cfc:	91 05       	cpc	r25, r1
    1cfe:	81 f0       	breq	.+32     	; 0x1d20 <GPIO_readPort+0x72>
    1d00:	13 c0       	rjmp	.+38     	; 0x1d28 <GPIO_readPort+0x7a>
		{
		case PORTA_ID:
			value = GPIO_PINA_REG.Byte;
    1d02:	e9 e3       	ldi	r30, 0x39	; 57
    1d04:	f0 e0       	ldi	r31, 0x00	; 0
    1d06:	80 81       	ld	r24, Z
    1d08:	89 83       	std	Y+1, r24	; 0x01
    1d0a:	0e c0       	rjmp	.+28     	; 0x1d28 <GPIO_readPort+0x7a>
			break;
		case PORTB_ID:
			value = GPIO_PINB_REG.Byte;
    1d0c:	e6 e3       	ldi	r30, 0x36	; 54
    1d0e:	f0 e0       	ldi	r31, 0x00	; 0
    1d10:	80 81       	ld	r24, Z
    1d12:	89 83       	std	Y+1, r24	; 0x01
    1d14:	09 c0       	rjmp	.+18     	; 0x1d28 <GPIO_readPort+0x7a>
			break;
		case PORTC_ID:
			value = GPIO_PINC_REG.Byte;
    1d16:	e3 e3       	ldi	r30, 0x33	; 51
    1d18:	f0 e0       	ldi	r31, 0x00	; 0
    1d1a:	80 81       	ld	r24, Z
    1d1c:	89 83       	std	Y+1, r24	; 0x01
    1d1e:	04 c0       	rjmp	.+8      	; 0x1d28 <GPIO_readPort+0x7a>
			break;
		case PORTD_ID:
			value = GPIO_PIND_REG.Byte;
    1d20:	e0 e3       	ldi	r30, 0x30	; 48
    1d22:	f0 e0       	ldi	r31, 0x00	; 0
    1d24:	80 81       	ld	r24, Z
    1d26:	89 83       	std	Y+1, r24	; 0x01
			break;
		}
	}

	return value;
    1d28:	89 81       	ldd	r24, Y+1	; 0x01
}
    1d2a:	0f 90       	pop	r0
    1d2c:	0f 90       	pop	r0
    1d2e:	0f 90       	pop	r0
    1d30:	0f 90       	pop	r0
    1d32:	cf 91       	pop	r28
    1d34:	df 91       	pop	r29
    1d36:	08 95       	ret

00001d38 <PIR_init>:
 *      Author: Tweety
 */
#include "pir.h"

void PIR_init()
{
    1d38:	df 93       	push	r29
    1d3a:	cf 93       	push	r28
    1d3c:	cd b7       	in	r28, 0x3d	; 61
    1d3e:	de b7       	in	r29, 0x3e	; 62
	GPIO_setupPinDirection(PIR_PORT_ID, PIR_PIN_ID, PIN_INPUT);
    1d40:	82 e0       	ldi	r24, 0x02	; 2
    1d42:	62 e0       	ldi	r22, 0x02	; 2
    1d44:	40 e0       	ldi	r20, 0x00	; 0
    1d46:	0e 94 d9 0a 	call	0x15b2	; 0x15b2 <GPIO_setupPinDirection>
}
    1d4a:	cf 91       	pop	r28
    1d4c:	df 91       	pop	r29
    1d4e:	08 95       	ret

00001d50 <PIR_Motion>:

uint8 PIR_Motion(void)
{
    1d50:	df 93       	push	r29
    1d52:	cf 93       	push	r28
    1d54:	0f 92       	push	r0
    1d56:	cd b7       	in	r28, 0x3d	; 61
    1d58:	de b7       	in	r29, 0x3e	; 62
	uint8 motion ;
	motion=GPIO_readPin(PIR_PORT_ID, PIR_PIN_ID);
    1d5a:	82 e0       	ldi	r24, 0x02	; 2
    1d5c:	62 e0       	ldi	r22, 0x02	; 2
    1d5e:	0e 94 af 0c 	call	0x195e	; 0x195e <GPIO_readPin>
    1d62:	89 83       	std	Y+1, r24	; 0x01

	/*if their is a motion we will return MOTION_DETECTED else we will return NO_MOTION_DETECTED */
	return motion;
    1d64:	89 81       	ldd	r24, Y+1	; 0x01
}
    1d66:	0f 90       	pop	r0
    1d68:	cf 91       	pop	r28
    1d6a:	df 91       	pop	r29
    1d6c:	08 95       	ret

00001d6e <PWM_init>:


                   /***********function definition**********/

void PWM_init(const PWM_config *Config_Ptr)
{
    1d6e:	df 93       	push	r29
    1d70:	cf 93       	push	r28
    1d72:	00 d0       	rcall	.+0      	; 0x1d74 <PWM_init+0x6>
    1d74:	cd b7       	in	r28, 0x3d	; 61
    1d76:	de b7       	in	r29, 0x3e	; 62
    1d78:	9a 83       	std	Y+2, r25	; 0x02
    1d7a:	89 83       	std	Y+1, r24	; 0x01
	if(Config_Ptr->num == PWM0)
    1d7c:	e9 81       	ldd	r30, Y+1	; 0x01
    1d7e:	fa 81       	ldd	r31, Y+2	; 0x02
    1d80:	80 81       	ld	r24, Z
    1d82:	88 23       	and	r24, r24
    1d84:	61 f5       	brne	.+88     	; 0x1dde <PWM_init+0x70>
	{
		TIMER0_TCCR0_REG.Bits.FOC0_Bit=0;
    1d86:	e3 e5       	ldi	r30, 0x53	; 83
    1d88:	f0 e0       	ldi	r31, 0x00	; 0
    1d8a:	80 81       	ld	r24, Z
    1d8c:	8f 77       	andi	r24, 0x7F	; 127
    1d8e:	80 83       	st	Z, r24

		TIMER0_TCCR0_REG.Bits.WGM00_Bit=1;
    1d90:	e3 e5       	ldi	r30, 0x53	; 83
    1d92:	f0 e0       	ldi	r31, 0x00	; 0
    1d94:	80 81       	ld	r24, Z
    1d96:	80 64       	ori	r24, 0x40	; 64
    1d98:	80 83       	st	Z, r24
		TIMER0_TCCR0_REG.Bits.WGM01_Bit=1;
    1d9a:	e3 e5       	ldi	r30, 0x53	; 83
    1d9c:	f0 e0       	ldi	r31, 0x00	; 0
    1d9e:	80 81       	ld	r24, Z
    1da0:	88 60       	ori	r24, 0x08	; 8
    1da2:	80 83       	st	Z, r24
		TIMER0_TCCR0_REG.Byte|=(Config_Ptr->mode);
    1da4:	a3 e5       	ldi	r26, 0x53	; 83
    1da6:	b0 e0       	ldi	r27, 0x00	; 0
    1da8:	e3 e5       	ldi	r30, 0x53	; 83
    1daa:	f0 e0       	ldi	r31, 0x00	; 0
    1dac:	90 81       	ld	r25, Z
    1dae:	e9 81       	ldd	r30, Y+1	; 0x01
    1db0:	fa 81       	ldd	r31, Y+2	; 0x02
    1db2:	81 81       	ldd	r24, Z+1	; 0x01
    1db4:	89 2b       	or	r24, r25
    1db6:	8c 93       	st	X, r24
		TIMER0_TCCR0_REG.Byte|=(Config_Ptr->prescaleTimer);
    1db8:	a3 e5       	ldi	r26, 0x53	; 83
    1dba:	b0 e0       	ldi	r27, 0x00	; 0
    1dbc:	e3 e5       	ldi	r30, 0x53	; 83
    1dbe:	f0 e0       	ldi	r31, 0x00	; 0
    1dc0:	90 81       	ld	r25, Z
    1dc2:	e9 81       	ldd	r30, Y+1	; 0x01
    1dc4:	fa 81       	ldd	r31, Y+2	; 0x02
    1dc6:	82 81       	ldd	r24, Z+2	; 0x02
    1dc8:	89 2b       	or	r24, r25
    1dca:	8c 93       	st	X, r24

		GPIO_setupPinDirection(PORTB_ID, PIN3_ID, PIN_OUTPUT);
    1dcc:	81 e0       	ldi	r24, 0x01	; 1
    1dce:	63 e0       	ldi	r22, 0x03	; 3
    1dd0:	41 e0       	ldi	r20, 0x01	; 1
    1dd2:	0e 94 d9 0a 	call	0x15b2	; 0x15b2 <GPIO_setupPinDirection>

		TIMER0_OCR0_REG.Byte=0;
    1dd6:	ec e5       	ldi	r30, 0x5C	; 92
    1dd8:	f0 e0       	ldi	r31, 0x00	; 0
    1dda:	10 82       	st	Z, r1
    1ddc:	30 c0       	rjmp	.+96     	; 0x1e3e <PWM_init+0xd0>

	}

	else if(Config_Ptr->num == PWM2)
    1dde:	e9 81       	ldd	r30, Y+1	; 0x01
    1de0:	fa 81       	ldd	r31, Y+2	; 0x02
    1de2:	80 81       	ld	r24, Z
    1de4:	81 30       	cpi	r24, 0x01	; 1
    1de6:	59 f5       	brne	.+86     	; 0x1e3e <PWM_init+0xd0>
	{
		TIMER2_TCCR2_REG.Bits.FOC2_Bit=0;
    1de8:	e5 e4       	ldi	r30, 0x45	; 69
    1dea:	f0 e0       	ldi	r31, 0x00	; 0
    1dec:	80 81       	ld	r24, Z
    1dee:	8f 77       	andi	r24, 0x7F	; 127
    1df0:	80 83       	st	Z, r24

		TIMER2_TCCR2_REG.Bits.WGM20_Bit=1;
    1df2:	e5 e4       	ldi	r30, 0x45	; 69
    1df4:	f0 e0       	ldi	r31, 0x00	; 0
    1df6:	80 81       	ld	r24, Z
    1df8:	80 64       	ori	r24, 0x40	; 64
    1dfa:	80 83       	st	Z, r24
		TIMER2_TCCR2_REG.Bits.WGM21_Bit=1;
    1dfc:	e5 e4       	ldi	r30, 0x45	; 69
    1dfe:	f0 e0       	ldi	r31, 0x00	; 0
    1e00:	80 81       	ld	r24, Z
    1e02:	88 60       	ori	r24, 0x08	; 8
    1e04:	80 83       	st	Z, r24

		TIMER2_TCCR2_REG.Byte|=(Config_Ptr->mode);
    1e06:	a5 e4       	ldi	r26, 0x45	; 69
    1e08:	b0 e0       	ldi	r27, 0x00	; 0
    1e0a:	e5 e4       	ldi	r30, 0x45	; 69
    1e0c:	f0 e0       	ldi	r31, 0x00	; 0
    1e0e:	90 81       	ld	r25, Z
    1e10:	e9 81       	ldd	r30, Y+1	; 0x01
    1e12:	fa 81       	ldd	r31, Y+2	; 0x02
    1e14:	81 81       	ldd	r24, Z+1	; 0x01
    1e16:	89 2b       	or	r24, r25
    1e18:	8c 93       	st	X, r24

		TIMER2_TCCR2_REG.Byte|=(Config_Ptr->prescaleTimer);
    1e1a:	a5 e4       	ldi	r26, 0x45	; 69
    1e1c:	b0 e0       	ldi	r27, 0x00	; 0
    1e1e:	e5 e4       	ldi	r30, 0x45	; 69
    1e20:	f0 e0       	ldi	r31, 0x00	; 0
    1e22:	90 81       	ld	r25, Z
    1e24:	e9 81       	ldd	r30, Y+1	; 0x01
    1e26:	fa 81       	ldd	r31, Y+2	; 0x02
    1e28:	82 81       	ldd	r24, Z+2	; 0x02
    1e2a:	89 2b       	or	r24, r25
    1e2c:	8c 93       	st	X, r24

		GPIO_setupPinDirection(PORTD_ID, PIN7_ID, PIN_OUTPUT);
    1e2e:	83 e0       	ldi	r24, 0x03	; 3
    1e30:	67 e0       	ldi	r22, 0x07	; 7
    1e32:	41 e0       	ldi	r20, 0x01	; 1
    1e34:	0e 94 d9 0a 	call	0x15b2	; 0x15b2 <GPIO_setupPinDirection>

		TIMER2_OCR2_REG.Byte=0;
    1e38:	e3 e4       	ldi	r30, 0x43	; 67
    1e3a:	f0 e0       	ldi	r31, 0x00	; 0
    1e3c:	10 82       	st	Z, r1

	}
}
    1e3e:	0f 90       	pop	r0
    1e40:	0f 90       	pop	r0
    1e42:	cf 91       	pop	r28
    1e44:	df 91       	pop	r29
    1e46:	08 95       	ret

00001e48 <PWM_setDutyCycle>:

void PWM_setDutyCycle(Pwm_Number a_pwmNum,uint8 a_duty)
{
    1e48:	0f 93       	push	r16
    1e4a:	1f 93       	push	r17
    1e4c:	df 93       	push	r29
    1e4e:	cf 93       	push	r28
    1e50:	00 d0       	rcall	.+0      	; 0x1e52 <PWM_setDutyCycle+0xa>
    1e52:	cd b7       	in	r28, 0x3d	; 61
    1e54:	de b7       	in	r29, 0x3e	; 62
    1e56:	89 83       	std	Y+1, r24	; 0x01
    1e58:	6a 83       	std	Y+2, r22	; 0x02
	if(a_pwmNum == PWM0)
    1e5a:	89 81       	ldd	r24, Y+1	; 0x01
    1e5c:	88 23       	and	r24, r24
    1e5e:	21 f5       	brne	.+72     	; 0x1ea8 <PWM_setDutyCycle+0x60>
	{
		TIMER0_OCR0_REG.Byte=((uint32)(a_duty* 255) / 100);
    1e60:	0c e5       	ldi	r16, 0x5C	; 92
    1e62:	10 e0       	ldi	r17, 0x00	; 0
    1e64:	8a 81       	ldd	r24, Y+2	; 0x02
    1e66:	48 2f       	mov	r20, r24
    1e68:	50 e0       	ldi	r21, 0x00	; 0
    1e6a:	ca 01       	movw	r24, r20
    1e6c:	9c 01       	movw	r18, r24
    1e6e:	22 0f       	add	r18, r18
    1e70:	33 1f       	adc	r19, r19
    1e72:	c9 01       	movw	r24, r18
    1e74:	96 95       	lsr	r25
    1e76:	98 2f       	mov	r25, r24
    1e78:	88 27       	eor	r24, r24
    1e7a:	97 95       	ror	r25
    1e7c:	87 95       	ror	r24
    1e7e:	82 1b       	sub	r24, r18
    1e80:	93 0b       	sbc	r25, r19
    1e82:	84 0f       	add	r24, r20
    1e84:	95 1f       	adc	r25, r21
    1e86:	aa 27       	eor	r26, r26
    1e88:	97 fd       	sbrc	r25, 7
    1e8a:	a0 95       	com	r26
    1e8c:	ba 2f       	mov	r27, r26
    1e8e:	24 e6       	ldi	r18, 0x64	; 100
    1e90:	30 e0       	ldi	r19, 0x00	; 0
    1e92:	40 e0       	ldi	r20, 0x00	; 0
    1e94:	50 e0       	ldi	r21, 0x00	; 0
    1e96:	bc 01       	movw	r22, r24
    1e98:	cd 01       	movw	r24, r26
    1e9a:	0e 94 8d 14 	call	0x291a	; 0x291a <__udivmodsi4>
    1e9e:	da 01       	movw	r26, r20
    1ea0:	c9 01       	movw	r24, r18
    1ea2:	f8 01       	movw	r30, r16
    1ea4:	80 83       	st	Z, r24
    1ea6:	26 c0       	rjmp	.+76     	; 0x1ef4 <PWM_setDutyCycle+0xac>
	}

	else if(a_pwmNum == PWM2)
    1ea8:	89 81       	ldd	r24, Y+1	; 0x01
    1eaa:	81 30       	cpi	r24, 0x01	; 1
    1eac:	19 f5       	brne	.+70     	; 0x1ef4 <PWM_setDutyCycle+0xac>
	{
		TIMER2_OCR2_REG.Byte=((uint32)(a_duty* 255) / 100);
    1eae:	03 e4       	ldi	r16, 0x43	; 67
    1eb0:	10 e0       	ldi	r17, 0x00	; 0
    1eb2:	8a 81       	ldd	r24, Y+2	; 0x02
    1eb4:	48 2f       	mov	r20, r24
    1eb6:	50 e0       	ldi	r21, 0x00	; 0
    1eb8:	ca 01       	movw	r24, r20
    1eba:	9c 01       	movw	r18, r24
    1ebc:	22 0f       	add	r18, r18
    1ebe:	33 1f       	adc	r19, r19
    1ec0:	c9 01       	movw	r24, r18
    1ec2:	96 95       	lsr	r25
    1ec4:	98 2f       	mov	r25, r24
    1ec6:	88 27       	eor	r24, r24
    1ec8:	97 95       	ror	r25
    1eca:	87 95       	ror	r24
    1ecc:	82 1b       	sub	r24, r18
    1ece:	93 0b       	sbc	r25, r19
    1ed0:	84 0f       	add	r24, r20
    1ed2:	95 1f       	adc	r25, r21
    1ed4:	aa 27       	eor	r26, r26
    1ed6:	97 fd       	sbrc	r25, 7
    1ed8:	a0 95       	com	r26
    1eda:	ba 2f       	mov	r27, r26
    1edc:	24 e6       	ldi	r18, 0x64	; 100
    1ede:	30 e0       	ldi	r19, 0x00	; 0
    1ee0:	40 e0       	ldi	r20, 0x00	; 0
    1ee2:	50 e0       	ldi	r21, 0x00	; 0
    1ee4:	bc 01       	movw	r22, r24
    1ee6:	cd 01       	movw	r24, r26
    1ee8:	0e 94 8d 14 	call	0x291a	; 0x291a <__udivmodsi4>
    1eec:	da 01       	movw	r26, r20
    1eee:	c9 01       	movw	r24, r18
    1ef0:	f8 01       	movw	r30, r16
    1ef2:	80 83       	st	Z, r24
	}
}
    1ef4:	0f 90       	pop	r0
    1ef6:	0f 90       	pop	r0
    1ef8:	cf 91       	pop	r28
    1efa:	df 91       	pop	r29
    1efc:	1f 91       	pop	r17
    1efe:	0f 91       	pop	r16
    1f00:	08 95       	ret

00001f02 <Timer_init>:


  static volatile void (*g_Timers_callBackPtr[3])(void)={NULL_PTR};

  /********************* initialize the timers************************/
void Timer_init(const Timer_ConfigType *Config_Ptr) {
    1f02:	df 93       	push	r29
    1f04:	cf 93       	push	r28
    1f06:	cd b7       	in	r28, 0x3d	; 61
    1f08:	de b7       	in	r29, 0x3e	; 62
    1f0a:	2a 97       	sbiw	r28, 0x0a	; 10
    1f0c:	0f b6       	in	r0, 0x3f	; 63
    1f0e:	f8 94       	cli
    1f10:	de bf       	out	0x3e, r29	; 62
    1f12:	0f be       	out	0x3f, r0	; 63
    1f14:	cd bf       	out	0x3d, r28	; 61
    1f16:	9a 83       	std	Y+2, r25	; 0x02
    1f18:	89 83       	std	Y+1, r24	; 0x01

	switch (Config_Ptr->timer_ID) {
    1f1a:	e9 81       	ldd	r30, Y+1	; 0x01
    1f1c:	fa 81       	ldd	r31, Y+2	; 0x02
    1f1e:	84 81       	ldd	r24, Z+4	; 0x04
    1f20:	28 2f       	mov	r18, r24
    1f22:	30 e0       	ldi	r19, 0x00	; 0
    1f24:	3a 87       	std	Y+10, r19	; 0x0a
    1f26:	29 87       	std	Y+9, r18	; 0x09
    1f28:	89 85       	ldd	r24, Y+9	; 0x09
    1f2a:	9a 85       	ldd	r25, Y+10	; 0x0a
    1f2c:	81 30       	cpi	r24, 0x01	; 1
    1f2e:	91 05       	cpc	r25, r1
    1f30:	09 f4       	brne	.+2      	; 0x1f34 <Timer_init+0x32>
    1f32:	7d c0       	rjmp	.+250    	; 0x202e <Timer_init+0x12c>
    1f34:	29 85       	ldd	r18, Y+9	; 0x09
    1f36:	3a 85       	ldd	r19, Y+10	; 0x0a
    1f38:	22 30       	cpi	r18, 0x02	; 2
    1f3a:	31 05       	cpc	r19, r1
    1f3c:	09 f4       	brne	.+2      	; 0x1f40 <Timer_init+0x3e>
    1f3e:	fd c0       	rjmp	.+506    	; 0x213a <Timer_init+0x238>
    1f40:	89 85       	ldd	r24, Y+9	; 0x09
    1f42:	9a 85       	ldd	r25, Y+10	; 0x0a
    1f44:	00 97       	sbiw	r24, 0x00	; 0
    1f46:	09 f0       	breq	.+2      	; 0x1f4a <Timer_init+0x48>
    1f48:	69 c1       	rjmp	.+722    	; 0x221c <Timer_init+0x31a>

	case Timer0:

		TIMER0_TCCR0_REG.Byte = 0;
    1f4a:	e3 e5       	ldi	r30, 0x53	; 83
    1f4c:	f0 e0       	ldi	r31, 0x00	; 0
    1f4e:	10 82       	st	Z, r1

		TIMER0_TCNT0_REG.Byte = 0;
    1f50:	e2 e5       	ldi	r30, 0x52	; 82
    1f52:	f0 e0       	ldi	r31, 0x00	; 0
    1f54:	10 82       	st	Z, r1
		TIMER0_OCR0_REG.Byte = 0;
    1f56:	ec e5       	ldi	r30, 0x5C	; 92
    1f58:	f0 e0       	ldi	r31, 0x00	; 0
    1f5a:	10 82       	st	Z, r1

		/*Clear Interrupt modules forTimer0 */
		TIMER_TIMSK_REG.Bits.OCIE0_Bit = 0;
    1f5c:	e9 e5       	ldi	r30, 0x59	; 89
    1f5e:	f0 e0       	ldi	r31, 0x00	; 0
    1f60:	80 81       	ld	r24, Z
    1f62:	8d 7f       	andi	r24, 0xFD	; 253
    1f64:	80 83       	st	Z, r24
		TIMER_TIMSK_REG.Bits.TOIE0_Bit = 0;
    1f66:	e9 e5       	ldi	r30, 0x59	; 89
    1f68:	f0 e0       	ldi	r31, 0x00	; 0
    1f6a:	80 81       	ld	r24, Z
    1f6c:	8e 7f       	andi	r24, 0xFE	; 254
    1f6e:	80 83       	st	Z, r24

		/*Set Intial Value*/
		TIMER0_TCNT0_REG.Byte = ((Config_Ptr->timer_InitialValue)) & 0x00FF;
    1f70:	a2 e5       	ldi	r26, 0x52	; 82
    1f72:	b0 e0       	ldi	r27, 0x00	; 0
    1f74:	e9 81       	ldd	r30, Y+1	; 0x01
    1f76:	fa 81       	ldd	r31, Y+2	; 0x02
    1f78:	80 81       	ld	r24, Z
    1f7a:	91 81       	ldd	r25, Z+1	; 0x01
    1f7c:	8c 93       	st	X, r24

		TIMER0_TCCR0_REG.Byte = ((TIMER0_TCCR0_REG.Byte & 0xF8)
    1f7e:	a3 e5       	ldi	r26, 0x53	; 83
    1f80:	b0 e0       	ldi	r27, 0x00	; 0
    1f82:	e3 e5       	ldi	r30, 0x53	; 83
    1f84:	f0 e0       	ldi	r31, 0x00	; 0
    1f86:	80 81       	ld	r24, Z
    1f88:	98 2f       	mov	r25, r24
    1f8a:	98 7f       	andi	r25, 0xF8	; 248
    1f8c:	e9 81       	ldd	r30, Y+1	; 0x01
    1f8e:	fa 81       	ldd	r31, Y+2	; 0x02
    1f90:	85 81       	ldd	r24, Z+5	; 0x05
    1f92:	89 2b       	or	r24, r25
    1f94:	8c 93       	st	X, r24
				| (Config_Ptr->timer_clock));

		TIMER0_TCCR0_REG.Bits.COM00_Bit = 0;
    1f96:	e3 e5       	ldi	r30, 0x53	; 83
    1f98:	f0 e0       	ldi	r31, 0x00	; 0
    1f9a:	80 81       	ld	r24, Z
    1f9c:	8f 7e       	andi	r24, 0xEF	; 239
    1f9e:	80 83       	st	Z, r24
		TIMER0_TCCR0_REG.Bits.COM01_Bit = 0;
    1fa0:	e3 e5       	ldi	r30, 0x53	; 83
    1fa2:	f0 e0       	ldi	r31, 0x00	; 0
    1fa4:	80 81       	ld	r24, Z
    1fa6:	8f 7d       	andi	r24, 0xDF	; 223
    1fa8:	80 83       	st	Z, r24

		switch (Config_Ptr->timer_mode) {
    1faa:	e9 81       	ldd	r30, Y+1	; 0x01
    1fac:	fa 81       	ldd	r31, Y+2	; 0x02
    1fae:	86 81       	ldd	r24, Z+6	; 0x06
    1fb0:	28 2f       	mov	r18, r24
    1fb2:	30 e0       	ldi	r19, 0x00	; 0
    1fb4:	38 87       	std	Y+8, r19	; 0x08
    1fb6:	2f 83       	std	Y+7, r18	; 0x07
    1fb8:	8f 81       	ldd	r24, Y+7	; 0x07
    1fba:	98 85       	ldd	r25, Y+8	; 0x08
    1fbc:	00 97       	sbiw	r24, 0x00	; 0
    1fbe:	31 f0       	breq	.+12     	; 0x1fcc <Timer_init+0xca>
    1fc0:	2f 81       	ldd	r18, Y+7	; 0x07
    1fc2:	38 85       	ldd	r19, Y+8	; 0x08
    1fc4:	21 30       	cpi	r18, 0x01	; 1
    1fc6:	31 05       	cpc	r19, r1
    1fc8:	b1 f0       	breq	.+44     	; 0x1ff6 <Timer_init+0xf4>
    1fca:	28 c1       	rjmp	.+592    	; 0x221c <Timer_init+0x31a>
		case Overflow_Mode:

			TIMER0_TCCR0_REG.Bits.WGM00_Bit = 0;
    1fcc:	e3 e5       	ldi	r30, 0x53	; 83
    1fce:	f0 e0       	ldi	r31, 0x00	; 0
    1fd0:	80 81       	ld	r24, Z
    1fd2:	8f 7b       	andi	r24, 0xBF	; 191
    1fd4:	80 83       	st	Z, r24
			TIMER0_TCCR0_REG.Bits.WGM01_Bit = 0;
    1fd6:	e3 e5       	ldi	r30, 0x53	; 83
    1fd8:	f0 e0       	ldi	r31, 0x00	; 0
    1fda:	80 81       	ld	r24, Z
    1fdc:	87 7f       	andi	r24, 0xF7	; 247
    1fde:	80 83       	st	Z, r24

			/* SET FOC0 in any mode except PWM mode */
			TIMER0_TCCR0_REG.Bits.FOC0_Bit = 1;
    1fe0:	e3 e5       	ldi	r30, 0x53	; 83
    1fe2:	f0 e0       	ldi	r31, 0x00	; 0
    1fe4:	80 81       	ld	r24, Z
    1fe6:	80 68       	ori	r24, 0x80	; 128
    1fe8:	80 83       	st	Z, r24

			/* Enable Timer0 overflow interrupt */
			TIMER_TIMSK_REG.Bits.TOIE0_Bit = 1;
    1fea:	e9 e5       	ldi	r30, 0x59	; 89
    1fec:	f0 e0       	ldi	r31, 0x00	; 0
    1fee:	80 81       	ld	r24, Z
    1ff0:	81 60       	ori	r24, 0x01	; 1
    1ff2:	80 83       	st	Z, r24
    1ff4:	13 c1       	rjmp	.+550    	; 0x221c <Timer_init+0x31a>
			break;

		case Compare_Mode:

			TIMER0_TCCR0_REG.Bits.WGM00_Bit = 0;
    1ff6:	e3 e5       	ldi	r30, 0x53	; 83
    1ff8:	f0 e0       	ldi	r31, 0x00	; 0
    1ffa:	80 81       	ld	r24, Z
    1ffc:	8f 7b       	andi	r24, 0xBF	; 191
    1ffe:	80 83       	st	Z, r24
			TIMER0_TCCR0_REG.Bits.WGM01_Bit = 1;
    2000:	e3 e5       	ldi	r30, 0x53	; 83
    2002:	f0 e0       	ldi	r31, 0x00	; 0
    2004:	80 81       	ld	r24, Z
    2006:	88 60       	ori	r24, 0x08	; 8
    2008:	80 83       	st	Z, r24

			/* SET FOC0 in any mode except PWM mode */
			TIMER0_TCCR0_REG.Bits.FOC0_Bit = 1;
    200a:	e3 e5       	ldi	r30, 0x53	; 83
    200c:	f0 e0       	ldi	r31, 0x00	; 0
    200e:	80 81       	ld	r24, Z
    2010:	80 68       	ori	r24, 0x80	; 128
    2012:	80 83       	st	Z, r24

			/* set the compare value in register OCR0 & with 0xFF to make sure that it doesn't exceed 8 bits */
			TIMER0_OCR0_REG.Byte = ((Config_Ptr->timer_compare_MatchValue))
    2014:	ac e5       	ldi	r26, 0x5C	; 92
    2016:	b0 e0       	ldi	r27, 0x00	; 0
    2018:	e9 81       	ldd	r30, Y+1	; 0x01
    201a:	fa 81       	ldd	r31, Y+2	; 0x02
    201c:	82 81       	ldd	r24, Z+2	; 0x02
    201e:	93 81       	ldd	r25, Z+3	; 0x03
    2020:	8c 93       	st	X, r24
					& 0x00FF;

			/* Enable Timer0 compare match interrupt*/
			TIMER_TIMSK_REG.Bits.OCIE0_Bit = 1;
    2022:	e9 e5       	ldi	r30, 0x59	; 89
    2024:	f0 e0       	ldi	r31, 0x00	; 0
    2026:	80 81       	ld	r24, Z
    2028:	82 60       	ori	r24, 0x02	; 2
    202a:	80 83       	st	Z, r24
    202c:	f7 c0       	rjmp	.+494    	; 0x221c <Timer_init+0x31a>

		break; /*End of Timer0 case*/

	case Timer1:

		TIMER1_TCCR1A_REG.Byte = 0;
    202e:	ef e4       	ldi	r30, 0x4F	; 79
    2030:	f0 e0       	ldi	r31, 0x00	; 0
    2032:	10 82       	st	Z, r1
		TIMER1_TCCR1B_REG.Byte = 0;
    2034:	ee e4       	ldi	r30, 0x4E	; 78
    2036:	f0 e0       	ldi	r31, 0x00	; 0
    2038:	10 82       	st	Z, r1
		TIMER1_TCNT1_REG.TwoBytes = 0;
    203a:	ec e4       	ldi	r30, 0x4C	; 76
    203c:	f0 e0       	ldi	r31, 0x00	; 0
    203e:	11 82       	std	Z+1, r1	; 0x01
    2040:	10 82       	st	Z, r1
		TIMER1_OCR1A_REG.TwoBytes = 0;
    2042:	ea e4       	ldi	r30, 0x4A	; 74
    2044:	f0 e0       	ldi	r31, 0x00	; 0
    2046:	11 82       	std	Z+1, r1	; 0x01
    2048:	10 82       	st	Z, r1

		/*Clear all Interrupt modules Enable of Timer1 (TICIE1=0,OCIE1A=0,OCIE1B=0,TOIE1=0)*/
		TIMER_TIMSK_REG.Byte &= 0xC3;
    204a:	a9 e5       	ldi	r26, 0x59	; 89
    204c:	b0 e0       	ldi	r27, 0x00	; 0
    204e:	e9 e5       	ldi	r30, 0x59	; 89
    2050:	f0 e0       	ldi	r31, 0x00	; 0
    2052:	80 81       	ld	r24, Z
    2054:	83 7c       	andi	r24, 0xC3	; 195
    2056:	8c 93       	st	X, r24

		/*Set Intial Value*/
		TIMER1_TCNT1_REG.TwoBytes = (Config_Ptr->timer_InitialValue);
    2058:	ac e4       	ldi	r26, 0x4C	; 76
    205a:	b0 e0       	ldi	r27, 0x00	; 0
    205c:	e9 81       	ldd	r30, Y+1	; 0x01
    205e:	fa 81       	ldd	r31, Y+2	; 0x02
    2060:	80 81       	ld	r24, Z
    2062:	91 81       	ldd	r25, Z+1	; 0x01
    2064:	11 96       	adiw	r26, 0x01	; 1
    2066:	9c 93       	st	X, r25
    2068:	8e 93       	st	-X, r24

		TIMER1_TCCR1B_REG.Byte = (TIMER1_TCCR1B_REG.Byte & 0xF8)
    206a:	ae e4       	ldi	r26, 0x4E	; 78
    206c:	b0 e0       	ldi	r27, 0x00	; 0
    206e:	ee e4       	ldi	r30, 0x4E	; 78
    2070:	f0 e0       	ldi	r31, 0x00	; 0
    2072:	80 81       	ld	r24, Z
    2074:	98 2f       	mov	r25, r24
    2076:	98 7f       	andi	r25, 0xF8	; 248
    2078:	e9 81       	ldd	r30, Y+1	; 0x01
    207a:	fa 81       	ldd	r31, Y+2	; 0x02
    207c:	85 81       	ldd	r24, Z+5	; 0x05
    207e:	89 2b       	or	r24, r25
    2080:	8c 93       	st	X, r24
				| (Config_Ptr->timer_clock);

		TIMER1_TCCR1A_REG.Byte &= 0x0F;
    2082:	af e4       	ldi	r26, 0x4F	; 79
    2084:	b0 e0       	ldi	r27, 0x00	; 0
    2086:	ef e4       	ldi	r30, 0x4F	; 79
    2088:	f0 e0       	ldi	r31, 0x00	; 0
    208a:	80 81       	ld	r24, Z
    208c:	8f 70       	andi	r24, 0x0F	; 15
    208e:	8c 93       	st	X, r24

		switch (Config_Ptr->timer_mode) {
    2090:	e9 81       	ldd	r30, Y+1	; 0x01
    2092:	fa 81       	ldd	r31, Y+2	; 0x02
    2094:	86 81       	ldd	r24, Z+6	; 0x06
    2096:	28 2f       	mov	r18, r24
    2098:	30 e0       	ldi	r19, 0x00	; 0
    209a:	3e 83       	std	Y+6, r19	; 0x06
    209c:	2d 83       	std	Y+5, r18	; 0x05
    209e:	8d 81       	ldd	r24, Y+5	; 0x05
    20a0:	9e 81       	ldd	r25, Y+6	; 0x06
    20a2:	00 97       	sbiw	r24, 0x00	; 0
    20a4:	31 f0       	breq	.+12     	; 0x20b2 <Timer_init+0x1b0>
    20a6:	2d 81       	ldd	r18, Y+5	; 0x05
    20a8:	3e 81       	ldd	r19, Y+6	; 0x06
    20aa:	21 30       	cpi	r18, 0x01	; 1
    20ac:	31 05       	cpc	r19, r1
    20ae:	d9 f0       	breq	.+54     	; 0x20e6 <Timer_init+0x1e4>
    20b0:	b5 c0       	rjmp	.+362    	; 0x221c <Timer_init+0x31a>
		case Overflow_Mode:

			TIMER1_TCCR1A_REG.Bits.WGM10_Bit = 0;
    20b2:	ef e4       	ldi	r30, 0x4F	; 79
    20b4:	f0 e0       	ldi	r31, 0x00	; 0
    20b6:	80 81       	ld	r24, Z
    20b8:	8e 7f       	andi	r24, 0xFE	; 254
    20ba:	80 83       	st	Z, r24
			TIMER1_TCCR1A_REG.Bits.WGM11_Bit = 0;
    20bc:	ef e4       	ldi	r30, 0x4F	; 79
    20be:	f0 e0       	ldi	r31, 0x00	; 0
    20c0:	80 81       	ld	r24, Z
    20c2:	8d 7f       	andi	r24, 0xFD	; 253
    20c4:	80 83       	st	Z, r24
			TIMER1_TCCR1B_REG.Bits.WGM12_Bit = 0;
    20c6:	ee e4       	ldi	r30, 0x4E	; 78
    20c8:	f0 e0       	ldi	r31, 0x00	; 0
    20ca:	80 81       	ld	r24, Z
    20cc:	87 7f       	andi	r24, 0xF7	; 247
    20ce:	80 83       	st	Z, r24
			TIMER1_TCCR1B_REG.Bits.WGM13_Bit = 0;
    20d0:	ee e4       	ldi	r30, 0x4E	; 78
    20d2:	f0 e0       	ldi	r31, 0x00	; 0
    20d4:	80 81       	ld	r24, Z
    20d6:	8f 7e       	andi	r24, 0xEF	; 239
    20d8:	80 83       	st	Z, r24

			/* Enable Timer1 overflow interrupt */
			TIMER_TIMSK_REG.Bits.TOIE1_Bit = 1;
    20da:	e9 e5       	ldi	r30, 0x59	; 89
    20dc:	f0 e0       	ldi	r31, 0x00	; 0
    20de:	80 81       	ld	r24, Z
    20e0:	84 60       	ori	r24, 0x04	; 4
    20e2:	80 83       	st	Z, r24
    20e4:	9b c0       	rjmp	.+310    	; 0x221c <Timer_init+0x31a>

			break;

		case Compare_Mode:

			TIMER1_TCCR1A_REG.Byte &= 0xFC;
    20e6:	af e4       	ldi	r26, 0x4F	; 79
    20e8:	b0 e0       	ldi	r27, 0x00	; 0
    20ea:	ef e4       	ldi	r30, 0x4F	; 79
    20ec:	f0 e0       	ldi	r31, 0x00	; 0
    20ee:	80 81       	ld	r24, Z
    20f0:	8c 7f       	andi	r24, 0xFC	; 252
    20f2:	8c 93       	st	X, r24
			TIMER1_TCCR1B_REG.Bits.WGM12_Bit = 1;
    20f4:	ee e4       	ldi	r30, 0x4E	; 78
    20f6:	f0 e0       	ldi	r31, 0x00	; 0
    20f8:	80 81       	ld	r24, Z
    20fa:	88 60       	ori	r24, 0x08	; 8
    20fc:	80 83       	st	Z, r24
			TIMER1_TCCR1B_REG.Bits.WGM13_Bit = 0;
    20fe:	ee e4       	ldi	r30, 0x4E	; 78
    2100:	f0 e0       	ldi	r31, 0x00	; 0
    2102:	80 81       	ld	r24, Z
    2104:	8f 7e       	andi	r24, 0xEF	; 239
    2106:	80 83       	st	Z, r24

			/* SET FOC1A/FOC1B in any mode except PWM mode */
			TIMER1_TCCR1A_REG.Bits.FOC1A_Bit = 1;
    2108:	ef e4       	ldi	r30, 0x4F	; 79
    210a:	f0 e0       	ldi	r31, 0x00	; 0
    210c:	80 81       	ld	r24, Z
    210e:	84 60       	ori	r24, 0x04	; 4
    2110:	80 83       	st	Z, r24
			TIMER1_TCCR1A_REG.Bits.FOC1B_Bit = 1;
    2112:	ef e4       	ldi	r30, 0x4F	; 79
    2114:	f0 e0       	ldi	r31, 0x00	; 0
    2116:	80 81       	ld	r24, Z
    2118:	88 60       	ori	r24, 0x08	; 8
    211a:	80 83       	st	Z, r24

			/* set the compare value in register OCR1A*/
			TIMER1_OCR1A_REG.TwoBytes = (Config_Ptr->timer_compare_MatchValue);
    211c:	aa e4       	ldi	r26, 0x4A	; 74
    211e:	b0 e0       	ldi	r27, 0x00	; 0
    2120:	e9 81       	ldd	r30, Y+1	; 0x01
    2122:	fa 81       	ldd	r31, Y+2	; 0x02
    2124:	82 81       	ldd	r24, Z+2	; 0x02
    2126:	93 81       	ldd	r25, Z+3	; 0x03
    2128:	11 96       	adiw	r26, 0x01	; 1
    212a:	9c 93       	st	X, r25
    212c:	8e 93       	st	-X, r24

			/* Enable Timer1 compare match module interrupt*/
			TIMER_TIMSK_REG.Bits.OCIE1A_Bit = 1;
    212e:	e9 e5       	ldi	r30, 0x59	; 89
    2130:	f0 e0       	ldi	r31, 0x00	; 0
    2132:	80 81       	ld	r24, Z
    2134:	80 61       	ori	r24, 0x10	; 16
    2136:	80 83       	st	Z, r24
    2138:	71 c0       	rjmp	.+226    	; 0x221c <Timer_init+0x31a>

		break; /*End of Timer1 case*/

	case Timer2:

		TIMER2_TCCR2_REG.Byte = 0;
    213a:	e5 e4       	ldi	r30, 0x45	; 69
    213c:	f0 e0       	ldi	r31, 0x00	; 0
    213e:	10 82       	st	Z, r1
		TIMER2_TCNT2_REG.Byte = 0;
    2140:	e4 e4       	ldi	r30, 0x44	; 68
    2142:	f0 e0       	ldi	r31, 0x00	; 0
    2144:	10 82       	st	Z, r1
		TIMER2_OCR2_REG.Byte = 0;
    2146:	e3 e4       	ldi	r30, 0x43	; 67
    2148:	f0 e0       	ldi	r31, 0x00	; 0
    214a:	10 82       	st	Z, r1

		/*Clear all Interrupt modules Enable of Timer2 (OCIE2=0,TOIE2=0)*/
		TIMER_TIMSK_REG.Bits.OCIE2_Bit = 0;
    214c:	e9 e5       	ldi	r30, 0x59	; 89
    214e:	f0 e0       	ldi	r31, 0x00	; 0
    2150:	80 81       	ld	r24, Z
    2152:	8f 77       	andi	r24, 0x7F	; 127
    2154:	80 83       	st	Z, r24
		TIMER_TIMSK_REG.Bits.TOIE2_Bit = 0;
    2156:	e9 e5       	ldi	r30, 0x59	; 89
    2158:	f0 e0       	ldi	r31, 0x00	; 0
    215a:	80 81       	ld	r24, Z
    215c:	8f 7b       	andi	r24, 0xBF	; 191
    215e:	80 83       	st	Z, r24

		/*Set Intial Value & with 0xFF to make sure that it doesn't exceed 8 bits */
		TIMER2_TCNT2_REG.Byte = ((Config_Ptr->timer_InitialValue)) & 0x00FF;
    2160:	a4 e4       	ldi	r26, 0x44	; 68
    2162:	b0 e0       	ldi	r27, 0x00	; 0
    2164:	e9 81       	ldd	r30, Y+1	; 0x01
    2166:	fa 81       	ldd	r31, Y+2	; 0x02
    2168:	80 81       	ld	r24, Z
    216a:	91 81       	ldd	r25, Z+1	; 0x01
    216c:	8c 93       	st	X, r24

		TIMER2_TCCR2_REG.Byte = ((TIMER2_TCCR2_REG.Byte & 0xF8)
    216e:	a5 e4       	ldi	r26, 0x45	; 69
    2170:	b0 e0       	ldi	r27, 0x00	; 0
    2172:	e5 e4       	ldi	r30, 0x45	; 69
    2174:	f0 e0       	ldi	r31, 0x00	; 0
    2176:	80 81       	ld	r24, Z
    2178:	98 2f       	mov	r25, r24
    217a:	98 7f       	andi	r25, 0xF8	; 248
    217c:	e9 81       	ldd	r30, Y+1	; 0x01
    217e:	fa 81       	ldd	r31, Y+2	; 0x02
    2180:	85 81       	ldd	r24, Z+5	; 0x05
    2182:	89 2b       	or	r24, r25
    2184:	8c 93       	st	X, r24
		 *  Compare mode:
		 *  	OC2 disconnected
		 *      Clear COM20 bit in TCCR2 register
		 *      Clear COM21 bit in TCCR2 register
		 */
		TIMER2_TCCR2_REG.Bits.COM20_Bit = 0;
    2186:	e5 e4       	ldi	r30, 0x45	; 69
    2188:	f0 e0       	ldi	r31, 0x00	; 0
    218a:	80 81       	ld	r24, Z
    218c:	8f 7e       	andi	r24, 0xEF	; 239
    218e:	80 83       	st	Z, r24
		TIMER2_TCCR2_REG.Bits.COM21_Bit = 0;
    2190:	e5 e4       	ldi	r30, 0x45	; 69
    2192:	f0 e0       	ldi	r31, 0x00	; 0
    2194:	80 81       	ld	r24, Z
    2196:	8f 7d       	andi	r24, 0xDF	; 223
    2198:	80 83       	st	Z, r24

		switch (Config_Ptr->timer_mode) {
    219a:	e9 81       	ldd	r30, Y+1	; 0x01
    219c:	fa 81       	ldd	r31, Y+2	; 0x02
    219e:	86 81       	ldd	r24, Z+6	; 0x06
    21a0:	28 2f       	mov	r18, r24
    21a2:	30 e0       	ldi	r19, 0x00	; 0
    21a4:	3c 83       	std	Y+4, r19	; 0x04
    21a6:	2b 83       	std	Y+3, r18	; 0x03
    21a8:	8b 81       	ldd	r24, Y+3	; 0x03
    21aa:	9c 81       	ldd	r25, Y+4	; 0x04
    21ac:	00 97       	sbiw	r24, 0x00	; 0
    21ae:	31 f0       	breq	.+12     	; 0x21bc <Timer_init+0x2ba>
    21b0:	2b 81       	ldd	r18, Y+3	; 0x03
    21b2:	3c 81       	ldd	r19, Y+4	; 0x04
    21b4:	21 30       	cpi	r18, 0x01	; 1
    21b6:	31 05       	cpc	r19, r1
    21b8:	b1 f0       	breq	.+44     	; 0x21e6 <Timer_init+0x2e4>
    21ba:	30 c0       	rjmp	.+96     	; 0x221c <Timer_init+0x31a>
			/*
			 * Normal Overflow mode:
			 * 		Clear WGM20 bit in TCCR2 register
			 *      Clear WGM21 bit in TCCR2 register
			 */
			TIMER2_TCCR2_REG.Bits.WGM20_Bit = 0;
    21bc:	e5 e4       	ldi	r30, 0x45	; 69
    21be:	f0 e0       	ldi	r31, 0x00	; 0
    21c0:	80 81       	ld	r24, Z
    21c2:	8f 7b       	andi	r24, 0xBF	; 191
    21c4:	80 83       	st	Z, r24
			TIMER2_TCCR2_REG.Bits.WGM21_Bit = 0;
    21c6:	e5 e4       	ldi	r30, 0x45	; 69
    21c8:	f0 e0       	ldi	r31, 0x00	; 0
    21ca:	80 81       	ld	r24, Z
    21cc:	87 7f       	andi	r24, 0xF7	; 247
    21ce:	80 83       	st	Z, r24

			/* SET FOC2 in any mode except PWM mode */
			TIMER2_TCCR2_REG.Bits.FOC2_Bit = 1;
    21d0:	e5 e4       	ldi	r30, 0x45	; 69
    21d2:	f0 e0       	ldi	r31, 0x00	; 0
    21d4:	80 81       	ld	r24, Z
    21d6:	80 68       	ori	r24, 0x80	; 128
    21d8:	80 83       	st	Z, r24

			/* Enable Timer2 overflow interrupt */
			TIMER_TIMSK_REG.Bits.TOIE2_Bit = 1;
    21da:	e9 e5       	ldi	r30, 0x59	; 89
    21dc:	f0 e0       	ldi	r31, 0x00	; 0
    21de:	80 81       	ld	r24, Z
    21e0:	80 64       	ori	r24, 0x40	; 64
    21e2:	80 83       	st	Z, r24
    21e4:	1b c0       	rjmp	.+54     	; 0x221c <Timer_init+0x31a>
			/*
			 *  Compare mode:
			 *  	Clear WGM20 bit in TCCR2 register
			 *      SET WGM21 bit in TCCR2 register
			 */
			TIMER2_TCCR2_REG.Bits.WGM20_Bit = 0;
    21e6:	e5 e4       	ldi	r30, 0x45	; 69
    21e8:	f0 e0       	ldi	r31, 0x00	; 0
    21ea:	80 81       	ld	r24, Z
    21ec:	8f 7b       	andi	r24, 0xBF	; 191
    21ee:	80 83       	st	Z, r24
			TIMER2_TCCR2_REG.Bits.WGM21_Bit = 1;
    21f0:	e5 e4       	ldi	r30, 0x45	; 69
    21f2:	f0 e0       	ldi	r31, 0x00	; 0
    21f4:	80 81       	ld	r24, Z
    21f6:	88 60       	ori	r24, 0x08	; 8
    21f8:	80 83       	st	Z, r24

			/* SET FOC2 in any mode except PWM mode */
			TIMER2_TCCR2_REG.Bits.FOC2_Bit = 1;
    21fa:	e5 e4       	ldi	r30, 0x45	; 69
    21fc:	f0 e0       	ldi	r31, 0x00	; 0
    21fe:	80 81       	ld	r24, Z
    2200:	80 68       	ori	r24, 0x80	; 128
    2202:	80 83       	st	Z, r24

			/* set the compare value in register OCR2 & with 0xFF to make sure that it doesn't exceed 8 bits */
			TIMER2_OCR2_REG.Byte = ((Config_Ptr->timer_compare_MatchValue))
    2204:	a3 e4       	ldi	r26, 0x43	; 67
    2206:	b0 e0       	ldi	r27, 0x00	; 0
    2208:	e9 81       	ldd	r30, Y+1	; 0x01
    220a:	fa 81       	ldd	r31, Y+2	; 0x02
    220c:	82 81       	ldd	r24, Z+2	; 0x02
    220e:	93 81       	ldd	r25, Z+3	; 0x03
    2210:	8c 93       	st	X, r24
					& 0x00FF;

			/* Enable Timer2 compare match interrupt*/
			TIMER_TIMSK_REG.Bits.OCIE2_Bit = 1;
    2212:	e9 e5       	ldi	r30, 0x59	; 89
    2214:	f0 e0       	ldi	r31, 0x00	; 0
    2216:	80 81       	ld	r24, Z
    2218:	80 68       	ori	r24, 0x80	; 128
    221a:	80 83       	st	Z, r24

		break; /*End of Timer2 case*/

	}/*End of the outer Super switch case*/

}
    221c:	2a 96       	adiw	r28, 0x0a	; 10
    221e:	0f b6       	in	r0, 0x3f	; 63
    2220:	f8 94       	cli
    2222:	de bf       	out	0x3e, r29	; 62
    2224:	0f be       	out	0x3f, r0	; 63
    2226:	cd bf       	out	0x3d, r28	; 61
    2228:	cf 91       	pop	r28
    222a:	df 91       	pop	r29
    222c:	08 95       	ret

0000222e <Timer_setCallBack>:

/****************Set CallBack Function******************/

void Timer_setCallBack(void (*a_ptr)(void), Timer_ID_Type a_timer_ID) {
    222e:	df 93       	push	r29
    2230:	cf 93       	push	r28
    2232:	00 d0       	rcall	.+0      	; 0x2234 <Timer_setCallBack+0x6>
    2234:	00 d0       	rcall	.+0      	; 0x2236 <Timer_setCallBack+0x8>
    2236:	0f 92       	push	r0
    2238:	cd b7       	in	r28, 0x3d	; 61
    223a:	de b7       	in	r29, 0x3e	; 62
    223c:	9a 83       	std	Y+2, r25	; 0x02
    223e:	89 83       	std	Y+1, r24	; 0x01
    2240:	6b 83       	std	Y+3, r22	; 0x03

	switch (a_timer_ID) {
    2242:	8b 81       	ldd	r24, Y+3	; 0x03
    2244:	28 2f       	mov	r18, r24
    2246:	30 e0       	ldi	r19, 0x00	; 0
    2248:	3d 83       	std	Y+5, r19	; 0x05
    224a:	2c 83       	std	Y+4, r18	; 0x04
    224c:	8c 81       	ldd	r24, Y+4	; 0x04
    224e:	9d 81       	ldd	r25, Y+5	; 0x05
    2250:	81 30       	cpi	r24, 0x01	; 1
    2252:	91 05       	cpc	r25, r1
    2254:	81 f0       	breq	.+32     	; 0x2276 <Timer_setCallBack+0x48>
    2256:	2c 81       	ldd	r18, Y+4	; 0x04
    2258:	3d 81       	ldd	r19, Y+5	; 0x05
    225a:	22 30       	cpi	r18, 0x02	; 2
    225c:	31 05       	cpc	r19, r1
    225e:	91 f0       	breq	.+36     	; 0x2284 <Timer_setCallBack+0x56>
    2260:	8c 81       	ldd	r24, Y+4	; 0x04
    2262:	9d 81       	ldd	r25, Y+5	; 0x05
    2264:	00 97       	sbiw	r24, 0x00	; 0
    2266:	a1 f4       	brne	.+40     	; 0x2290 <Timer_setCallBack+0x62>
	case Timer0:
		/* Save the address of the Call back function in a global Ptr to Function variable for timer0 */
		g_Timers_callBackPtr[0] = a_ptr;
    2268:	89 81       	ldd	r24, Y+1	; 0x01
    226a:	9a 81       	ldd	r25, Y+2	; 0x02
    226c:	90 93 89 00 	sts	0x0089, r25
    2270:	80 93 88 00 	sts	0x0088, r24
    2274:	0d c0       	rjmp	.+26     	; 0x2290 <Timer_setCallBack+0x62>
		break;

	case Timer1:
		/* Save the address of the Call back function in a global Ptr to Function variable for timer1 */
		g_Timers_callBackPtr[1] = a_ptr;
    2276:	89 81       	ldd	r24, Y+1	; 0x01
    2278:	9a 81       	ldd	r25, Y+2	; 0x02
    227a:	90 93 8b 00 	sts	0x008B, r25
    227e:	80 93 8a 00 	sts	0x008A, r24
    2282:	06 c0       	rjmp	.+12     	; 0x2290 <Timer_setCallBack+0x62>
		break;

	case Timer2:
		/* Save the address of the Call back function in a global Ptr to Function variable for timer2 */
		g_Timers_callBackPtr[2] = a_ptr;
    2284:	89 81       	ldd	r24, Y+1	; 0x01
    2286:	9a 81       	ldd	r25, Y+2	; 0x02
    2288:	90 93 8d 00 	sts	0x008D, r25
    228c:	80 93 8c 00 	sts	0x008C, r24
		break;
	}

}
    2290:	0f 90       	pop	r0
    2292:	0f 90       	pop	r0
    2294:	0f 90       	pop	r0
    2296:	0f 90       	pop	r0
    2298:	0f 90       	pop	r0
    229a:	cf 91       	pop	r28
    229c:	df 91       	pop	r29
    229e:	08 95       	ret

000022a0 <Timer_DeInit>:

/***********************De initialize the timer****************/
void Timer_DeInit(Timer_ID_Type timer_type) {
    22a0:	df 93       	push	r29
    22a2:	cf 93       	push	r28
    22a4:	00 d0       	rcall	.+0      	; 0x22a6 <Timer_DeInit+0x6>
    22a6:	0f 92       	push	r0
    22a8:	cd b7       	in	r28, 0x3d	; 61
    22aa:	de b7       	in	r29, 0x3e	; 62
    22ac:	89 83       	std	Y+1, r24	; 0x01
	switch (timer_type) {
    22ae:	89 81       	ldd	r24, Y+1	; 0x01
    22b0:	28 2f       	mov	r18, r24
    22b2:	30 e0       	ldi	r19, 0x00	; 0
    22b4:	3b 83       	std	Y+3, r19	; 0x03
    22b6:	2a 83       	std	Y+2, r18	; 0x02
    22b8:	8a 81       	ldd	r24, Y+2	; 0x02
    22ba:	9b 81       	ldd	r25, Y+3	; 0x03
    22bc:	81 30       	cpi	r24, 0x01	; 1
    22be:	91 05       	cpc	r25, r1
    22c0:	e9 f0       	breq	.+58     	; 0x22fc <Timer_DeInit+0x5c>
    22c2:	2a 81       	ldd	r18, Y+2	; 0x02
    22c4:	3b 81       	ldd	r19, Y+3	; 0x03
    22c6:	22 30       	cpi	r18, 0x02	; 2
    22c8:	31 05       	cpc	r19, r1
    22ca:	71 f1       	breq	.+92     	; 0x2328 <Timer_DeInit+0x88>
    22cc:	8a 81       	ldd	r24, Y+2	; 0x02
    22ce:	9b 81       	ldd	r25, Y+3	; 0x03
    22d0:	00 97       	sbiw	r24, 0x00	; 0
    22d2:	e9 f5       	brne	.+122    	; 0x234e <Timer_DeInit+0xae>
	case Timer0:

		/*Clear all register of Timer0*/
		TIMER0_TCCR0_REG.Byte = 0;
    22d4:	e3 e5       	ldi	r30, 0x53	; 83
    22d6:	f0 e0       	ldi	r31, 0x00	; 0
    22d8:	10 82       	st	Z, r1
		TIMER0_TCNT0_REG.Byte = 0;
    22da:	e2 e5       	ldi	r30, 0x52	; 82
    22dc:	f0 e0       	ldi	r31, 0x00	; 0
    22de:	10 82       	st	Z, r1
		TIMER0_OCR0_REG.Byte = 0;
    22e0:	ec e5       	ldi	r30, 0x5C	; 92
    22e2:	f0 e0       	ldi	r31, 0x00	; 0
    22e4:	10 82       	st	Z, r1

		/*Clear all Interrupt modules Enable of Timer0 (OCIE0=0,TOIE0=0)*/
		TIMER_TIMSK_REG.Bits.OCIE0_Bit = 0;
    22e6:	e9 e5       	ldi	r30, 0x59	; 89
    22e8:	f0 e0       	ldi	r31, 0x00	; 0
    22ea:	80 81       	ld	r24, Z
    22ec:	8d 7f       	andi	r24, 0xFD	; 253
    22ee:	80 83       	st	Z, r24
		TIMER_TIMSK_REG.Bits.TOIE0_Bit = 0;
    22f0:	e9 e5       	ldi	r30, 0x59	; 89
    22f2:	f0 e0       	ldi	r31, 0x00	; 0
    22f4:	80 81       	ld	r24, Z
    22f6:	8e 7f       	andi	r24, 0xFE	; 254
    22f8:	80 83       	st	Z, r24
    22fa:	29 c0       	rjmp	.+82     	; 0x234e <Timer_DeInit+0xae>
		break;

	case Timer1:

		/*Clear all register of Timer1*/
		TIMER1_TCCR1A_REG.Byte = 0;
    22fc:	ef e4       	ldi	r30, 0x4F	; 79
    22fe:	f0 e0       	ldi	r31, 0x00	; 0
    2300:	10 82       	st	Z, r1
		TIMER1_TCCR1B_REG.Byte = 0;
    2302:	ee e4       	ldi	r30, 0x4E	; 78
    2304:	f0 e0       	ldi	r31, 0x00	; 0
    2306:	10 82       	st	Z, r1
		TIMER1_TCNT1_REG.TwoBytes = 0;
    2308:	ec e4       	ldi	r30, 0x4C	; 76
    230a:	f0 e0       	ldi	r31, 0x00	; 0
    230c:	11 82       	std	Z+1, r1	; 0x01
    230e:	10 82       	st	Z, r1
		TIMER1_OCR1A_REG.TwoBytes = 0;
    2310:	ea e4       	ldi	r30, 0x4A	; 74
    2312:	f0 e0       	ldi	r31, 0x00	; 0
    2314:	11 82       	std	Z+1, r1	; 0x01
    2316:	10 82       	st	Z, r1

		/*Clear all Interrupt modules Enable of Timer1 (TICIE1=0,OCIE1A=0,OCIE1B=0,TOIE1=0)*/
		TIMER_TIMSK_REG.Byte &= 0xC3;
    2318:	a9 e5       	ldi	r26, 0x59	; 89
    231a:	b0 e0       	ldi	r27, 0x00	; 0
    231c:	e9 e5       	ldi	r30, 0x59	; 89
    231e:	f0 e0       	ldi	r31, 0x00	; 0
    2320:	80 81       	ld	r24, Z
    2322:	83 7c       	andi	r24, 0xC3	; 195
    2324:	8c 93       	st	X, r24
    2326:	13 c0       	rjmp	.+38     	; 0x234e <Timer_DeInit+0xae>
		break;

	case Timer2:

		/*Clear all register of Timer2*/
		TIMER2_TCCR2_REG.Byte = 0;
    2328:	e5 e4       	ldi	r30, 0x45	; 69
    232a:	f0 e0       	ldi	r31, 0x00	; 0
    232c:	10 82       	st	Z, r1
		TIMER2_TCNT2_REG.Byte = 0;
    232e:	e4 e4       	ldi	r30, 0x44	; 68
    2330:	f0 e0       	ldi	r31, 0x00	; 0
    2332:	10 82       	st	Z, r1
		TIMER2_OCR2_REG.Byte = 0;
    2334:	e3 e4       	ldi	r30, 0x43	; 67
    2336:	f0 e0       	ldi	r31, 0x00	; 0
    2338:	10 82       	st	Z, r1

		/*Clear all Interrupt modules Enable of Timer2 (OCIE2=0,TOIE2=0)*/
		TIMER_TIMSK_REG.Bits.OCIE2_Bit = 0;
    233a:	e9 e5       	ldi	r30, 0x59	; 89
    233c:	f0 e0       	ldi	r31, 0x00	; 0
    233e:	80 81       	ld	r24, Z
    2340:	8f 77       	andi	r24, 0x7F	; 127
    2342:	80 83       	st	Z, r24
		TIMER_TIMSK_REG.Bits.TOIE2_Bit = 0;
    2344:	e9 e5       	ldi	r30, 0x59	; 89
    2346:	f0 e0       	ldi	r31, 0x00	; 0
    2348:	80 81       	ld	r24, Z
    234a:	8f 7b       	andi	r24, 0xBF	; 191
    234c:	80 83       	st	Z, r24
		break;

	}

}
    234e:	0f 90       	pop	r0
    2350:	0f 90       	pop	r0
    2352:	0f 90       	pop	r0
    2354:	cf 91       	pop	r28
    2356:	df 91       	pop	r29
    2358:	08 95       	ret

0000235a <__vector_11>:
             /*Interrupt Service Routines for timer0, timer1,timer2  */


                /*************************TIMER0*******************/
  ISR(TIMER0_OVF_vect)
  {
    235a:	1f 92       	push	r1
    235c:	0f 92       	push	r0
    235e:	0f b6       	in	r0, 0x3f	; 63
    2360:	0f 92       	push	r0
    2362:	11 24       	eor	r1, r1
    2364:	2f 93       	push	r18
    2366:	3f 93       	push	r19
    2368:	4f 93       	push	r20
    236a:	5f 93       	push	r21
    236c:	6f 93       	push	r22
    236e:	7f 93       	push	r23
    2370:	8f 93       	push	r24
    2372:	9f 93       	push	r25
    2374:	af 93       	push	r26
    2376:	bf 93       	push	r27
    2378:	ef 93       	push	r30
    237a:	ff 93       	push	r31
    237c:	df 93       	push	r29
    237e:	cf 93       	push	r28
    2380:	cd b7       	in	r28, 0x3d	; 61
    2382:	de b7       	in	r29, 0x3e	; 62
  	if(g_Timers_callBackPtr[0] != NULL_PTR)
    2384:	80 91 88 00 	lds	r24, 0x0088
    2388:	90 91 89 00 	lds	r25, 0x0089
    238c:	00 97       	sbiw	r24, 0x00	; 0
    238e:	29 f0       	breq	.+10     	; 0x239a <__vector_11+0x40>
  	{
  		g_Timers_callBackPtr[0]();
    2390:	e0 91 88 00 	lds	r30, 0x0088
    2394:	f0 91 89 00 	lds	r31, 0x0089
    2398:	09 95       	icall
  	}
  }
    239a:	cf 91       	pop	r28
    239c:	df 91       	pop	r29
    239e:	ff 91       	pop	r31
    23a0:	ef 91       	pop	r30
    23a2:	bf 91       	pop	r27
    23a4:	af 91       	pop	r26
    23a6:	9f 91       	pop	r25
    23a8:	8f 91       	pop	r24
    23aa:	7f 91       	pop	r23
    23ac:	6f 91       	pop	r22
    23ae:	5f 91       	pop	r21
    23b0:	4f 91       	pop	r20
    23b2:	3f 91       	pop	r19
    23b4:	2f 91       	pop	r18
    23b6:	0f 90       	pop	r0
    23b8:	0f be       	out	0x3f, r0	; 63
    23ba:	0f 90       	pop	r0
    23bc:	1f 90       	pop	r1
    23be:	18 95       	reti

000023c0 <__vector_10>:
                /*****************interrupt service routine for timer0 CTC***************/
  ISR(TIMER0_COMP_vect)
  {
    23c0:	1f 92       	push	r1
    23c2:	0f 92       	push	r0
    23c4:	0f b6       	in	r0, 0x3f	; 63
    23c6:	0f 92       	push	r0
    23c8:	11 24       	eor	r1, r1
    23ca:	2f 93       	push	r18
    23cc:	3f 93       	push	r19
    23ce:	4f 93       	push	r20
    23d0:	5f 93       	push	r21
    23d2:	6f 93       	push	r22
    23d4:	7f 93       	push	r23
    23d6:	8f 93       	push	r24
    23d8:	9f 93       	push	r25
    23da:	af 93       	push	r26
    23dc:	bf 93       	push	r27
    23de:	ef 93       	push	r30
    23e0:	ff 93       	push	r31
    23e2:	df 93       	push	r29
    23e4:	cf 93       	push	r28
    23e6:	cd b7       	in	r28, 0x3d	; 61
    23e8:	de b7       	in	r29, 0x3e	; 62
  	if(g_Timers_callBackPtr[0] != NULL_PTR)
    23ea:	80 91 88 00 	lds	r24, 0x0088
    23ee:	90 91 89 00 	lds	r25, 0x0089
    23f2:	00 97       	sbiw	r24, 0x00	; 0
    23f4:	29 f0       	breq	.+10     	; 0x2400 <__vector_10+0x40>
  	{
  		g_Timers_callBackPtr[0]();
    23f6:	e0 91 88 00 	lds	r30, 0x0088
    23fa:	f0 91 89 00 	lds	r31, 0x0089
    23fe:	09 95       	icall
  	}
  }
    2400:	cf 91       	pop	r28
    2402:	df 91       	pop	r29
    2404:	ff 91       	pop	r31
    2406:	ef 91       	pop	r30
    2408:	bf 91       	pop	r27
    240a:	af 91       	pop	r26
    240c:	9f 91       	pop	r25
    240e:	8f 91       	pop	r24
    2410:	7f 91       	pop	r23
    2412:	6f 91       	pop	r22
    2414:	5f 91       	pop	r21
    2416:	4f 91       	pop	r20
    2418:	3f 91       	pop	r19
    241a:	2f 91       	pop	r18
    241c:	0f 90       	pop	r0
    241e:	0f be       	out	0x3f, r0	; 63
    2420:	0f 90       	pop	r0
    2422:	1f 90       	pop	r1
    2424:	18 95       	reti

00002426 <__vector_9>:

                        /***********************TIMER1*********************/
ISR(TIMER1_OVF_vect)
{
    2426:	1f 92       	push	r1
    2428:	0f 92       	push	r0
    242a:	0f b6       	in	r0, 0x3f	; 63
    242c:	0f 92       	push	r0
    242e:	11 24       	eor	r1, r1
    2430:	2f 93       	push	r18
    2432:	3f 93       	push	r19
    2434:	4f 93       	push	r20
    2436:	5f 93       	push	r21
    2438:	6f 93       	push	r22
    243a:	7f 93       	push	r23
    243c:	8f 93       	push	r24
    243e:	9f 93       	push	r25
    2440:	af 93       	push	r26
    2442:	bf 93       	push	r27
    2444:	ef 93       	push	r30
    2446:	ff 93       	push	r31
    2448:	df 93       	push	r29
    244a:	cf 93       	push	r28
    244c:	cd b7       	in	r28, 0x3d	; 61
    244e:	de b7       	in	r29, 0x3e	; 62
	if(g_Timers_callBackPtr[1] != NULL_PTR)
    2450:	80 91 8a 00 	lds	r24, 0x008A
    2454:	90 91 8b 00 	lds	r25, 0x008B
    2458:	00 97       	sbiw	r24, 0x00	; 0
    245a:	29 f0       	breq	.+10     	; 0x2466 <__vector_9+0x40>
	{
		g_Timers_callBackPtr[1]();
    245c:	e0 91 8a 00 	lds	r30, 0x008A
    2460:	f0 91 8b 00 	lds	r31, 0x008B
    2464:	09 95       	icall
	}
}
    2466:	cf 91       	pop	r28
    2468:	df 91       	pop	r29
    246a:	ff 91       	pop	r31
    246c:	ef 91       	pop	r30
    246e:	bf 91       	pop	r27
    2470:	af 91       	pop	r26
    2472:	9f 91       	pop	r25
    2474:	8f 91       	pop	r24
    2476:	7f 91       	pop	r23
    2478:	6f 91       	pop	r22
    247a:	5f 91       	pop	r21
    247c:	4f 91       	pop	r20
    247e:	3f 91       	pop	r19
    2480:	2f 91       	pop	r18
    2482:	0f 90       	pop	r0
    2484:	0f be       	out	0x3f, r0	; 63
    2486:	0f 90       	pop	r0
    2488:	1f 90       	pop	r1
    248a:	18 95       	reti

0000248c <__vector_7>:

                          /*interrupt service routine for timer1 CTC*/
ISR(TIMER1_COMPA_vect)
{
    248c:	1f 92       	push	r1
    248e:	0f 92       	push	r0
    2490:	0f b6       	in	r0, 0x3f	; 63
    2492:	0f 92       	push	r0
    2494:	11 24       	eor	r1, r1
    2496:	2f 93       	push	r18
    2498:	3f 93       	push	r19
    249a:	4f 93       	push	r20
    249c:	5f 93       	push	r21
    249e:	6f 93       	push	r22
    24a0:	7f 93       	push	r23
    24a2:	8f 93       	push	r24
    24a4:	9f 93       	push	r25
    24a6:	af 93       	push	r26
    24a8:	bf 93       	push	r27
    24aa:	ef 93       	push	r30
    24ac:	ff 93       	push	r31
    24ae:	df 93       	push	r29
    24b0:	cf 93       	push	r28
    24b2:	cd b7       	in	r28, 0x3d	; 61
    24b4:	de b7       	in	r29, 0x3e	; 62
	if(g_Timers_callBackPtr[1] != NULL_PTR)
    24b6:	80 91 8a 00 	lds	r24, 0x008A
    24ba:	90 91 8b 00 	lds	r25, 0x008B
    24be:	00 97       	sbiw	r24, 0x00	; 0
    24c0:	29 f0       	breq	.+10     	; 0x24cc <__vector_7+0x40>
	{
		g_Timers_callBackPtr[1]();
    24c2:	e0 91 8a 00 	lds	r30, 0x008A
    24c6:	f0 91 8b 00 	lds	r31, 0x008B
    24ca:	09 95       	icall
	}
}
    24cc:	cf 91       	pop	r28
    24ce:	df 91       	pop	r29
    24d0:	ff 91       	pop	r31
    24d2:	ef 91       	pop	r30
    24d4:	bf 91       	pop	r27
    24d6:	af 91       	pop	r26
    24d8:	9f 91       	pop	r25
    24da:	8f 91       	pop	r24
    24dc:	7f 91       	pop	r23
    24de:	6f 91       	pop	r22
    24e0:	5f 91       	pop	r21
    24e2:	4f 91       	pop	r20
    24e4:	3f 91       	pop	r19
    24e6:	2f 91       	pop	r18
    24e8:	0f 90       	pop	r0
    24ea:	0f be       	out	0x3f, r0	; 63
    24ec:	0f 90       	pop	r0
    24ee:	1f 90       	pop	r1
    24f0:	18 95       	reti

000024f2 <__vector_5>:

                       /**************************TIMER2*********************/

/*interrupt service routine for timer2 Overflow*/
ISR(TIMER2_OVF_vect)
{
    24f2:	1f 92       	push	r1
    24f4:	0f 92       	push	r0
    24f6:	0f b6       	in	r0, 0x3f	; 63
    24f8:	0f 92       	push	r0
    24fa:	11 24       	eor	r1, r1
    24fc:	2f 93       	push	r18
    24fe:	3f 93       	push	r19
    2500:	4f 93       	push	r20
    2502:	5f 93       	push	r21
    2504:	6f 93       	push	r22
    2506:	7f 93       	push	r23
    2508:	8f 93       	push	r24
    250a:	9f 93       	push	r25
    250c:	af 93       	push	r26
    250e:	bf 93       	push	r27
    2510:	ef 93       	push	r30
    2512:	ff 93       	push	r31
    2514:	df 93       	push	r29
    2516:	cf 93       	push	r28
    2518:	cd b7       	in	r28, 0x3d	; 61
    251a:	de b7       	in	r29, 0x3e	; 62
	if(g_Timers_callBackPtr[2] != NULL_PTR)
    251c:	80 91 8c 00 	lds	r24, 0x008C
    2520:	90 91 8d 00 	lds	r25, 0x008D
    2524:	00 97       	sbiw	r24, 0x00	; 0
    2526:	29 f0       	breq	.+10     	; 0x2532 <__vector_5+0x40>
	{
		g_Timers_callBackPtr[2]();
    2528:	e0 91 8c 00 	lds	r30, 0x008C
    252c:	f0 91 8d 00 	lds	r31, 0x008D
    2530:	09 95       	icall
	}
}
    2532:	cf 91       	pop	r28
    2534:	df 91       	pop	r29
    2536:	ff 91       	pop	r31
    2538:	ef 91       	pop	r30
    253a:	bf 91       	pop	r27
    253c:	af 91       	pop	r26
    253e:	9f 91       	pop	r25
    2540:	8f 91       	pop	r24
    2542:	7f 91       	pop	r23
    2544:	6f 91       	pop	r22
    2546:	5f 91       	pop	r21
    2548:	4f 91       	pop	r20
    254a:	3f 91       	pop	r19
    254c:	2f 91       	pop	r18
    254e:	0f 90       	pop	r0
    2550:	0f be       	out	0x3f, r0	; 63
    2552:	0f 90       	pop	r0
    2554:	1f 90       	pop	r1
    2556:	18 95       	reti

00002558 <__vector_4>:

                       /*interrupt service routine for timer2 CTC*/
ISR(TIMER2_COMP_vect)
{
    2558:	1f 92       	push	r1
    255a:	0f 92       	push	r0
    255c:	0f b6       	in	r0, 0x3f	; 63
    255e:	0f 92       	push	r0
    2560:	11 24       	eor	r1, r1
    2562:	2f 93       	push	r18
    2564:	3f 93       	push	r19
    2566:	4f 93       	push	r20
    2568:	5f 93       	push	r21
    256a:	6f 93       	push	r22
    256c:	7f 93       	push	r23
    256e:	8f 93       	push	r24
    2570:	9f 93       	push	r25
    2572:	af 93       	push	r26
    2574:	bf 93       	push	r27
    2576:	ef 93       	push	r30
    2578:	ff 93       	push	r31
    257a:	df 93       	push	r29
    257c:	cf 93       	push	r28
    257e:	cd b7       	in	r28, 0x3d	; 61
    2580:	de b7       	in	r29, 0x3e	; 62
	if(g_Timers_callBackPtr[2] != NULL_PTR)
    2582:	80 91 8c 00 	lds	r24, 0x008C
    2586:	90 91 8d 00 	lds	r25, 0x008D
    258a:	00 97       	sbiw	r24, 0x00	; 0
    258c:	29 f0       	breq	.+10     	; 0x2598 <__vector_4+0x40>
	{
		g_Timers_callBackPtr[2]();
    258e:	e0 91 8c 00 	lds	r30, 0x008C
    2592:	f0 91 8d 00 	lds	r31, 0x008D
    2596:	09 95       	icall
	}
}
    2598:	cf 91       	pop	r28
    259a:	df 91       	pop	r29
    259c:	ff 91       	pop	r31
    259e:	ef 91       	pop	r30
    25a0:	bf 91       	pop	r27
    25a2:	af 91       	pop	r26
    25a4:	9f 91       	pop	r25
    25a6:	8f 91       	pop	r24
    25a8:	7f 91       	pop	r23
    25aa:	6f 91       	pop	r22
    25ac:	5f 91       	pop	r21
    25ae:	4f 91       	pop	r20
    25b0:	3f 91       	pop	r19
    25b2:	2f 91       	pop	r18
    25b4:	0f 90       	pop	r0
    25b6:	0f be       	out	0x3f, r0	; 63
    25b8:	0f 90       	pop	r0
    25ba:	1f 90       	pop	r1
    25bc:	18 95       	reti

000025be <TWI_init>:

#include "twi_interface.h"
#include "twi_private.h"

void TWI_init(const I2c_ConfigType *i2c_config)
{
    25be:	df 93       	push	r29
    25c0:	cf 93       	push	r28
    25c2:	00 d0       	rcall	.+0      	; 0x25c4 <TWI_init+0x6>
    25c4:	cd b7       	in	r28, 0x3d	; 61
    25c6:	de b7       	in	r29, 0x3e	; 62
    25c8:	9a 83       	std	Y+2, r25	; 0x02
    25ca:	89 83       	std	Y+1, r24	; 0x01
	/*
	 * Choose required bit rate & prescaler
	 * SCL frequency = (CPU clock frequency / ((16+2(TWBR))) * 4^TWPS)
	 * &0xFC to clear bits before insertion
	 */
	TWI_TWBR_REG.Byte = i2c_config->bit_rate;
    25cc:	a0 e2       	ldi	r26, 0x20	; 32
    25ce:	b0 e0       	ldi	r27, 0x00	; 0
    25d0:	e9 81       	ldd	r30, Y+1	; 0x01
    25d2:	fa 81       	ldd	r31, Y+2	; 0x02
    25d4:	81 81       	ldd	r24, Z+1	; 0x01
    25d6:	8c 93       	st	X, r24
	TWI_TWSR_REG.Byte = (TWI_TWSR_REG.Byte & 0xFC) |((i2c_config->i2c_prescaler)&0x03);
    25d8:	a1 e2       	ldi	r26, 0x21	; 33
    25da:	b0 e0       	ldi	r27, 0x00	; 0
    25dc:	e1 e2       	ldi	r30, 0x21	; 33
    25de:	f0 e0       	ldi	r31, 0x00	; 0
    25e0:	80 81       	ld	r24, Z
    25e2:	98 2f       	mov	r25, r24
    25e4:	9c 7f       	andi	r25, 0xFC	; 252
    25e6:	e9 81       	ldd	r30, Y+1	; 0x01
    25e8:	fa 81       	ldd	r31, Y+2	; 0x02
    25ea:	82 81       	ldd	r24, Z+2	; 0x02
    25ec:	83 70       	andi	r24, 0x03	; 3
    25ee:	89 2b       	or	r24, r25
    25f0:	8c 93       	st	X, r24

	/* Two Wire Bus address my address if any master device want to call me:master_slave_address  (used in case this MC is a slave device)
	   General Call Recognition: Off */
	/* my address = master_slave_address :) */
	TWI_TWAR_REG.Byte = i2c_config->address;
    25f2:	a2 e2       	ldi	r26, 0x22	; 34
    25f4:	b0 e0       	ldi	r27, 0x00	; 0
    25f6:	e9 81       	ldd	r30, Y+1	; 0x01
    25f8:	fa 81       	ldd	r31, Y+2	; 0x02
    25fa:	80 81       	ld	r24, Z
    25fc:	8c 93       	st	X, r24

	/* enable TWI and clear all other bits in register TWCR -->0b0000 0100=0x04 */
	TWI_TWCR_REG.Byte=0x04;
    25fe:	e6 e5       	ldi	r30, 0x56	; 86
    2600:	f0 e0       	ldi	r31, 0x00	; 0
    2602:	84 e0       	ldi	r24, 0x04	; 4
    2604:	80 83       	st	Z, r24
}
    2606:	0f 90       	pop	r0
    2608:	0f 90       	pop	r0
    260a:	cf 91       	pop	r28
    260c:	df 91       	pop	r29
    260e:	08 95       	ret

00002610 <TWI_start>:


void TWI_start(void)
{
    2610:	df 93       	push	r29
    2612:	cf 93       	push	r28
    2614:	cd b7       	in	r28, 0x3d	; 61
    2616:	de b7       	in	r29, 0x3e	; 62
    /*
	 * Clear the TWINT flag before sending the start bit TWINT=1 in TWCR Register
	 * send the start bit by TWSTA=1 in TWCR Register
	 * Enable TWI Module TWEN=1 in TWCR Register
	 */
	TWI_TWCR_REG.Byte=0xA4;
    2618:	e6 e5       	ldi	r30, 0x56	; 86
    261a:	f0 e0       	ldi	r31, 0x00	; 0
    261c:	84 ea       	ldi	r24, 0xA4	; 164
    261e:	80 83       	st	Z, r24
    /* Wait for TWINT flag set in TWCR Register (start bit is send successfully) */
	while(!(TWI_TWCR_REG.Bits.TWINT_BIT));
    2620:	e6 e5       	ldi	r30, 0x56	; 86
    2622:	f0 e0       	ldi	r31, 0x00	; 0
    2624:	80 81       	ld	r24, Z
    2626:	80 78       	andi	r24, 0x80	; 128
    2628:	88 23       	and	r24, r24
    262a:	d1 f3       	breq	.-12     	; 0x2620 <TWI_start+0x10>

}
    262c:	cf 91       	pop	r28
    262e:	df 91       	pop	r29
    2630:	08 95       	ret

00002632 <TWI_stop>:

void TWI_stop(void)
{
    2632:	df 93       	push	r29
    2634:	cf 93       	push	r28
    2636:	cd b7       	in	r28, 0x3d	; 61
    2638:	de b7       	in	r29, 0x3e	; 62
    /*
	 * Clear the TWINT flag before sending the stop bit TWINT=1 in TWCR Register
	 * send the stop bit by TWSTO=1	in TWCR Register
	 * Enable TWI Module TWEN=1	in TWCR Register
	 */
	TWI_TWCR_REG.Byte=0x94;
    263a:	e6 e5       	ldi	r30, 0x56	; 86
    263c:	f0 e0       	ldi	r31, 0x00	; 0
    263e:	84 e9       	ldi	r24, 0x94	; 148
    2640:	80 83       	st	Z, r24
}
    2642:	cf 91       	pop	r28
    2644:	df 91       	pop	r29
    2646:	08 95       	ret

00002648 <TWI_writeByte>:


void TWI_writeByte(uint8 data)
{
    2648:	df 93       	push	r29
    264a:	cf 93       	push	r28
    264c:	0f 92       	push	r0
    264e:	cd b7       	in	r28, 0x3d	; 61
    2650:	de b7       	in	r29, 0x3e	; 62
    2652:	89 83       	std	Y+1, r24	; 0x01
    /* Put data On TWI data Register */
    TWI_TWDR_REG.Byte = data;
    2654:	e3 e2       	ldi	r30, 0x23	; 35
    2656:	f0 e0       	ldi	r31, 0x00	; 0
    2658:	89 81       	ldd	r24, Y+1	; 0x01
    265a:	80 83       	st	Z, r24

    TWI_TWCR_REG.Byte=0x84;
    265c:	e6 e5       	ldi	r30, 0x56	; 86
    265e:	f0 e0       	ldi	r31, 0x00	; 0
    2660:	84 e8       	ldi	r24, 0x84	; 132
    2662:	80 83       	st	Z, r24

    while(!(TWI_TWCR_REG.Bits.TWINT_BIT));
    2664:	e6 e5       	ldi	r30, 0x56	; 86
    2666:	f0 e0       	ldi	r31, 0x00	; 0
    2668:	80 81       	ld	r24, Z
    266a:	80 78       	andi	r24, 0x80	; 128
    266c:	88 23       	and	r24, r24
    266e:	d1 f3       	breq	.-12     	; 0x2664 <TWI_writeByte+0x1c>
}
    2670:	0f 90       	pop	r0
    2672:	cf 91       	pop	r28
    2674:	df 91       	pop	r29
    2676:	08 95       	ret

00002678 <TWI_readByteWithACK>:



uint8 TWI_readByteWithACK(void)
{
    2678:	df 93       	push	r29
    267a:	cf 93       	push	r28
    267c:	cd b7       	in	r28, 0x3d	; 61
    267e:	de b7       	in	r29, 0x3e	; 62
	/*
	 * Clear the TWINT flag before reading the data TWINT=1
	 * Enable sending ACK after reading or receiving data TWEA=1
	 * Enable TWI Module TWEN=1
	 */
    TWI_TWCR_REG.Byte=0xC4;
    2680:	e6 e5       	ldi	r30, 0x56	; 86
    2682:	f0 e0       	ldi	r31, 0x00	; 0
    2684:	84 ec       	ldi	r24, 0xC4	; 196
    2686:	80 83       	st	Z, r24

    /* Wait for TWINT flag set in TWCR Register (data received successfully) */
    while(!(TWI_TWCR_REG.Bits.TWINT_BIT));
    2688:	e6 e5       	ldi	r30, 0x56	; 86
    268a:	f0 e0       	ldi	r31, 0x00	; 0
    268c:	80 81       	ld	r24, Z
    268e:	80 78       	andi	r24, 0x80	; 128
    2690:	88 23       	and	r24, r24
    2692:	d1 f3       	breq	.-12     	; 0x2688 <TWI_readByteWithACK+0x10>

    /* Read Data */
    return TWI_TWDR_REG.Byte;
    2694:	e3 e2       	ldi	r30, 0x23	; 35
    2696:	f0 e0       	ldi	r31, 0x00	; 0
    2698:	80 81       	ld	r24, Z
}
    269a:	cf 91       	pop	r28
    269c:	df 91       	pop	r29
    269e:	08 95       	ret

000026a0 <TWI_readByteWithNACK>:
uint8 TWI_readByteWithNACK(void)
{
    26a0:	df 93       	push	r29
    26a2:	cf 93       	push	r28
    26a4:	cd b7       	in	r28, 0x3d	; 61
    26a6:	de b7       	in	r29, 0x3e	; 62
	/*
	 * Clear the TWINT flag before reading the data TWINT=1
	 * Enable TWI Module TWEN=1
	 */
	TWI_TWCR_REG.Byte=0x84;
    26a8:	e6 e5       	ldi	r30, 0x56	; 86
    26aa:	f0 e0       	ldi	r31, 0x00	; 0
    26ac:	84 e8       	ldi	r24, 0x84	; 132
    26ae:	80 83       	st	Z, r24

    /* Wait for TWINT flag set in TWCR Register (data received successfully) */
    while(!(TWI_TWCR_REG.Bits.TWINT_BIT));
    26b0:	e6 e5       	ldi	r30, 0x56	; 86
    26b2:	f0 e0       	ldi	r31, 0x00	; 0
    26b4:	80 81       	ld	r24, Z
    26b6:	80 78       	andi	r24, 0x80	; 128
    26b8:	88 23       	and	r24, r24
    26ba:	d1 f3       	breq	.-12     	; 0x26b0 <TWI_readByteWithNACK+0x10>

    /* Read Data */
    return TWI_TWDR_REG.Byte;
    26bc:	e3 e2       	ldi	r30, 0x23	; 35
    26be:	f0 e0       	ldi	r31, 0x00	; 0
    26c0:	80 81       	ld	r24, Z
}
    26c2:	cf 91       	pop	r28
    26c4:	df 91       	pop	r29
    26c6:	08 95       	ret

000026c8 <TWI_getStatus>:

uint8 TWI_getStatus(void)
{
    26c8:	df 93       	push	r29
    26ca:	cf 93       	push	r28
    26cc:	0f 92       	push	r0
    26ce:	cd b7       	in	r28, 0x3d	; 61
    26d0:	de b7       	in	r29, 0x3e	; 62
    uint8 status;
    /* masking to eliminate first 3 bits and get the last 5 bits (status bits) */
    status = TWI_TWSR_REG.Byte & 0xF8;
    26d2:	e1 e2       	ldi	r30, 0x21	; 33
    26d4:	f0 e0       	ldi	r31, 0x00	; 0
    26d6:	80 81       	ld	r24, Z
    26d8:	88 7f       	andi	r24, 0xF8	; 248
    26da:	89 83       	std	Y+1, r24	; 0x01
    return status;
    26dc:	89 81       	ldd	r24, Y+1	; 0x01
}
    26de:	0f 90       	pop	r0
    26e0:	cf 91       	pop	r28
    26e2:	df 91       	pop	r29
    26e4:	08 95       	ret

000026e6 <UART_init>:
 * 1. Setup the Frame format like number of data bits, parity bit type and number of stop bits.
 * 2. Enable the UART.
 * 3. Setup the UART baud rate.
 */
void UART_init(const UART_ConfigType *Config_Ptr)
{
    26e6:	df 93       	push	r29
    26e8:	cf 93       	push	r28
    26ea:	00 d0       	rcall	.+0      	; 0x26ec <UART_init+0x6>
    26ec:	00 d0       	rcall	.+0      	; 0x26ee <UART_init+0x8>
    26ee:	cd b7       	in	r28, 0x3d	; 61
    26f0:	de b7       	in	r29, 0x3e	; 62
    26f2:	9c 83       	std	Y+4, r25	; 0x04
    26f4:	8b 83       	std	Y+3, r24	; 0x03
	uint16 ubrr_value=0;
    26f6:	1a 82       	std	Y+2, r1	; 0x02
    26f8:	19 82       	std	Y+1, r1	; 0x01
	/* U2X = 1 for double transmission speed */
	UART_UCSRA_REG.Byte=0;
    26fa:	eb e2       	ldi	r30, 0x2B	; 43
    26fc:	f0 e0       	ldi	r31, 0x00	; 0
    26fe:	10 82       	st	Z, r1
	UART_UCSRA_REG.Bits.U2X_BIT=1;
    2700:	eb e2       	ldi	r30, 0x2B	; 43
    2702:	f0 e0       	ldi	r31, 0x00	; 0
    2704:	80 81       	ld	r24, Z
    2706:	82 60       	ori	r24, 0x02	; 2
    2708:	80 83       	st	Z, r24

	/*Enable Sending and transmitting TXEN=1 AND RXEN=1 in register UCSRB*/
	UART_UCSRB_REG.Bits.RXEN_BIT=1;
    270a:	ea e2       	ldi	r30, 0x2A	; 42
    270c:	f0 e0       	ldi	r31, 0x00	; 0
    270e:	80 81       	ld	r24, Z
    2710:	80 61       	ori	r24, 0x10	; 16
    2712:	80 83       	st	Z, r24
	UART_UCSRB_REG.Bits.TXEN_BIT=1;
    2714:	ea e2       	ldi	r30, 0x2A	; 42
    2716:	f0 e0       	ldi	r31, 0x00	; 0
    2718:	80 81       	ld	r24, Z
    271a:	88 60       	ori	r24, 0x08	; 8
    271c:	80 83       	st	Z, r24

	/*Set Bit URSEL (URSEL=1) to access register UCSRC as UCSRC and UBRRH Mapped on same location as  declared in uart private file  */
	UART_UCSRC_REG.Bits.URSEL_BIT=1;
    271e:	e0 e4       	ldi	r30, 0x40	; 64
    2720:	f0 e0       	ldi	r31, 0x00	; 0
    2722:	80 81       	ld	r24, Z
    2724:	80 68       	ori	r24, 0x80	; 128
    2726:	80 83       	st	Z, r24

	/*Write the Selected Parity*/
	UART_UCSRC_REG.Byte|=(Config_Ptr->parity);
    2728:	a0 e4       	ldi	r26, 0x40	; 64
    272a:	b0 e0       	ldi	r27, 0x00	; 0
    272c:	e0 e4       	ldi	r30, 0x40	; 64
    272e:	f0 e0       	ldi	r31, 0x00	; 0
    2730:	90 81       	ld	r25, Z
    2732:	eb 81       	ldd	r30, Y+3	; 0x03
    2734:	fc 81       	ldd	r31, Y+4	; 0x04
    2736:	81 81       	ldd	r24, Z+1	; 0x01
    2738:	89 2b       	or	r24, r25
    273a:	8c 93       	st	X, r24

	/*Write the selected stop bits*/
	UART_UCSRC_REG.Byte|=(Config_Ptr->stop_bit);
    273c:	a0 e4       	ldi	r26, 0x40	; 64
    273e:	b0 e0       	ldi	r27, 0x00	; 0
    2740:	e0 e4       	ldi	r30, 0x40	; 64
    2742:	f0 e0       	ldi	r31, 0x00	; 0
    2744:	90 81       	ld	r25, Z
    2746:	eb 81       	ldd	r30, Y+3	; 0x03
    2748:	fc 81       	ldd	r31, Y+4	; 0x04
    274a:	82 81       	ldd	r24, Z+2	; 0x02
    274c:	89 2b       	or	r24, r25
    274e:	8c 93       	st	X, r24

	UART_UCSRC_REG.Byte|=(((Config_Ptr->bit_data)<<1)&6);
    2750:	a0 e4       	ldi	r26, 0x40	; 64
    2752:	b0 e0       	ldi	r27, 0x00	; 0
    2754:	e0 e4       	ldi	r30, 0x40	; 64
    2756:	f0 e0       	ldi	r31, 0x00	; 0
    2758:	80 81       	ld	r24, Z
    275a:	28 2f       	mov	r18, r24
    275c:	eb 81       	ldd	r30, Y+3	; 0x03
    275e:	fc 81       	ldd	r31, Y+4	; 0x04
    2760:	80 81       	ld	r24, Z
    2762:	88 2f       	mov	r24, r24
    2764:	90 e0       	ldi	r25, 0x00	; 0
    2766:	88 0f       	add	r24, r24
    2768:	99 1f       	adc	r25, r25
    276a:	86 70       	andi	r24, 0x06	; 6
    276c:	82 2b       	or	r24, r18
    276e:	8c 93       	st	X, r24
	UART_UCSRC_REG.Byte|=(((Config_Ptr->bit_data)<<2)&4);
    2770:	a0 e4       	ldi	r26, 0x40	; 64
    2772:	b0 e0       	ldi	r27, 0x00	; 0
    2774:	e0 e4       	ldi	r30, 0x40	; 64
    2776:	f0 e0       	ldi	r31, 0x00	; 0
    2778:	80 81       	ld	r24, Z
    277a:	28 2f       	mov	r18, r24
    277c:	eb 81       	ldd	r30, Y+3	; 0x03
    277e:	fc 81       	ldd	r31, Y+4	; 0x04
    2780:	80 81       	ld	r24, Z
    2782:	88 2f       	mov	r24, r24
    2784:	90 e0       	ldi	r25, 0x00	; 0
    2786:	88 0f       	add	r24, r24
    2788:	99 1f       	adc	r25, r25
    278a:	88 0f       	add	r24, r24
    278c:	99 1f       	adc	r25, r25
    278e:	84 70       	andi	r24, 0x04	; 4
    2790:	82 2b       	or	r24, r18
    2792:	8c 93       	st	X, r24

	ubrr_value = (uint16)(((F_CPU / ((Config_Ptr->baud_rate) * 8UL))) - 1);
    2794:	eb 81       	ldd	r30, Y+3	; 0x03
    2796:	fc 81       	ldd	r31, Y+4	; 0x04
    2798:	83 81       	ldd	r24, Z+3	; 0x03
    279a:	94 81       	ldd	r25, Z+4	; 0x04
    279c:	a5 81       	ldd	r26, Z+5	; 0x05
    279e:	b6 81       	ldd	r27, Z+6	; 0x06
    27a0:	88 0f       	add	r24, r24
    27a2:	99 1f       	adc	r25, r25
    27a4:	aa 1f       	adc	r26, r26
    27a6:	bb 1f       	adc	r27, r27
    27a8:	88 0f       	add	r24, r24
    27aa:	99 1f       	adc	r25, r25
    27ac:	aa 1f       	adc	r26, r26
    27ae:	bb 1f       	adc	r27, r27
    27b0:	88 0f       	add	r24, r24
    27b2:	99 1f       	adc	r25, r25
    27b4:	aa 1f       	adc	r26, r26
    27b6:	bb 1f       	adc	r27, r27
    27b8:	9c 01       	movw	r18, r24
    27ba:	ad 01       	movw	r20, r26
    27bc:	80 e0       	ldi	r24, 0x00	; 0
    27be:	94 e2       	ldi	r25, 0x24	; 36
    27c0:	a4 ef       	ldi	r26, 0xF4	; 244
    27c2:	b0 e0       	ldi	r27, 0x00	; 0
    27c4:	bc 01       	movw	r22, r24
    27c6:	cd 01       	movw	r24, r26
    27c8:	0e 94 8d 14 	call	0x291a	; 0x291a <__udivmodsi4>
    27cc:	da 01       	movw	r26, r20
    27ce:	c9 01       	movw	r24, r18
    27d0:	01 97       	sbiw	r24, 0x01	; 1
    27d2:	9a 83       	std	Y+2, r25	; 0x02
    27d4:	89 83       	std	Y+1, r24	; 0x01

	UART_UBRRH_REG.Byte = ubrr_value>>8;
    27d6:	e0 e4       	ldi	r30, 0x40	; 64
    27d8:	f0 e0       	ldi	r31, 0x00	; 0
    27da:	89 81       	ldd	r24, Y+1	; 0x01
    27dc:	9a 81       	ldd	r25, Y+2	; 0x02
    27de:	89 2f       	mov	r24, r25
    27e0:	99 27       	eor	r25, r25
    27e2:	80 83       	st	Z, r24
	UART_UBRRL_REG.Byte = ubrr_value;
    27e4:	e9 e2       	ldi	r30, 0x29	; 41
    27e6:	f0 e0       	ldi	r31, 0x00	; 0
    27e8:	89 81       	ldd	r24, Y+1	; 0x01
    27ea:	80 83       	st	Z, r24
}
    27ec:	0f 90       	pop	r0
    27ee:	0f 90       	pop	r0
    27f0:	0f 90       	pop	r0
    27f2:	0f 90       	pop	r0
    27f4:	cf 91       	pop	r28
    27f6:	df 91       	pop	r29
    27f8:	08 95       	ret

000027fa <UART_sendByte>:
/*
 * Description :
 * Functional responsible for send byte to another UART device.
 */
void UART_sendByte(const uint8 data)
{
    27fa:	df 93       	push	r29
    27fc:	cf 93       	push	r28
    27fe:	0f 92       	push	r0
    2800:	cd b7       	in	r28, 0x3d	; 61
    2802:	de b7       	in	r29, 0x3e	; 62
    2804:	89 83       	std	Y+1, r24	; 0x01
	/*
	 * UDRE flag is set when the Tx buffer (UDR) is empty and ready for
	 * transmitting a new byte so wait until this flag is set to one
	 */
	while(!(UART_UCSRA_REG.Bits.UDRE_BIT));
    2806:	eb e2       	ldi	r30, 0x2B	; 43
    2808:	f0 e0       	ldi	r31, 0x00	; 0
    280a:	80 81       	ld	r24, Z
    280c:	80 72       	andi	r24, 0x20	; 32
    280e:	88 23       	and	r24, r24
    2810:	d1 f3       	breq	.-12     	; 0x2806 <UART_sendByte+0xc>

	/*
	 * Put the required data in the UDR register and it also clear the UDRE flag as
	 * the UDR register is not empty now
	 */
	UART_UDR_REG.Byte = data;
    2812:	ec e2       	ldi	r30, 0x2C	; 44
    2814:	f0 e0       	ldi	r31, 0x00	; 0
    2816:	89 81       	ldd	r24, Y+1	; 0x01
    2818:	80 83       	st	Z, r24
	UART_UDR_REG.Byte= data;
	while(!(UART_UCSRA_REG.Bits.TXC_BIT)); // Wait until the transmission is complete TXC = 1
	UART_UCSRA_REG.Bits.TXC_BIT=1; // Clear the TXC flag
	*/

}
    281a:	0f 90       	pop	r0
    281c:	cf 91       	pop	r28
    281e:	df 91       	pop	r29
    2820:	08 95       	ret

00002822 <UART_recieveByte>:
/*
 * Description :
 * Functional responsible for receive byte from another UART device.
 */
uint8 UART_recieveByte(void)
{
    2822:	df 93       	push	r29
    2824:	cf 93       	push	r28
    2826:	cd b7       	in	r28, 0x3d	; 61
    2828:	de b7       	in	r29, 0x3e	; 62
	/* RXC flag is set when the UART receive data so wait until this flag is set to one */
	while(!(UART_UCSRA_REG.Bits.RXC_BIT));
    282a:	eb e2       	ldi	r30, 0x2B	; 43
    282c:	f0 e0       	ldi	r31, 0x00	; 0
    282e:	80 81       	ld	r24, Z
    2830:	80 78       	andi	r24, 0x80	; 128
    2832:	88 23       	and	r24, r24
    2834:	d1 f3       	breq	.-12     	; 0x282a <UART_recieveByte+0x8>

	/*
	 * Read the received data from the Rx buffer (UDR)
	 * The RXC flag will be cleared after read the data
	 */
    return UART_UDR_REG.Byte;
    2836:	ec e2       	ldi	r30, 0x2C	; 44
    2838:	f0 e0       	ldi	r31, 0x00	; 0
    283a:	80 81       	ld	r24, Z
}
    283c:	cf 91       	pop	r28
    283e:	df 91       	pop	r29
    2840:	08 95       	ret

00002842 <UART_sendString>:
/*
 * Description :
 * Send the required string through UART to the other UART device.
 */
void UART_sendString(const uint8 *Str)
{
    2842:	df 93       	push	r29
    2844:	cf 93       	push	r28
    2846:	00 d0       	rcall	.+0      	; 0x2848 <UART_sendString+0x6>
    2848:	0f 92       	push	r0
    284a:	cd b7       	in	r28, 0x3d	; 61
    284c:	de b7       	in	r29, 0x3e	; 62
    284e:	9b 83       	std	Y+3, r25	; 0x03
    2850:	8a 83       	std	Y+2, r24	; 0x02
	uint8 i = 0;
    2852:	19 82       	std	Y+1, r1	; 0x01
    2854:	0e c0       	rjmp	.+28     	; 0x2872 <UART_sendString+0x30>

	/* Send the whole string */
	while(Str[i] != '\0')
	{
		UART_sendByte(Str[i]);
    2856:	89 81       	ldd	r24, Y+1	; 0x01
    2858:	28 2f       	mov	r18, r24
    285a:	30 e0       	ldi	r19, 0x00	; 0
    285c:	8a 81       	ldd	r24, Y+2	; 0x02
    285e:	9b 81       	ldd	r25, Y+3	; 0x03
    2860:	fc 01       	movw	r30, r24
    2862:	e2 0f       	add	r30, r18
    2864:	f3 1f       	adc	r31, r19
    2866:	80 81       	ld	r24, Z
    2868:	0e 94 fd 13 	call	0x27fa	; 0x27fa <UART_sendByte>
		i++;
    286c:	89 81       	ldd	r24, Y+1	; 0x01
    286e:	8f 5f       	subi	r24, 0xFF	; 255
    2870:	89 83       	std	Y+1, r24	; 0x01
void UART_sendString(const uint8 *Str)
{
	uint8 i = 0;

	/* Send the whole string */
	while(Str[i] != '\0')
    2872:	89 81       	ldd	r24, Y+1	; 0x01
    2874:	28 2f       	mov	r18, r24
    2876:	30 e0       	ldi	r19, 0x00	; 0
    2878:	8a 81       	ldd	r24, Y+2	; 0x02
    287a:	9b 81       	ldd	r25, Y+3	; 0x03
    287c:	fc 01       	movw	r30, r24
    287e:	e2 0f       	add	r30, r18
    2880:	f3 1f       	adc	r31, r19
    2882:	80 81       	ld	r24, Z
    2884:	88 23       	and	r24, r24
    2886:	39 f7       	brne	.-50     	; 0x2856 <UART_sendString+0x14>
	{
		UART_sendByte(*Str);
		Str++;
	}
	*******************************************************************/
}
    2888:	0f 90       	pop	r0
    288a:	0f 90       	pop	r0
    288c:	0f 90       	pop	r0
    288e:	cf 91       	pop	r28
    2890:	df 91       	pop	r29
    2892:	08 95       	ret

00002894 <UART_receiveString>:
/*
 * Description :
 * Receive the required string until the '#' symbol through UART from the other UART device.
 */
void UART_receiveString(uint8 *Str)
{
    2894:	0f 93       	push	r16
    2896:	1f 93       	push	r17
    2898:	df 93       	push	r29
    289a:	cf 93       	push	r28
    289c:	00 d0       	rcall	.+0      	; 0x289e <UART_receiveString+0xa>
    289e:	0f 92       	push	r0
    28a0:	cd b7       	in	r28, 0x3d	; 61
    28a2:	de b7       	in	r29, 0x3e	; 62
    28a4:	9b 83       	std	Y+3, r25	; 0x03
    28a6:	8a 83       	std	Y+2, r24	; 0x02
	uint8 i = 0;
    28a8:	19 82       	std	Y+1, r1	; 0x01

	/* Receive the first byte */
	Str[i] = UART_recieveByte();
    28aa:	89 81       	ldd	r24, Y+1	; 0x01
    28ac:	28 2f       	mov	r18, r24
    28ae:	30 e0       	ldi	r19, 0x00	; 0
    28b0:	8a 81       	ldd	r24, Y+2	; 0x02
    28b2:	9b 81       	ldd	r25, Y+3	; 0x03
    28b4:	8c 01       	movw	r16, r24
    28b6:	02 0f       	add	r16, r18
    28b8:	13 1f       	adc	r17, r19
    28ba:	0e 94 11 14 	call	0x2822	; 0x2822 <UART_recieveByte>
    28be:	f8 01       	movw	r30, r16
    28c0:	80 83       	st	Z, r24
    28c2:	0f c0       	rjmp	.+30     	; 0x28e2 <UART_receiveString+0x4e>

	/* Receive the whole string until the '#' */
	while(Str[i] != '#')
	{
		i++;
    28c4:	89 81       	ldd	r24, Y+1	; 0x01
    28c6:	8f 5f       	subi	r24, 0xFF	; 255
    28c8:	89 83       	std	Y+1, r24	; 0x01
		Str[i] = UART_recieveByte();
    28ca:	89 81       	ldd	r24, Y+1	; 0x01
    28cc:	28 2f       	mov	r18, r24
    28ce:	30 e0       	ldi	r19, 0x00	; 0
    28d0:	8a 81       	ldd	r24, Y+2	; 0x02
    28d2:	9b 81       	ldd	r25, Y+3	; 0x03
    28d4:	8c 01       	movw	r16, r24
    28d6:	02 0f       	add	r16, r18
    28d8:	13 1f       	adc	r17, r19
    28da:	0e 94 11 14 	call	0x2822	; 0x2822 <UART_recieveByte>
    28de:	f8 01       	movw	r30, r16
    28e0:	80 83       	st	Z, r24

	/* Receive the first byte */
	Str[i] = UART_recieveByte();

	/* Receive the whole string until the '#' */
	while(Str[i] != '#')
    28e2:	89 81       	ldd	r24, Y+1	; 0x01
    28e4:	28 2f       	mov	r18, r24
    28e6:	30 e0       	ldi	r19, 0x00	; 0
    28e8:	8a 81       	ldd	r24, Y+2	; 0x02
    28ea:	9b 81       	ldd	r25, Y+3	; 0x03
    28ec:	fc 01       	movw	r30, r24
    28ee:	e2 0f       	add	r30, r18
    28f0:	f3 1f       	adc	r31, r19
    28f2:	80 81       	ld	r24, Z
    28f4:	83 32       	cpi	r24, 0x23	; 35
    28f6:	31 f7       	brne	.-52     	; 0x28c4 <UART_receiveString+0x30>
		i++;
		Str[i] = UART_recieveByte();
	}

	/* After receiving the whole string plus the '#', replace the '#' with '\0' */
	Str[i] = '\0';
    28f8:	89 81       	ldd	r24, Y+1	; 0x01
    28fa:	28 2f       	mov	r18, r24
    28fc:	30 e0       	ldi	r19, 0x00	; 0
    28fe:	8a 81       	ldd	r24, Y+2	; 0x02
    2900:	9b 81       	ldd	r25, Y+3	; 0x03
    2902:	fc 01       	movw	r30, r24
    2904:	e2 0f       	add	r30, r18
    2906:	f3 1f       	adc	r31, r19
    2908:	10 82       	st	Z, r1
}
    290a:	0f 90       	pop	r0
    290c:	0f 90       	pop	r0
    290e:	0f 90       	pop	r0
    2910:	cf 91       	pop	r28
    2912:	df 91       	pop	r29
    2914:	1f 91       	pop	r17
    2916:	0f 91       	pop	r16
    2918:	08 95       	ret

0000291a <__udivmodsi4>:
    291a:	a1 e2       	ldi	r26, 0x21	; 33
    291c:	1a 2e       	mov	r1, r26
    291e:	aa 1b       	sub	r26, r26
    2920:	bb 1b       	sub	r27, r27
    2922:	fd 01       	movw	r30, r26
    2924:	0d c0       	rjmp	.+26     	; 0x2940 <__udivmodsi4_ep>

00002926 <__udivmodsi4_loop>:
    2926:	aa 1f       	adc	r26, r26
    2928:	bb 1f       	adc	r27, r27
    292a:	ee 1f       	adc	r30, r30
    292c:	ff 1f       	adc	r31, r31
    292e:	a2 17       	cp	r26, r18
    2930:	b3 07       	cpc	r27, r19
    2932:	e4 07       	cpc	r30, r20
    2934:	f5 07       	cpc	r31, r21
    2936:	20 f0       	brcs	.+8      	; 0x2940 <__udivmodsi4_ep>
    2938:	a2 1b       	sub	r26, r18
    293a:	b3 0b       	sbc	r27, r19
    293c:	e4 0b       	sbc	r30, r20
    293e:	f5 0b       	sbc	r31, r21

00002940 <__udivmodsi4_ep>:
    2940:	66 1f       	adc	r22, r22
    2942:	77 1f       	adc	r23, r23
    2944:	88 1f       	adc	r24, r24
    2946:	99 1f       	adc	r25, r25
    2948:	1a 94       	dec	r1
    294a:	69 f7       	brne	.-38     	; 0x2926 <__udivmodsi4_loop>
    294c:	60 95       	com	r22
    294e:	70 95       	com	r23
    2950:	80 95       	com	r24
    2952:	90 95       	com	r25
    2954:	9b 01       	movw	r18, r22
    2956:	ac 01       	movw	r20, r24
    2958:	bd 01       	movw	r22, r26
    295a:	cf 01       	movw	r24, r30
    295c:	08 95       	ret

0000295e <__prologue_saves__>:
    295e:	2f 92       	push	r2
    2960:	3f 92       	push	r3
    2962:	4f 92       	push	r4
    2964:	5f 92       	push	r5
    2966:	6f 92       	push	r6
    2968:	7f 92       	push	r7
    296a:	8f 92       	push	r8
    296c:	9f 92       	push	r9
    296e:	af 92       	push	r10
    2970:	bf 92       	push	r11
    2972:	cf 92       	push	r12
    2974:	df 92       	push	r13
    2976:	ef 92       	push	r14
    2978:	ff 92       	push	r15
    297a:	0f 93       	push	r16
    297c:	1f 93       	push	r17
    297e:	cf 93       	push	r28
    2980:	df 93       	push	r29
    2982:	cd b7       	in	r28, 0x3d	; 61
    2984:	de b7       	in	r29, 0x3e	; 62
    2986:	ca 1b       	sub	r28, r26
    2988:	db 0b       	sbc	r29, r27
    298a:	0f b6       	in	r0, 0x3f	; 63
    298c:	f8 94       	cli
    298e:	de bf       	out	0x3e, r29	; 62
    2990:	0f be       	out	0x3f, r0	; 63
    2992:	cd bf       	out	0x3d, r28	; 61
    2994:	09 94       	ijmp

00002996 <__epilogue_restores__>:
    2996:	2a 88       	ldd	r2, Y+18	; 0x12
    2998:	39 88       	ldd	r3, Y+17	; 0x11
    299a:	48 88       	ldd	r4, Y+16	; 0x10
    299c:	5f 84       	ldd	r5, Y+15	; 0x0f
    299e:	6e 84       	ldd	r6, Y+14	; 0x0e
    29a0:	7d 84       	ldd	r7, Y+13	; 0x0d
    29a2:	8c 84       	ldd	r8, Y+12	; 0x0c
    29a4:	9b 84       	ldd	r9, Y+11	; 0x0b
    29a6:	aa 84       	ldd	r10, Y+10	; 0x0a
    29a8:	b9 84       	ldd	r11, Y+9	; 0x09
    29aa:	c8 84       	ldd	r12, Y+8	; 0x08
    29ac:	df 80       	ldd	r13, Y+7	; 0x07
    29ae:	ee 80       	ldd	r14, Y+6	; 0x06
    29b0:	fd 80       	ldd	r15, Y+5	; 0x05
    29b2:	0c 81       	ldd	r16, Y+4	; 0x04
    29b4:	1b 81       	ldd	r17, Y+3	; 0x03
    29b6:	aa 81       	ldd	r26, Y+2	; 0x02
    29b8:	b9 81       	ldd	r27, Y+1	; 0x01
    29ba:	ce 0f       	add	r28, r30
    29bc:	d1 1d       	adc	r29, r1
    29be:	0f b6       	in	r0, 0x3f	; 63
    29c0:	f8 94       	cli
    29c2:	de bf       	out	0x3e, r29	; 62
    29c4:	0f be       	out	0x3f, r0	; 63
    29c6:	cd bf       	out	0x3d, r28	; 61
    29c8:	ed 01       	movw	r28, r26
    29ca:	08 95       	ret

000029cc <_exit>:
    29cc:	f8 94       	cli

000029ce <__stop_program>:
    29ce:	ff cf       	rjmp	.-2      	; 0x29ce <__stop_program>
