
HMI_ECU_CONTRIL.elf:     file format elf32-avr

Sections:
Idx Name          Size      VMA       LMA       File off  Algn
  0 .text         0000313a  00000000  00000000  00000094  2**1
                  CONTENTS, ALLOC, LOAD, READONLY, CODE
  1 .data         000000fc  00800060  0000313a  000031ce  2**0
                  CONTENTS, ALLOC, LOAD, DATA
  2 .bss          00000012  0080015c  0080015c  000032ca  2**0
                  ALLOC
  3 .stab         00002ef8  00000000  00000000  000032cc  2**2
                  CONTENTS, READONLY, DEBUGGING
  4 .stabstr      00002b97  00000000  00000000  000061c4  2**0
                  CONTENTS, READONLY, DEBUGGING
  5 .debug_aranges 00000140  00000000  00000000  00008d5b  2**0
                  CONTENTS, READONLY, DEBUGGING
  6 .debug_pubnames 00000170  00000000  00000000  00008e9b  2**0
                  CONTENTS, READONLY, DEBUGGING
  7 .debug_info   00001c49  00000000  00000000  0000900b  2**0
                  CONTENTS, READONLY, DEBUGGING
  8 .debug_abbrev 00000eeb  00000000  00000000  0000ac54  2**0
                  CONTENTS, READONLY, DEBUGGING
  9 .debug_line   00000dad  00000000  00000000  0000bb3f  2**0
                  CONTENTS, READONLY, DEBUGGING
 10 .debug_frame  00000160  00000000  00000000  0000c8ec  2**2
                  CONTENTS, READONLY, DEBUGGING
 11 .debug_str    0000028d  00000000  00000000  0000ca4c  2**0
                  CONTENTS, READONLY, DEBUGGING
 12 .debug_loc    000007ce  00000000  00000000  0000ccd9  2**0
                  CONTENTS, READONLY, DEBUGGING
 13 .debug_ranges 00000050  00000000  00000000  0000d4a7  2**0
                  CONTENTS, READONLY, DEBUGGING

Disassembly of section .text:

00000000 <__vectors>:
       0:	0c 94 2a 00 	jmp	0x54	; 0x54 <__ctors_end>
       4:	0c 94 47 00 	jmp	0x8e	; 0x8e <__bad_interrupt>
       8:	0c 94 47 00 	jmp	0x8e	; 0x8e <__bad_interrupt>
       c:	0c 94 47 00 	jmp	0x8e	; 0x8e <__bad_interrupt>
      10:	0c 94 b0 16 	jmp	0x2d60	; 0x2d60 <__vector_4>
      14:	0c 94 7d 16 	jmp	0x2cfa	; 0x2cfa <__vector_5>
      18:	0c 94 47 00 	jmp	0x8e	; 0x8e <__bad_interrupt>
      1c:	0c 94 4a 16 	jmp	0x2c94	; 0x2c94 <__vector_7>
      20:	0c 94 47 00 	jmp	0x8e	; 0x8e <__bad_interrupt>
      24:	0c 94 17 16 	jmp	0x2c2e	; 0x2c2e <__vector_9>
      28:	0c 94 e4 15 	jmp	0x2bc8	; 0x2bc8 <__vector_10>
      2c:	0c 94 b1 15 	jmp	0x2b62	; 0x2b62 <__vector_11>
      30:	0c 94 47 00 	jmp	0x8e	; 0x8e <__bad_interrupt>
      34:	0c 94 47 00 	jmp	0x8e	; 0x8e <__bad_interrupt>
      38:	0c 94 47 00 	jmp	0x8e	; 0x8e <__bad_interrupt>
      3c:	0c 94 47 00 	jmp	0x8e	; 0x8e <__bad_interrupt>
      40:	0c 94 47 00 	jmp	0x8e	; 0x8e <__bad_interrupt>
      44:	0c 94 47 00 	jmp	0x8e	; 0x8e <__bad_interrupt>
      48:	0c 94 47 00 	jmp	0x8e	; 0x8e <__bad_interrupt>
      4c:	0c 94 47 00 	jmp	0x8e	; 0x8e <__bad_interrupt>
      50:	0c 94 47 00 	jmp	0x8e	; 0x8e <__bad_interrupt>

00000054 <__ctors_end>:
      54:	11 24       	eor	r1, r1
      56:	1f be       	out	0x3f, r1	; 63
      58:	cf e5       	ldi	r28, 0x5F	; 95
      5a:	d8 e0       	ldi	r29, 0x08	; 8
      5c:	de bf       	out	0x3e, r29	; 62
      5e:	cd bf       	out	0x3d, r28	; 61

00000060 <__do_copy_data>:
      60:	11 e0       	ldi	r17, 0x01	; 1
      62:	a0 e6       	ldi	r26, 0x60	; 96
      64:	b0 e0       	ldi	r27, 0x00	; 0
      66:	ea e3       	ldi	r30, 0x3A	; 58
      68:	f1 e3       	ldi	r31, 0x31	; 49
      6a:	02 c0       	rjmp	.+4      	; 0x70 <.do_copy_data_start>

0000006c <.do_copy_data_loop>:
      6c:	05 90       	lpm	r0, Z+
      6e:	0d 92       	st	X+, r0

00000070 <.do_copy_data_start>:
      70:	ac 35       	cpi	r26, 0x5C	; 92
      72:	b1 07       	cpc	r27, r17
      74:	d9 f7       	brne	.-10     	; 0x6c <.do_copy_data_loop>

00000076 <__do_clear_bss>:
      76:	11 e0       	ldi	r17, 0x01	; 1
      78:	ac e5       	ldi	r26, 0x5C	; 92
      7a:	b1 e0       	ldi	r27, 0x01	; 1
      7c:	01 c0       	rjmp	.+2      	; 0x80 <.do_clear_bss_start>

0000007e <.do_clear_bss_loop>:
      7e:	1d 92       	st	X+, r1

00000080 <.do_clear_bss_start>:
      80:	ae 36       	cpi	r26, 0x6E	; 110
      82:	b1 07       	cpc	r27, r17
      84:	e1 f7       	brne	.-8      	; 0x7e <.do_clear_bss_loop>
      86:	0e 94 66 09 	call	0x12cc	; 0x12cc <main>
      8a:	0c 94 9b 18 	jmp	0x3136	; 0x3136 <_exit>

0000008e <__bad_interrupt>:
      8e:	0c 94 00 00 	jmp	0	; 0x0 <__vectors>

00000092 <__fixunssfsi>:
      92:	ef 92       	push	r14
      94:	ff 92       	push	r15
      96:	0f 93       	push	r16
      98:	1f 93       	push	r17
      9a:	7b 01       	movw	r14, r22
      9c:	8c 01       	movw	r16, r24
      9e:	20 e0       	ldi	r18, 0x00	; 0
      a0:	30 e0       	ldi	r19, 0x00	; 0
      a2:	40 e0       	ldi	r20, 0x00	; 0
      a4:	5f e4       	ldi	r21, 0x4F	; 79
      a6:	0e 94 49 03 	call	0x692	; 0x692 <__gesf2>
      aa:	88 23       	and	r24, r24
      ac:	8c f0       	brlt	.+34     	; 0xd0 <__fixunssfsi+0x3e>
      ae:	c8 01       	movw	r24, r16
      b0:	b7 01       	movw	r22, r14
      b2:	20 e0       	ldi	r18, 0x00	; 0
      b4:	30 e0       	ldi	r19, 0x00	; 0
      b6:	40 e0       	ldi	r20, 0x00	; 0
      b8:	5f e4       	ldi	r21, 0x4F	; 79
      ba:	0e 94 c1 01 	call	0x382	; 0x382 <__subsf3>
      be:	0e 94 a9 03 	call	0x752	; 0x752 <__fixsfsi>
      c2:	9b 01       	movw	r18, r22
      c4:	ac 01       	movw	r20, r24
      c6:	20 50       	subi	r18, 0x00	; 0
      c8:	30 40       	sbci	r19, 0x00	; 0
      ca:	40 40       	sbci	r20, 0x00	; 0
      cc:	50 48       	sbci	r21, 0x80	; 128
      ce:	06 c0       	rjmp	.+12     	; 0xdc <__fixunssfsi+0x4a>
      d0:	c8 01       	movw	r24, r16
      d2:	b7 01       	movw	r22, r14
      d4:	0e 94 a9 03 	call	0x752	; 0x752 <__fixsfsi>
      d8:	9b 01       	movw	r18, r22
      da:	ac 01       	movw	r20, r24
      dc:	b9 01       	movw	r22, r18
      de:	ca 01       	movw	r24, r20
      e0:	1f 91       	pop	r17
      e2:	0f 91       	pop	r16
      e4:	ff 90       	pop	r15
      e6:	ef 90       	pop	r14
      e8:	08 95       	ret

000000ea <_fpadd_parts>:
      ea:	a0 e0       	ldi	r26, 0x00	; 0
      ec:	b0 e0       	ldi	r27, 0x00	; 0
      ee:	eb e7       	ldi	r30, 0x7B	; 123
      f0:	f0 e0       	ldi	r31, 0x00	; 0
      f2:	0c 94 1f 18 	jmp	0x303e	; 0x303e <__prologue_saves__>
      f6:	dc 01       	movw	r26, r24
      f8:	2b 01       	movw	r4, r22
      fa:	fa 01       	movw	r30, r20
      fc:	9c 91       	ld	r25, X
      fe:	92 30       	cpi	r25, 0x02	; 2
     100:	08 f4       	brcc	.+2      	; 0x104 <_fpadd_parts+0x1a>
     102:	39 c1       	rjmp	.+626    	; 0x376 <_fpadd_parts+0x28c>
     104:	eb 01       	movw	r28, r22
     106:	88 81       	ld	r24, Y
     108:	82 30       	cpi	r24, 0x02	; 2
     10a:	08 f4       	brcc	.+2      	; 0x10e <_fpadd_parts+0x24>
     10c:	33 c1       	rjmp	.+614    	; 0x374 <_fpadd_parts+0x28a>
     10e:	94 30       	cpi	r25, 0x04	; 4
     110:	69 f4       	brne	.+26     	; 0x12c <_fpadd_parts+0x42>
     112:	84 30       	cpi	r24, 0x04	; 4
     114:	09 f0       	breq	.+2      	; 0x118 <_fpadd_parts+0x2e>
     116:	2f c1       	rjmp	.+606    	; 0x376 <_fpadd_parts+0x28c>
     118:	11 96       	adiw	r26, 0x01	; 1
     11a:	9c 91       	ld	r25, X
     11c:	11 97       	sbiw	r26, 0x01	; 1
     11e:	89 81       	ldd	r24, Y+1	; 0x01
     120:	98 17       	cp	r25, r24
     122:	09 f4       	brne	.+2      	; 0x126 <_fpadd_parts+0x3c>
     124:	28 c1       	rjmp	.+592    	; 0x376 <_fpadd_parts+0x28c>
     126:	a6 e4       	ldi	r26, 0x46	; 70
     128:	b1 e0       	ldi	r27, 0x01	; 1
     12a:	25 c1       	rjmp	.+586    	; 0x376 <_fpadd_parts+0x28c>
     12c:	84 30       	cpi	r24, 0x04	; 4
     12e:	09 f4       	brne	.+2      	; 0x132 <_fpadd_parts+0x48>
     130:	21 c1       	rjmp	.+578    	; 0x374 <_fpadd_parts+0x28a>
     132:	82 30       	cpi	r24, 0x02	; 2
     134:	a9 f4       	brne	.+42     	; 0x160 <_fpadd_parts+0x76>
     136:	92 30       	cpi	r25, 0x02	; 2
     138:	09 f0       	breq	.+2      	; 0x13c <_fpadd_parts+0x52>
     13a:	1d c1       	rjmp	.+570    	; 0x376 <_fpadd_parts+0x28c>
     13c:	9a 01       	movw	r18, r20
     13e:	ad 01       	movw	r20, r26
     140:	88 e0       	ldi	r24, 0x08	; 8
     142:	ea 01       	movw	r28, r20
     144:	09 90       	ld	r0, Y+
     146:	ae 01       	movw	r20, r28
     148:	e9 01       	movw	r28, r18
     14a:	09 92       	st	Y+, r0
     14c:	9e 01       	movw	r18, r28
     14e:	81 50       	subi	r24, 0x01	; 1
     150:	c1 f7       	brne	.-16     	; 0x142 <_fpadd_parts+0x58>
     152:	e2 01       	movw	r28, r4
     154:	89 81       	ldd	r24, Y+1	; 0x01
     156:	11 96       	adiw	r26, 0x01	; 1
     158:	9c 91       	ld	r25, X
     15a:	89 23       	and	r24, r25
     15c:	81 83       	std	Z+1, r24	; 0x01
     15e:	08 c1       	rjmp	.+528    	; 0x370 <_fpadd_parts+0x286>
     160:	92 30       	cpi	r25, 0x02	; 2
     162:	09 f4       	brne	.+2      	; 0x166 <_fpadd_parts+0x7c>
     164:	07 c1       	rjmp	.+526    	; 0x374 <_fpadd_parts+0x28a>
     166:	12 96       	adiw	r26, 0x02	; 2
     168:	2d 90       	ld	r2, X+
     16a:	3c 90       	ld	r3, X
     16c:	13 97       	sbiw	r26, 0x03	; 3
     16e:	eb 01       	movw	r28, r22
     170:	8a 81       	ldd	r24, Y+2	; 0x02
     172:	9b 81       	ldd	r25, Y+3	; 0x03
     174:	14 96       	adiw	r26, 0x04	; 4
     176:	ad 90       	ld	r10, X+
     178:	bd 90       	ld	r11, X+
     17a:	cd 90       	ld	r12, X+
     17c:	dc 90       	ld	r13, X
     17e:	17 97       	sbiw	r26, 0x07	; 7
     180:	ec 80       	ldd	r14, Y+4	; 0x04
     182:	fd 80       	ldd	r15, Y+5	; 0x05
     184:	0e 81       	ldd	r16, Y+6	; 0x06
     186:	1f 81       	ldd	r17, Y+7	; 0x07
     188:	91 01       	movw	r18, r2
     18a:	28 1b       	sub	r18, r24
     18c:	39 0b       	sbc	r19, r25
     18e:	b9 01       	movw	r22, r18
     190:	37 ff       	sbrs	r19, 7
     192:	04 c0       	rjmp	.+8      	; 0x19c <_fpadd_parts+0xb2>
     194:	66 27       	eor	r22, r22
     196:	77 27       	eor	r23, r23
     198:	62 1b       	sub	r22, r18
     19a:	73 0b       	sbc	r23, r19
     19c:	60 32       	cpi	r22, 0x20	; 32
     19e:	71 05       	cpc	r23, r1
     1a0:	0c f0       	brlt	.+2      	; 0x1a4 <_fpadd_parts+0xba>
     1a2:	61 c0       	rjmp	.+194    	; 0x266 <_fpadd_parts+0x17c>
     1a4:	12 16       	cp	r1, r18
     1a6:	13 06       	cpc	r1, r19
     1a8:	6c f5       	brge	.+90     	; 0x204 <_fpadd_parts+0x11a>
     1aa:	37 01       	movw	r6, r14
     1ac:	48 01       	movw	r8, r16
     1ae:	06 2e       	mov	r0, r22
     1b0:	04 c0       	rjmp	.+8      	; 0x1ba <_fpadd_parts+0xd0>
     1b2:	96 94       	lsr	r9
     1b4:	87 94       	ror	r8
     1b6:	77 94       	ror	r7
     1b8:	67 94       	ror	r6
     1ba:	0a 94       	dec	r0
     1bc:	d2 f7       	brpl	.-12     	; 0x1b2 <_fpadd_parts+0xc8>
     1be:	21 e0       	ldi	r18, 0x01	; 1
     1c0:	30 e0       	ldi	r19, 0x00	; 0
     1c2:	40 e0       	ldi	r20, 0x00	; 0
     1c4:	50 e0       	ldi	r21, 0x00	; 0
     1c6:	04 c0       	rjmp	.+8      	; 0x1d0 <_fpadd_parts+0xe6>
     1c8:	22 0f       	add	r18, r18
     1ca:	33 1f       	adc	r19, r19
     1cc:	44 1f       	adc	r20, r20
     1ce:	55 1f       	adc	r21, r21
     1d0:	6a 95       	dec	r22
     1d2:	d2 f7       	brpl	.-12     	; 0x1c8 <_fpadd_parts+0xde>
     1d4:	21 50       	subi	r18, 0x01	; 1
     1d6:	30 40       	sbci	r19, 0x00	; 0
     1d8:	40 40       	sbci	r20, 0x00	; 0
     1da:	50 40       	sbci	r21, 0x00	; 0
     1dc:	2e 21       	and	r18, r14
     1de:	3f 21       	and	r19, r15
     1e0:	40 23       	and	r20, r16
     1e2:	51 23       	and	r21, r17
     1e4:	21 15       	cp	r18, r1
     1e6:	31 05       	cpc	r19, r1
     1e8:	41 05       	cpc	r20, r1
     1ea:	51 05       	cpc	r21, r1
     1ec:	21 f0       	breq	.+8      	; 0x1f6 <_fpadd_parts+0x10c>
     1ee:	21 e0       	ldi	r18, 0x01	; 1
     1f0:	30 e0       	ldi	r19, 0x00	; 0
     1f2:	40 e0       	ldi	r20, 0x00	; 0
     1f4:	50 e0       	ldi	r21, 0x00	; 0
     1f6:	79 01       	movw	r14, r18
     1f8:	8a 01       	movw	r16, r20
     1fa:	e6 28       	or	r14, r6
     1fc:	f7 28       	or	r15, r7
     1fe:	08 29       	or	r16, r8
     200:	19 29       	or	r17, r9
     202:	3c c0       	rjmp	.+120    	; 0x27c <_fpadd_parts+0x192>
     204:	23 2b       	or	r18, r19
     206:	d1 f1       	breq	.+116    	; 0x27c <_fpadd_parts+0x192>
     208:	26 0e       	add	r2, r22
     20a:	37 1e       	adc	r3, r23
     20c:	35 01       	movw	r6, r10
     20e:	46 01       	movw	r8, r12
     210:	06 2e       	mov	r0, r22
     212:	04 c0       	rjmp	.+8      	; 0x21c <_fpadd_parts+0x132>
     214:	96 94       	lsr	r9
     216:	87 94       	ror	r8
     218:	77 94       	ror	r7
     21a:	67 94       	ror	r6
     21c:	0a 94       	dec	r0
     21e:	d2 f7       	brpl	.-12     	; 0x214 <_fpadd_parts+0x12a>
     220:	21 e0       	ldi	r18, 0x01	; 1
     222:	30 e0       	ldi	r19, 0x00	; 0
     224:	40 e0       	ldi	r20, 0x00	; 0
     226:	50 e0       	ldi	r21, 0x00	; 0
     228:	04 c0       	rjmp	.+8      	; 0x232 <_fpadd_parts+0x148>
     22a:	22 0f       	add	r18, r18
     22c:	33 1f       	adc	r19, r19
     22e:	44 1f       	adc	r20, r20
     230:	55 1f       	adc	r21, r21
     232:	6a 95       	dec	r22
     234:	d2 f7       	brpl	.-12     	; 0x22a <_fpadd_parts+0x140>
     236:	21 50       	subi	r18, 0x01	; 1
     238:	30 40       	sbci	r19, 0x00	; 0
     23a:	40 40       	sbci	r20, 0x00	; 0
     23c:	50 40       	sbci	r21, 0x00	; 0
     23e:	2a 21       	and	r18, r10
     240:	3b 21       	and	r19, r11
     242:	4c 21       	and	r20, r12
     244:	5d 21       	and	r21, r13
     246:	21 15       	cp	r18, r1
     248:	31 05       	cpc	r19, r1
     24a:	41 05       	cpc	r20, r1
     24c:	51 05       	cpc	r21, r1
     24e:	21 f0       	breq	.+8      	; 0x258 <_fpadd_parts+0x16e>
     250:	21 e0       	ldi	r18, 0x01	; 1
     252:	30 e0       	ldi	r19, 0x00	; 0
     254:	40 e0       	ldi	r20, 0x00	; 0
     256:	50 e0       	ldi	r21, 0x00	; 0
     258:	59 01       	movw	r10, r18
     25a:	6a 01       	movw	r12, r20
     25c:	a6 28       	or	r10, r6
     25e:	b7 28       	or	r11, r7
     260:	c8 28       	or	r12, r8
     262:	d9 28       	or	r13, r9
     264:	0b c0       	rjmp	.+22     	; 0x27c <_fpadd_parts+0x192>
     266:	82 15       	cp	r24, r2
     268:	93 05       	cpc	r25, r3
     26a:	2c f0       	brlt	.+10     	; 0x276 <_fpadd_parts+0x18c>
     26c:	1c 01       	movw	r2, r24
     26e:	aa 24       	eor	r10, r10
     270:	bb 24       	eor	r11, r11
     272:	65 01       	movw	r12, r10
     274:	03 c0       	rjmp	.+6      	; 0x27c <_fpadd_parts+0x192>
     276:	ee 24       	eor	r14, r14
     278:	ff 24       	eor	r15, r15
     27a:	87 01       	movw	r16, r14
     27c:	11 96       	adiw	r26, 0x01	; 1
     27e:	9c 91       	ld	r25, X
     280:	d2 01       	movw	r26, r4
     282:	11 96       	adiw	r26, 0x01	; 1
     284:	8c 91       	ld	r24, X
     286:	98 17       	cp	r25, r24
     288:	09 f4       	brne	.+2      	; 0x28c <_fpadd_parts+0x1a2>
     28a:	45 c0       	rjmp	.+138    	; 0x316 <_fpadd_parts+0x22c>
     28c:	99 23       	and	r25, r25
     28e:	39 f0       	breq	.+14     	; 0x29e <_fpadd_parts+0x1b4>
     290:	a8 01       	movw	r20, r16
     292:	97 01       	movw	r18, r14
     294:	2a 19       	sub	r18, r10
     296:	3b 09       	sbc	r19, r11
     298:	4c 09       	sbc	r20, r12
     29a:	5d 09       	sbc	r21, r13
     29c:	06 c0       	rjmp	.+12     	; 0x2aa <_fpadd_parts+0x1c0>
     29e:	a6 01       	movw	r20, r12
     2a0:	95 01       	movw	r18, r10
     2a2:	2e 19       	sub	r18, r14
     2a4:	3f 09       	sbc	r19, r15
     2a6:	40 0b       	sbc	r20, r16
     2a8:	51 0b       	sbc	r21, r17
     2aa:	57 fd       	sbrc	r21, 7
     2ac:	08 c0       	rjmp	.+16     	; 0x2be <_fpadd_parts+0x1d4>
     2ae:	11 82       	std	Z+1, r1	; 0x01
     2b0:	33 82       	std	Z+3, r3	; 0x03
     2b2:	22 82       	std	Z+2, r2	; 0x02
     2b4:	24 83       	std	Z+4, r18	; 0x04
     2b6:	35 83       	std	Z+5, r19	; 0x05
     2b8:	46 83       	std	Z+6, r20	; 0x06
     2ba:	57 83       	std	Z+7, r21	; 0x07
     2bc:	1d c0       	rjmp	.+58     	; 0x2f8 <_fpadd_parts+0x20e>
     2be:	81 e0       	ldi	r24, 0x01	; 1
     2c0:	81 83       	std	Z+1, r24	; 0x01
     2c2:	33 82       	std	Z+3, r3	; 0x03
     2c4:	22 82       	std	Z+2, r2	; 0x02
     2c6:	88 27       	eor	r24, r24
     2c8:	99 27       	eor	r25, r25
     2ca:	dc 01       	movw	r26, r24
     2cc:	82 1b       	sub	r24, r18
     2ce:	93 0b       	sbc	r25, r19
     2d0:	a4 0b       	sbc	r26, r20
     2d2:	b5 0b       	sbc	r27, r21
     2d4:	84 83       	std	Z+4, r24	; 0x04
     2d6:	95 83       	std	Z+5, r25	; 0x05
     2d8:	a6 83       	std	Z+6, r26	; 0x06
     2da:	b7 83       	std	Z+7, r27	; 0x07
     2dc:	0d c0       	rjmp	.+26     	; 0x2f8 <_fpadd_parts+0x20e>
     2de:	22 0f       	add	r18, r18
     2e0:	33 1f       	adc	r19, r19
     2e2:	44 1f       	adc	r20, r20
     2e4:	55 1f       	adc	r21, r21
     2e6:	24 83       	std	Z+4, r18	; 0x04
     2e8:	35 83       	std	Z+5, r19	; 0x05
     2ea:	46 83       	std	Z+6, r20	; 0x06
     2ec:	57 83       	std	Z+7, r21	; 0x07
     2ee:	82 81       	ldd	r24, Z+2	; 0x02
     2f0:	93 81       	ldd	r25, Z+3	; 0x03
     2f2:	01 97       	sbiw	r24, 0x01	; 1
     2f4:	93 83       	std	Z+3, r25	; 0x03
     2f6:	82 83       	std	Z+2, r24	; 0x02
     2f8:	24 81       	ldd	r18, Z+4	; 0x04
     2fa:	35 81       	ldd	r19, Z+5	; 0x05
     2fc:	46 81       	ldd	r20, Z+6	; 0x06
     2fe:	57 81       	ldd	r21, Z+7	; 0x07
     300:	da 01       	movw	r26, r20
     302:	c9 01       	movw	r24, r18
     304:	01 97       	sbiw	r24, 0x01	; 1
     306:	a1 09       	sbc	r26, r1
     308:	b1 09       	sbc	r27, r1
     30a:	8f 5f       	subi	r24, 0xFF	; 255
     30c:	9f 4f       	sbci	r25, 0xFF	; 255
     30e:	af 4f       	sbci	r26, 0xFF	; 255
     310:	bf 43       	sbci	r27, 0x3F	; 63
     312:	28 f3       	brcs	.-54     	; 0x2de <_fpadd_parts+0x1f4>
     314:	0b c0       	rjmp	.+22     	; 0x32c <_fpadd_parts+0x242>
     316:	91 83       	std	Z+1, r25	; 0x01
     318:	33 82       	std	Z+3, r3	; 0x03
     31a:	22 82       	std	Z+2, r2	; 0x02
     31c:	ea 0c       	add	r14, r10
     31e:	fb 1c       	adc	r15, r11
     320:	0c 1d       	adc	r16, r12
     322:	1d 1d       	adc	r17, r13
     324:	e4 82       	std	Z+4, r14	; 0x04
     326:	f5 82       	std	Z+5, r15	; 0x05
     328:	06 83       	std	Z+6, r16	; 0x06
     32a:	17 83       	std	Z+7, r17	; 0x07
     32c:	83 e0       	ldi	r24, 0x03	; 3
     32e:	80 83       	st	Z, r24
     330:	24 81       	ldd	r18, Z+4	; 0x04
     332:	35 81       	ldd	r19, Z+5	; 0x05
     334:	46 81       	ldd	r20, Z+6	; 0x06
     336:	57 81       	ldd	r21, Z+7	; 0x07
     338:	57 ff       	sbrs	r21, 7
     33a:	1a c0       	rjmp	.+52     	; 0x370 <_fpadd_parts+0x286>
     33c:	c9 01       	movw	r24, r18
     33e:	aa 27       	eor	r26, r26
     340:	97 fd       	sbrc	r25, 7
     342:	a0 95       	com	r26
     344:	ba 2f       	mov	r27, r26
     346:	81 70       	andi	r24, 0x01	; 1
     348:	90 70       	andi	r25, 0x00	; 0
     34a:	a0 70       	andi	r26, 0x00	; 0
     34c:	b0 70       	andi	r27, 0x00	; 0
     34e:	56 95       	lsr	r21
     350:	47 95       	ror	r20
     352:	37 95       	ror	r19
     354:	27 95       	ror	r18
     356:	82 2b       	or	r24, r18
     358:	93 2b       	or	r25, r19
     35a:	a4 2b       	or	r26, r20
     35c:	b5 2b       	or	r27, r21
     35e:	84 83       	std	Z+4, r24	; 0x04
     360:	95 83       	std	Z+5, r25	; 0x05
     362:	a6 83       	std	Z+6, r26	; 0x06
     364:	b7 83       	std	Z+7, r27	; 0x07
     366:	82 81       	ldd	r24, Z+2	; 0x02
     368:	93 81       	ldd	r25, Z+3	; 0x03
     36a:	01 96       	adiw	r24, 0x01	; 1
     36c:	93 83       	std	Z+3, r25	; 0x03
     36e:	82 83       	std	Z+2, r24	; 0x02
     370:	df 01       	movw	r26, r30
     372:	01 c0       	rjmp	.+2      	; 0x376 <_fpadd_parts+0x28c>
     374:	d2 01       	movw	r26, r4
     376:	cd 01       	movw	r24, r26
     378:	cd b7       	in	r28, 0x3d	; 61
     37a:	de b7       	in	r29, 0x3e	; 62
     37c:	e2 e1       	ldi	r30, 0x12	; 18
     37e:	0c 94 3b 18 	jmp	0x3076	; 0x3076 <__epilogue_restores__>

00000382 <__subsf3>:
     382:	a0 e2       	ldi	r26, 0x20	; 32
     384:	b0 e0       	ldi	r27, 0x00	; 0
     386:	e7 ec       	ldi	r30, 0xC7	; 199
     388:	f1 e0       	ldi	r31, 0x01	; 1
     38a:	0c 94 2b 18 	jmp	0x3056	; 0x3056 <__prologue_saves__+0x18>
     38e:	69 83       	std	Y+1, r22	; 0x01
     390:	7a 83       	std	Y+2, r23	; 0x02
     392:	8b 83       	std	Y+3, r24	; 0x03
     394:	9c 83       	std	Y+4, r25	; 0x04
     396:	2d 83       	std	Y+5, r18	; 0x05
     398:	3e 83       	std	Y+6, r19	; 0x06
     39a:	4f 83       	std	Y+7, r20	; 0x07
     39c:	58 87       	std	Y+8, r21	; 0x08
     39e:	e9 e0       	ldi	r30, 0x09	; 9
     3a0:	ee 2e       	mov	r14, r30
     3a2:	f1 2c       	mov	r15, r1
     3a4:	ec 0e       	add	r14, r28
     3a6:	fd 1e       	adc	r15, r29
     3a8:	ce 01       	movw	r24, r28
     3aa:	01 96       	adiw	r24, 0x01	; 1
     3ac:	b7 01       	movw	r22, r14
     3ae:	0e 94 d2 04 	call	0x9a4	; 0x9a4 <__unpack_f>
     3b2:	8e 01       	movw	r16, r28
     3b4:	0f 5e       	subi	r16, 0xEF	; 239
     3b6:	1f 4f       	sbci	r17, 0xFF	; 255
     3b8:	ce 01       	movw	r24, r28
     3ba:	05 96       	adiw	r24, 0x05	; 5
     3bc:	b8 01       	movw	r22, r16
     3be:	0e 94 d2 04 	call	0x9a4	; 0x9a4 <__unpack_f>
     3c2:	8a 89       	ldd	r24, Y+18	; 0x12
     3c4:	91 e0       	ldi	r25, 0x01	; 1
     3c6:	89 27       	eor	r24, r25
     3c8:	8a 8b       	std	Y+18, r24	; 0x12
     3ca:	c7 01       	movw	r24, r14
     3cc:	b8 01       	movw	r22, r16
     3ce:	ae 01       	movw	r20, r28
     3d0:	47 5e       	subi	r20, 0xE7	; 231
     3d2:	5f 4f       	sbci	r21, 0xFF	; 255
     3d4:	0e 94 75 00 	call	0xea	; 0xea <_fpadd_parts>
     3d8:	0e 94 fd 03 	call	0x7fa	; 0x7fa <__pack_f>
     3dc:	a0 96       	adiw	r28, 0x20	; 32
     3de:	e6 e0       	ldi	r30, 0x06	; 6
     3e0:	0c 94 47 18 	jmp	0x308e	; 0x308e <__epilogue_restores__+0x18>

000003e4 <__addsf3>:
     3e4:	a0 e2       	ldi	r26, 0x20	; 32
     3e6:	b0 e0       	ldi	r27, 0x00	; 0
     3e8:	e8 ef       	ldi	r30, 0xF8	; 248
     3ea:	f1 e0       	ldi	r31, 0x01	; 1
     3ec:	0c 94 2b 18 	jmp	0x3056	; 0x3056 <__prologue_saves__+0x18>
     3f0:	69 83       	std	Y+1, r22	; 0x01
     3f2:	7a 83       	std	Y+2, r23	; 0x02
     3f4:	8b 83       	std	Y+3, r24	; 0x03
     3f6:	9c 83       	std	Y+4, r25	; 0x04
     3f8:	2d 83       	std	Y+5, r18	; 0x05
     3fa:	3e 83       	std	Y+6, r19	; 0x06
     3fc:	4f 83       	std	Y+7, r20	; 0x07
     3fe:	58 87       	std	Y+8, r21	; 0x08
     400:	f9 e0       	ldi	r31, 0x09	; 9
     402:	ef 2e       	mov	r14, r31
     404:	f1 2c       	mov	r15, r1
     406:	ec 0e       	add	r14, r28
     408:	fd 1e       	adc	r15, r29
     40a:	ce 01       	movw	r24, r28
     40c:	01 96       	adiw	r24, 0x01	; 1
     40e:	b7 01       	movw	r22, r14
     410:	0e 94 d2 04 	call	0x9a4	; 0x9a4 <__unpack_f>
     414:	8e 01       	movw	r16, r28
     416:	0f 5e       	subi	r16, 0xEF	; 239
     418:	1f 4f       	sbci	r17, 0xFF	; 255
     41a:	ce 01       	movw	r24, r28
     41c:	05 96       	adiw	r24, 0x05	; 5
     41e:	b8 01       	movw	r22, r16
     420:	0e 94 d2 04 	call	0x9a4	; 0x9a4 <__unpack_f>
     424:	c7 01       	movw	r24, r14
     426:	b8 01       	movw	r22, r16
     428:	ae 01       	movw	r20, r28
     42a:	47 5e       	subi	r20, 0xE7	; 231
     42c:	5f 4f       	sbci	r21, 0xFF	; 255
     42e:	0e 94 75 00 	call	0xea	; 0xea <_fpadd_parts>
     432:	0e 94 fd 03 	call	0x7fa	; 0x7fa <__pack_f>
     436:	a0 96       	adiw	r28, 0x20	; 32
     438:	e6 e0       	ldi	r30, 0x06	; 6
     43a:	0c 94 47 18 	jmp	0x308e	; 0x308e <__epilogue_restores__+0x18>

0000043e <__mulsf3>:
     43e:	a0 e2       	ldi	r26, 0x20	; 32
     440:	b0 e0       	ldi	r27, 0x00	; 0
     442:	e5 e2       	ldi	r30, 0x25	; 37
     444:	f2 e0       	ldi	r31, 0x02	; 2
     446:	0c 94 1f 18 	jmp	0x303e	; 0x303e <__prologue_saves__>
     44a:	69 83       	std	Y+1, r22	; 0x01
     44c:	7a 83       	std	Y+2, r23	; 0x02
     44e:	8b 83       	std	Y+3, r24	; 0x03
     450:	9c 83       	std	Y+4, r25	; 0x04
     452:	2d 83       	std	Y+5, r18	; 0x05
     454:	3e 83       	std	Y+6, r19	; 0x06
     456:	4f 83       	std	Y+7, r20	; 0x07
     458:	58 87       	std	Y+8, r21	; 0x08
     45a:	ce 01       	movw	r24, r28
     45c:	01 96       	adiw	r24, 0x01	; 1
     45e:	be 01       	movw	r22, r28
     460:	67 5f       	subi	r22, 0xF7	; 247
     462:	7f 4f       	sbci	r23, 0xFF	; 255
     464:	0e 94 d2 04 	call	0x9a4	; 0x9a4 <__unpack_f>
     468:	ce 01       	movw	r24, r28
     46a:	05 96       	adiw	r24, 0x05	; 5
     46c:	be 01       	movw	r22, r28
     46e:	6f 5e       	subi	r22, 0xEF	; 239
     470:	7f 4f       	sbci	r23, 0xFF	; 255
     472:	0e 94 d2 04 	call	0x9a4	; 0x9a4 <__unpack_f>
     476:	99 85       	ldd	r25, Y+9	; 0x09
     478:	92 30       	cpi	r25, 0x02	; 2
     47a:	88 f0       	brcs	.+34     	; 0x49e <__mulsf3+0x60>
     47c:	89 89       	ldd	r24, Y+17	; 0x11
     47e:	82 30       	cpi	r24, 0x02	; 2
     480:	c8 f0       	brcs	.+50     	; 0x4b4 <__mulsf3+0x76>
     482:	94 30       	cpi	r25, 0x04	; 4
     484:	19 f4       	brne	.+6      	; 0x48c <__mulsf3+0x4e>
     486:	82 30       	cpi	r24, 0x02	; 2
     488:	51 f4       	brne	.+20     	; 0x49e <__mulsf3+0x60>
     48a:	04 c0       	rjmp	.+8      	; 0x494 <__mulsf3+0x56>
     48c:	84 30       	cpi	r24, 0x04	; 4
     48e:	29 f4       	brne	.+10     	; 0x49a <__mulsf3+0x5c>
     490:	92 30       	cpi	r25, 0x02	; 2
     492:	81 f4       	brne	.+32     	; 0x4b4 <__mulsf3+0x76>
     494:	86 e4       	ldi	r24, 0x46	; 70
     496:	91 e0       	ldi	r25, 0x01	; 1
     498:	c6 c0       	rjmp	.+396    	; 0x626 <__mulsf3+0x1e8>
     49a:	92 30       	cpi	r25, 0x02	; 2
     49c:	49 f4       	brne	.+18     	; 0x4b0 <__mulsf3+0x72>
     49e:	20 e0       	ldi	r18, 0x00	; 0
     4a0:	9a 85       	ldd	r25, Y+10	; 0x0a
     4a2:	8a 89       	ldd	r24, Y+18	; 0x12
     4a4:	98 13       	cpse	r25, r24
     4a6:	21 e0       	ldi	r18, 0x01	; 1
     4a8:	2a 87       	std	Y+10, r18	; 0x0a
     4aa:	ce 01       	movw	r24, r28
     4ac:	09 96       	adiw	r24, 0x09	; 9
     4ae:	bb c0       	rjmp	.+374    	; 0x626 <__mulsf3+0x1e8>
     4b0:	82 30       	cpi	r24, 0x02	; 2
     4b2:	49 f4       	brne	.+18     	; 0x4c6 <__mulsf3+0x88>
     4b4:	20 e0       	ldi	r18, 0x00	; 0
     4b6:	9a 85       	ldd	r25, Y+10	; 0x0a
     4b8:	8a 89       	ldd	r24, Y+18	; 0x12
     4ba:	98 13       	cpse	r25, r24
     4bc:	21 e0       	ldi	r18, 0x01	; 1
     4be:	2a 8b       	std	Y+18, r18	; 0x12
     4c0:	ce 01       	movw	r24, r28
     4c2:	41 96       	adiw	r24, 0x11	; 17
     4c4:	b0 c0       	rjmp	.+352    	; 0x626 <__mulsf3+0x1e8>
     4c6:	2d 84       	ldd	r2, Y+13	; 0x0d
     4c8:	3e 84       	ldd	r3, Y+14	; 0x0e
     4ca:	4f 84       	ldd	r4, Y+15	; 0x0f
     4cc:	58 88       	ldd	r5, Y+16	; 0x10
     4ce:	6d 88       	ldd	r6, Y+21	; 0x15
     4d0:	7e 88       	ldd	r7, Y+22	; 0x16
     4d2:	8f 88       	ldd	r8, Y+23	; 0x17
     4d4:	98 8c       	ldd	r9, Y+24	; 0x18
     4d6:	ee 24       	eor	r14, r14
     4d8:	ff 24       	eor	r15, r15
     4da:	87 01       	movw	r16, r14
     4dc:	aa 24       	eor	r10, r10
     4de:	bb 24       	eor	r11, r11
     4e0:	65 01       	movw	r12, r10
     4e2:	40 e0       	ldi	r20, 0x00	; 0
     4e4:	50 e0       	ldi	r21, 0x00	; 0
     4e6:	60 e0       	ldi	r22, 0x00	; 0
     4e8:	70 e0       	ldi	r23, 0x00	; 0
     4ea:	e0 e0       	ldi	r30, 0x00	; 0
     4ec:	f0 e0       	ldi	r31, 0x00	; 0
     4ee:	c1 01       	movw	r24, r2
     4f0:	81 70       	andi	r24, 0x01	; 1
     4f2:	90 70       	andi	r25, 0x00	; 0
     4f4:	89 2b       	or	r24, r25
     4f6:	e9 f0       	breq	.+58     	; 0x532 <__mulsf3+0xf4>
     4f8:	e6 0c       	add	r14, r6
     4fa:	f7 1c       	adc	r15, r7
     4fc:	08 1d       	adc	r16, r8
     4fe:	19 1d       	adc	r17, r9
     500:	9a 01       	movw	r18, r20
     502:	ab 01       	movw	r20, r22
     504:	2a 0d       	add	r18, r10
     506:	3b 1d       	adc	r19, r11
     508:	4c 1d       	adc	r20, r12
     50a:	5d 1d       	adc	r21, r13
     50c:	80 e0       	ldi	r24, 0x00	; 0
     50e:	90 e0       	ldi	r25, 0x00	; 0
     510:	a0 e0       	ldi	r26, 0x00	; 0
     512:	b0 e0       	ldi	r27, 0x00	; 0
     514:	e6 14       	cp	r14, r6
     516:	f7 04       	cpc	r15, r7
     518:	08 05       	cpc	r16, r8
     51a:	19 05       	cpc	r17, r9
     51c:	20 f4       	brcc	.+8      	; 0x526 <__mulsf3+0xe8>
     51e:	81 e0       	ldi	r24, 0x01	; 1
     520:	90 e0       	ldi	r25, 0x00	; 0
     522:	a0 e0       	ldi	r26, 0x00	; 0
     524:	b0 e0       	ldi	r27, 0x00	; 0
     526:	ba 01       	movw	r22, r20
     528:	a9 01       	movw	r20, r18
     52a:	48 0f       	add	r20, r24
     52c:	59 1f       	adc	r21, r25
     52e:	6a 1f       	adc	r22, r26
     530:	7b 1f       	adc	r23, r27
     532:	aa 0c       	add	r10, r10
     534:	bb 1c       	adc	r11, r11
     536:	cc 1c       	adc	r12, r12
     538:	dd 1c       	adc	r13, r13
     53a:	97 fe       	sbrs	r9, 7
     53c:	08 c0       	rjmp	.+16     	; 0x54e <__mulsf3+0x110>
     53e:	81 e0       	ldi	r24, 0x01	; 1
     540:	90 e0       	ldi	r25, 0x00	; 0
     542:	a0 e0       	ldi	r26, 0x00	; 0
     544:	b0 e0       	ldi	r27, 0x00	; 0
     546:	a8 2a       	or	r10, r24
     548:	b9 2a       	or	r11, r25
     54a:	ca 2a       	or	r12, r26
     54c:	db 2a       	or	r13, r27
     54e:	31 96       	adiw	r30, 0x01	; 1
     550:	e0 32       	cpi	r30, 0x20	; 32
     552:	f1 05       	cpc	r31, r1
     554:	49 f0       	breq	.+18     	; 0x568 <__mulsf3+0x12a>
     556:	66 0c       	add	r6, r6
     558:	77 1c       	adc	r7, r7
     55a:	88 1c       	adc	r8, r8
     55c:	99 1c       	adc	r9, r9
     55e:	56 94       	lsr	r5
     560:	47 94       	ror	r4
     562:	37 94       	ror	r3
     564:	27 94       	ror	r2
     566:	c3 cf       	rjmp	.-122    	; 0x4ee <__mulsf3+0xb0>
     568:	fa 85       	ldd	r31, Y+10	; 0x0a
     56a:	ea 89       	ldd	r30, Y+18	; 0x12
     56c:	2b 89       	ldd	r18, Y+19	; 0x13
     56e:	3c 89       	ldd	r19, Y+20	; 0x14
     570:	8b 85       	ldd	r24, Y+11	; 0x0b
     572:	9c 85       	ldd	r25, Y+12	; 0x0c
     574:	28 0f       	add	r18, r24
     576:	39 1f       	adc	r19, r25
     578:	2e 5f       	subi	r18, 0xFE	; 254
     57a:	3f 4f       	sbci	r19, 0xFF	; 255
     57c:	17 c0       	rjmp	.+46     	; 0x5ac <__mulsf3+0x16e>
     57e:	ca 01       	movw	r24, r20
     580:	81 70       	andi	r24, 0x01	; 1
     582:	90 70       	andi	r25, 0x00	; 0
     584:	89 2b       	or	r24, r25
     586:	61 f0       	breq	.+24     	; 0x5a0 <__mulsf3+0x162>
     588:	16 95       	lsr	r17
     58a:	07 95       	ror	r16
     58c:	f7 94       	ror	r15
     58e:	e7 94       	ror	r14
     590:	80 e0       	ldi	r24, 0x00	; 0
     592:	90 e0       	ldi	r25, 0x00	; 0
     594:	a0 e0       	ldi	r26, 0x00	; 0
     596:	b0 e8       	ldi	r27, 0x80	; 128
     598:	e8 2a       	or	r14, r24
     59a:	f9 2a       	or	r15, r25
     59c:	0a 2b       	or	r16, r26
     59e:	1b 2b       	or	r17, r27
     5a0:	76 95       	lsr	r23
     5a2:	67 95       	ror	r22
     5a4:	57 95       	ror	r21
     5a6:	47 95       	ror	r20
     5a8:	2f 5f       	subi	r18, 0xFF	; 255
     5aa:	3f 4f       	sbci	r19, 0xFF	; 255
     5ac:	77 fd       	sbrc	r23, 7
     5ae:	e7 cf       	rjmp	.-50     	; 0x57e <__mulsf3+0x140>
     5b0:	0c c0       	rjmp	.+24     	; 0x5ca <__mulsf3+0x18c>
     5b2:	44 0f       	add	r20, r20
     5b4:	55 1f       	adc	r21, r21
     5b6:	66 1f       	adc	r22, r22
     5b8:	77 1f       	adc	r23, r23
     5ba:	17 fd       	sbrc	r17, 7
     5bc:	41 60       	ori	r20, 0x01	; 1
     5be:	ee 0c       	add	r14, r14
     5c0:	ff 1c       	adc	r15, r15
     5c2:	00 1f       	adc	r16, r16
     5c4:	11 1f       	adc	r17, r17
     5c6:	21 50       	subi	r18, 0x01	; 1
     5c8:	30 40       	sbci	r19, 0x00	; 0
     5ca:	40 30       	cpi	r20, 0x00	; 0
     5cc:	90 e0       	ldi	r25, 0x00	; 0
     5ce:	59 07       	cpc	r21, r25
     5d0:	90 e0       	ldi	r25, 0x00	; 0
     5d2:	69 07       	cpc	r22, r25
     5d4:	90 e4       	ldi	r25, 0x40	; 64
     5d6:	79 07       	cpc	r23, r25
     5d8:	60 f3       	brcs	.-40     	; 0x5b2 <__mulsf3+0x174>
     5da:	2b 8f       	std	Y+27, r18	; 0x1b
     5dc:	3c 8f       	std	Y+28, r19	; 0x1c
     5de:	db 01       	movw	r26, r22
     5e0:	ca 01       	movw	r24, r20
     5e2:	8f 77       	andi	r24, 0x7F	; 127
     5e4:	90 70       	andi	r25, 0x00	; 0
     5e6:	a0 70       	andi	r26, 0x00	; 0
     5e8:	b0 70       	andi	r27, 0x00	; 0
     5ea:	80 34       	cpi	r24, 0x40	; 64
     5ec:	91 05       	cpc	r25, r1
     5ee:	a1 05       	cpc	r26, r1
     5f0:	b1 05       	cpc	r27, r1
     5f2:	61 f4       	brne	.+24     	; 0x60c <__mulsf3+0x1ce>
     5f4:	47 fd       	sbrc	r20, 7
     5f6:	0a c0       	rjmp	.+20     	; 0x60c <__mulsf3+0x1ce>
     5f8:	e1 14       	cp	r14, r1
     5fa:	f1 04       	cpc	r15, r1
     5fc:	01 05       	cpc	r16, r1
     5fe:	11 05       	cpc	r17, r1
     600:	29 f0       	breq	.+10     	; 0x60c <__mulsf3+0x1ce>
     602:	40 5c       	subi	r20, 0xC0	; 192
     604:	5f 4f       	sbci	r21, 0xFF	; 255
     606:	6f 4f       	sbci	r22, 0xFF	; 255
     608:	7f 4f       	sbci	r23, 0xFF	; 255
     60a:	40 78       	andi	r20, 0x80	; 128
     60c:	1a 8e       	std	Y+26, r1	; 0x1a
     60e:	fe 17       	cp	r31, r30
     610:	11 f0       	breq	.+4      	; 0x616 <__mulsf3+0x1d8>
     612:	81 e0       	ldi	r24, 0x01	; 1
     614:	8a 8f       	std	Y+26, r24	; 0x1a
     616:	4d 8f       	std	Y+29, r20	; 0x1d
     618:	5e 8f       	std	Y+30, r21	; 0x1e
     61a:	6f 8f       	std	Y+31, r22	; 0x1f
     61c:	78 a3       	std	Y+32, r23	; 0x20
     61e:	83 e0       	ldi	r24, 0x03	; 3
     620:	89 8f       	std	Y+25, r24	; 0x19
     622:	ce 01       	movw	r24, r28
     624:	49 96       	adiw	r24, 0x19	; 25
     626:	0e 94 fd 03 	call	0x7fa	; 0x7fa <__pack_f>
     62a:	a0 96       	adiw	r28, 0x20	; 32
     62c:	e2 e1       	ldi	r30, 0x12	; 18
     62e:	0c 94 3b 18 	jmp	0x3076	; 0x3076 <__epilogue_restores__>

00000632 <__gtsf2>:
     632:	a8 e1       	ldi	r26, 0x18	; 24
     634:	b0 e0       	ldi	r27, 0x00	; 0
     636:	ef e1       	ldi	r30, 0x1F	; 31
     638:	f3 e0       	ldi	r31, 0x03	; 3
     63a:	0c 94 2b 18 	jmp	0x3056	; 0x3056 <__prologue_saves__+0x18>
     63e:	69 83       	std	Y+1, r22	; 0x01
     640:	7a 83       	std	Y+2, r23	; 0x02
     642:	8b 83       	std	Y+3, r24	; 0x03
     644:	9c 83       	std	Y+4, r25	; 0x04
     646:	2d 83       	std	Y+5, r18	; 0x05
     648:	3e 83       	std	Y+6, r19	; 0x06
     64a:	4f 83       	std	Y+7, r20	; 0x07
     64c:	58 87       	std	Y+8, r21	; 0x08
     64e:	89 e0       	ldi	r24, 0x09	; 9
     650:	e8 2e       	mov	r14, r24
     652:	f1 2c       	mov	r15, r1
     654:	ec 0e       	add	r14, r28
     656:	fd 1e       	adc	r15, r29
     658:	ce 01       	movw	r24, r28
     65a:	01 96       	adiw	r24, 0x01	; 1
     65c:	b7 01       	movw	r22, r14
     65e:	0e 94 d2 04 	call	0x9a4	; 0x9a4 <__unpack_f>
     662:	8e 01       	movw	r16, r28
     664:	0f 5e       	subi	r16, 0xEF	; 239
     666:	1f 4f       	sbci	r17, 0xFF	; 255
     668:	ce 01       	movw	r24, r28
     66a:	05 96       	adiw	r24, 0x05	; 5
     66c:	b8 01       	movw	r22, r16
     66e:	0e 94 d2 04 	call	0x9a4	; 0x9a4 <__unpack_f>
     672:	89 85       	ldd	r24, Y+9	; 0x09
     674:	82 30       	cpi	r24, 0x02	; 2
     676:	40 f0       	brcs	.+16     	; 0x688 <__gtsf2+0x56>
     678:	89 89       	ldd	r24, Y+17	; 0x11
     67a:	82 30       	cpi	r24, 0x02	; 2
     67c:	28 f0       	brcs	.+10     	; 0x688 <__gtsf2+0x56>
     67e:	c7 01       	movw	r24, r14
     680:	b8 01       	movw	r22, r16
     682:	0e 94 4a 05 	call	0xa94	; 0xa94 <__fpcmp_parts_f>
     686:	01 c0       	rjmp	.+2      	; 0x68a <__gtsf2+0x58>
     688:	8f ef       	ldi	r24, 0xFF	; 255
     68a:	68 96       	adiw	r28, 0x18	; 24
     68c:	e6 e0       	ldi	r30, 0x06	; 6
     68e:	0c 94 47 18 	jmp	0x308e	; 0x308e <__epilogue_restores__+0x18>

00000692 <__gesf2>:
     692:	a8 e1       	ldi	r26, 0x18	; 24
     694:	b0 e0       	ldi	r27, 0x00	; 0
     696:	ef e4       	ldi	r30, 0x4F	; 79
     698:	f3 e0       	ldi	r31, 0x03	; 3
     69a:	0c 94 2b 18 	jmp	0x3056	; 0x3056 <__prologue_saves__+0x18>
     69e:	69 83       	std	Y+1, r22	; 0x01
     6a0:	7a 83       	std	Y+2, r23	; 0x02
     6a2:	8b 83       	std	Y+3, r24	; 0x03
     6a4:	9c 83       	std	Y+4, r25	; 0x04
     6a6:	2d 83       	std	Y+5, r18	; 0x05
     6a8:	3e 83       	std	Y+6, r19	; 0x06
     6aa:	4f 83       	std	Y+7, r20	; 0x07
     6ac:	58 87       	std	Y+8, r21	; 0x08
     6ae:	89 e0       	ldi	r24, 0x09	; 9
     6b0:	e8 2e       	mov	r14, r24
     6b2:	f1 2c       	mov	r15, r1
     6b4:	ec 0e       	add	r14, r28
     6b6:	fd 1e       	adc	r15, r29
     6b8:	ce 01       	movw	r24, r28
     6ba:	01 96       	adiw	r24, 0x01	; 1
     6bc:	b7 01       	movw	r22, r14
     6be:	0e 94 d2 04 	call	0x9a4	; 0x9a4 <__unpack_f>
     6c2:	8e 01       	movw	r16, r28
     6c4:	0f 5e       	subi	r16, 0xEF	; 239
     6c6:	1f 4f       	sbci	r17, 0xFF	; 255
     6c8:	ce 01       	movw	r24, r28
     6ca:	05 96       	adiw	r24, 0x05	; 5
     6cc:	b8 01       	movw	r22, r16
     6ce:	0e 94 d2 04 	call	0x9a4	; 0x9a4 <__unpack_f>
     6d2:	89 85       	ldd	r24, Y+9	; 0x09
     6d4:	82 30       	cpi	r24, 0x02	; 2
     6d6:	40 f0       	brcs	.+16     	; 0x6e8 <__gesf2+0x56>
     6d8:	89 89       	ldd	r24, Y+17	; 0x11
     6da:	82 30       	cpi	r24, 0x02	; 2
     6dc:	28 f0       	brcs	.+10     	; 0x6e8 <__gesf2+0x56>
     6de:	c7 01       	movw	r24, r14
     6e0:	b8 01       	movw	r22, r16
     6e2:	0e 94 4a 05 	call	0xa94	; 0xa94 <__fpcmp_parts_f>
     6e6:	01 c0       	rjmp	.+2      	; 0x6ea <__gesf2+0x58>
     6e8:	8f ef       	ldi	r24, 0xFF	; 255
     6ea:	68 96       	adiw	r28, 0x18	; 24
     6ec:	e6 e0       	ldi	r30, 0x06	; 6
     6ee:	0c 94 47 18 	jmp	0x308e	; 0x308e <__epilogue_restores__+0x18>

000006f2 <__ltsf2>:
     6f2:	a8 e1       	ldi	r26, 0x18	; 24
     6f4:	b0 e0       	ldi	r27, 0x00	; 0
     6f6:	ef e7       	ldi	r30, 0x7F	; 127
     6f8:	f3 e0       	ldi	r31, 0x03	; 3
     6fa:	0c 94 2b 18 	jmp	0x3056	; 0x3056 <__prologue_saves__+0x18>
     6fe:	69 83       	std	Y+1, r22	; 0x01
     700:	7a 83       	std	Y+2, r23	; 0x02
     702:	8b 83       	std	Y+3, r24	; 0x03
     704:	9c 83       	std	Y+4, r25	; 0x04
     706:	2d 83       	std	Y+5, r18	; 0x05
     708:	3e 83       	std	Y+6, r19	; 0x06
     70a:	4f 83       	std	Y+7, r20	; 0x07
     70c:	58 87       	std	Y+8, r21	; 0x08
     70e:	89 e0       	ldi	r24, 0x09	; 9
     710:	e8 2e       	mov	r14, r24
     712:	f1 2c       	mov	r15, r1
     714:	ec 0e       	add	r14, r28
     716:	fd 1e       	adc	r15, r29
     718:	ce 01       	movw	r24, r28
     71a:	01 96       	adiw	r24, 0x01	; 1
     71c:	b7 01       	movw	r22, r14
     71e:	0e 94 d2 04 	call	0x9a4	; 0x9a4 <__unpack_f>
     722:	8e 01       	movw	r16, r28
     724:	0f 5e       	subi	r16, 0xEF	; 239
     726:	1f 4f       	sbci	r17, 0xFF	; 255
     728:	ce 01       	movw	r24, r28
     72a:	05 96       	adiw	r24, 0x05	; 5
     72c:	b8 01       	movw	r22, r16
     72e:	0e 94 d2 04 	call	0x9a4	; 0x9a4 <__unpack_f>
     732:	89 85       	ldd	r24, Y+9	; 0x09
     734:	82 30       	cpi	r24, 0x02	; 2
     736:	40 f0       	brcs	.+16     	; 0x748 <__ltsf2+0x56>
     738:	89 89       	ldd	r24, Y+17	; 0x11
     73a:	82 30       	cpi	r24, 0x02	; 2
     73c:	28 f0       	brcs	.+10     	; 0x748 <__ltsf2+0x56>
     73e:	c7 01       	movw	r24, r14
     740:	b8 01       	movw	r22, r16
     742:	0e 94 4a 05 	call	0xa94	; 0xa94 <__fpcmp_parts_f>
     746:	01 c0       	rjmp	.+2      	; 0x74a <__ltsf2+0x58>
     748:	81 e0       	ldi	r24, 0x01	; 1
     74a:	68 96       	adiw	r28, 0x18	; 24
     74c:	e6 e0       	ldi	r30, 0x06	; 6
     74e:	0c 94 47 18 	jmp	0x308e	; 0x308e <__epilogue_restores__+0x18>

00000752 <__fixsfsi>:
     752:	ac e0       	ldi	r26, 0x0C	; 12
     754:	b0 e0       	ldi	r27, 0x00	; 0
     756:	ef ea       	ldi	r30, 0xAF	; 175
     758:	f3 e0       	ldi	r31, 0x03	; 3
     75a:	0c 94 2f 18 	jmp	0x305e	; 0x305e <__prologue_saves__+0x20>
     75e:	69 83       	std	Y+1, r22	; 0x01
     760:	7a 83       	std	Y+2, r23	; 0x02
     762:	8b 83       	std	Y+3, r24	; 0x03
     764:	9c 83       	std	Y+4, r25	; 0x04
     766:	ce 01       	movw	r24, r28
     768:	01 96       	adiw	r24, 0x01	; 1
     76a:	be 01       	movw	r22, r28
     76c:	6b 5f       	subi	r22, 0xFB	; 251
     76e:	7f 4f       	sbci	r23, 0xFF	; 255
     770:	0e 94 d2 04 	call	0x9a4	; 0x9a4 <__unpack_f>
     774:	8d 81       	ldd	r24, Y+5	; 0x05
     776:	82 30       	cpi	r24, 0x02	; 2
     778:	61 f1       	breq	.+88     	; 0x7d2 <__fixsfsi+0x80>
     77a:	82 30       	cpi	r24, 0x02	; 2
     77c:	50 f1       	brcs	.+84     	; 0x7d2 <__fixsfsi+0x80>
     77e:	84 30       	cpi	r24, 0x04	; 4
     780:	21 f4       	brne	.+8      	; 0x78a <__fixsfsi+0x38>
     782:	8e 81       	ldd	r24, Y+6	; 0x06
     784:	88 23       	and	r24, r24
     786:	51 f1       	breq	.+84     	; 0x7dc <__fixsfsi+0x8a>
     788:	2e c0       	rjmp	.+92     	; 0x7e6 <__fixsfsi+0x94>
     78a:	2f 81       	ldd	r18, Y+7	; 0x07
     78c:	38 85       	ldd	r19, Y+8	; 0x08
     78e:	37 fd       	sbrc	r19, 7
     790:	20 c0       	rjmp	.+64     	; 0x7d2 <__fixsfsi+0x80>
     792:	6e 81       	ldd	r22, Y+6	; 0x06
     794:	2f 31       	cpi	r18, 0x1F	; 31
     796:	31 05       	cpc	r19, r1
     798:	1c f0       	brlt	.+6      	; 0x7a0 <__fixsfsi+0x4e>
     79a:	66 23       	and	r22, r22
     79c:	f9 f0       	breq	.+62     	; 0x7dc <__fixsfsi+0x8a>
     79e:	23 c0       	rjmp	.+70     	; 0x7e6 <__fixsfsi+0x94>
     7a0:	8e e1       	ldi	r24, 0x1E	; 30
     7a2:	90 e0       	ldi	r25, 0x00	; 0
     7a4:	82 1b       	sub	r24, r18
     7a6:	93 0b       	sbc	r25, r19
     7a8:	29 85       	ldd	r18, Y+9	; 0x09
     7aa:	3a 85       	ldd	r19, Y+10	; 0x0a
     7ac:	4b 85       	ldd	r20, Y+11	; 0x0b
     7ae:	5c 85       	ldd	r21, Y+12	; 0x0c
     7b0:	04 c0       	rjmp	.+8      	; 0x7ba <__fixsfsi+0x68>
     7b2:	56 95       	lsr	r21
     7b4:	47 95       	ror	r20
     7b6:	37 95       	ror	r19
     7b8:	27 95       	ror	r18
     7ba:	8a 95       	dec	r24
     7bc:	d2 f7       	brpl	.-12     	; 0x7b2 <__fixsfsi+0x60>
     7be:	66 23       	and	r22, r22
     7c0:	b1 f0       	breq	.+44     	; 0x7ee <__fixsfsi+0x9c>
     7c2:	50 95       	com	r21
     7c4:	40 95       	com	r20
     7c6:	30 95       	com	r19
     7c8:	21 95       	neg	r18
     7ca:	3f 4f       	sbci	r19, 0xFF	; 255
     7cc:	4f 4f       	sbci	r20, 0xFF	; 255
     7ce:	5f 4f       	sbci	r21, 0xFF	; 255
     7d0:	0e c0       	rjmp	.+28     	; 0x7ee <__fixsfsi+0x9c>
     7d2:	20 e0       	ldi	r18, 0x00	; 0
     7d4:	30 e0       	ldi	r19, 0x00	; 0
     7d6:	40 e0       	ldi	r20, 0x00	; 0
     7d8:	50 e0       	ldi	r21, 0x00	; 0
     7da:	09 c0       	rjmp	.+18     	; 0x7ee <__fixsfsi+0x9c>
     7dc:	2f ef       	ldi	r18, 0xFF	; 255
     7de:	3f ef       	ldi	r19, 0xFF	; 255
     7e0:	4f ef       	ldi	r20, 0xFF	; 255
     7e2:	5f e7       	ldi	r21, 0x7F	; 127
     7e4:	04 c0       	rjmp	.+8      	; 0x7ee <__fixsfsi+0x9c>
     7e6:	20 e0       	ldi	r18, 0x00	; 0
     7e8:	30 e0       	ldi	r19, 0x00	; 0
     7ea:	40 e0       	ldi	r20, 0x00	; 0
     7ec:	50 e8       	ldi	r21, 0x80	; 128
     7ee:	b9 01       	movw	r22, r18
     7f0:	ca 01       	movw	r24, r20
     7f2:	2c 96       	adiw	r28, 0x0c	; 12
     7f4:	e2 e0       	ldi	r30, 0x02	; 2
     7f6:	0c 94 4b 18 	jmp	0x3096	; 0x3096 <__epilogue_restores__+0x20>

000007fa <__pack_f>:
     7fa:	df 92       	push	r13
     7fc:	ef 92       	push	r14
     7fe:	ff 92       	push	r15
     800:	0f 93       	push	r16
     802:	1f 93       	push	r17
     804:	fc 01       	movw	r30, r24
     806:	e4 80       	ldd	r14, Z+4	; 0x04
     808:	f5 80       	ldd	r15, Z+5	; 0x05
     80a:	06 81       	ldd	r16, Z+6	; 0x06
     80c:	17 81       	ldd	r17, Z+7	; 0x07
     80e:	d1 80       	ldd	r13, Z+1	; 0x01
     810:	80 81       	ld	r24, Z
     812:	82 30       	cpi	r24, 0x02	; 2
     814:	48 f4       	brcc	.+18     	; 0x828 <__pack_f+0x2e>
     816:	80 e0       	ldi	r24, 0x00	; 0
     818:	90 e0       	ldi	r25, 0x00	; 0
     81a:	a0 e1       	ldi	r26, 0x10	; 16
     81c:	b0 e0       	ldi	r27, 0x00	; 0
     81e:	e8 2a       	or	r14, r24
     820:	f9 2a       	or	r15, r25
     822:	0a 2b       	or	r16, r26
     824:	1b 2b       	or	r17, r27
     826:	a5 c0       	rjmp	.+330    	; 0x972 <__stack+0x113>
     828:	84 30       	cpi	r24, 0x04	; 4
     82a:	09 f4       	brne	.+2      	; 0x82e <__pack_f+0x34>
     82c:	9f c0       	rjmp	.+318    	; 0x96c <__stack+0x10d>
     82e:	82 30       	cpi	r24, 0x02	; 2
     830:	21 f4       	brne	.+8      	; 0x83a <__pack_f+0x40>
     832:	ee 24       	eor	r14, r14
     834:	ff 24       	eor	r15, r15
     836:	87 01       	movw	r16, r14
     838:	05 c0       	rjmp	.+10     	; 0x844 <__pack_f+0x4a>
     83a:	e1 14       	cp	r14, r1
     83c:	f1 04       	cpc	r15, r1
     83e:	01 05       	cpc	r16, r1
     840:	11 05       	cpc	r17, r1
     842:	19 f4       	brne	.+6      	; 0x84a <__pack_f+0x50>
     844:	e0 e0       	ldi	r30, 0x00	; 0
     846:	f0 e0       	ldi	r31, 0x00	; 0
     848:	96 c0       	rjmp	.+300    	; 0x976 <__stack+0x117>
     84a:	62 81       	ldd	r22, Z+2	; 0x02
     84c:	73 81       	ldd	r23, Z+3	; 0x03
     84e:	9f ef       	ldi	r25, 0xFF	; 255
     850:	62 38       	cpi	r22, 0x82	; 130
     852:	79 07       	cpc	r23, r25
     854:	0c f0       	brlt	.+2      	; 0x858 <__pack_f+0x5e>
     856:	5b c0       	rjmp	.+182    	; 0x90e <__stack+0xaf>
     858:	22 e8       	ldi	r18, 0x82	; 130
     85a:	3f ef       	ldi	r19, 0xFF	; 255
     85c:	26 1b       	sub	r18, r22
     85e:	37 0b       	sbc	r19, r23
     860:	2a 31       	cpi	r18, 0x1A	; 26
     862:	31 05       	cpc	r19, r1
     864:	2c f0       	brlt	.+10     	; 0x870 <__stack+0x11>
     866:	20 e0       	ldi	r18, 0x00	; 0
     868:	30 e0       	ldi	r19, 0x00	; 0
     86a:	40 e0       	ldi	r20, 0x00	; 0
     86c:	50 e0       	ldi	r21, 0x00	; 0
     86e:	2a c0       	rjmp	.+84     	; 0x8c4 <__stack+0x65>
     870:	b8 01       	movw	r22, r16
     872:	a7 01       	movw	r20, r14
     874:	02 2e       	mov	r0, r18
     876:	04 c0       	rjmp	.+8      	; 0x880 <__stack+0x21>
     878:	76 95       	lsr	r23
     87a:	67 95       	ror	r22
     87c:	57 95       	ror	r21
     87e:	47 95       	ror	r20
     880:	0a 94       	dec	r0
     882:	d2 f7       	brpl	.-12     	; 0x878 <__stack+0x19>
     884:	81 e0       	ldi	r24, 0x01	; 1
     886:	90 e0       	ldi	r25, 0x00	; 0
     888:	a0 e0       	ldi	r26, 0x00	; 0
     88a:	b0 e0       	ldi	r27, 0x00	; 0
     88c:	04 c0       	rjmp	.+8      	; 0x896 <__stack+0x37>
     88e:	88 0f       	add	r24, r24
     890:	99 1f       	adc	r25, r25
     892:	aa 1f       	adc	r26, r26
     894:	bb 1f       	adc	r27, r27
     896:	2a 95       	dec	r18
     898:	d2 f7       	brpl	.-12     	; 0x88e <__stack+0x2f>
     89a:	01 97       	sbiw	r24, 0x01	; 1
     89c:	a1 09       	sbc	r26, r1
     89e:	b1 09       	sbc	r27, r1
     8a0:	8e 21       	and	r24, r14
     8a2:	9f 21       	and	r25, r15
     8a4:	a0 23       	and	r26, r16
     8a6:	b1 23       	and	r27, r17
     8a8:	00 97       	sbiw	r24, 0x00	; 0
     8aa:	a1 05       	cpc	r26, r1
     8ac:	b1 05       	cpc	r27, r1
     8ae:	21 f0       	breq	.+8      	; 0x8b8 <__stack+0x59>
     8b0:	81 e0       	ldi	r24, 0x01	; 1
     8b2:	90 e0       	ldi	r25, 0x00	; 0
     8b4:	a0 e0       	ldi	r26, 0x00	; 0
     8b6:	b0 e0       	ldi	r27, 0x00	; 0
     8b8:	9a 01       	movw	r18, r20
     8ba:	ab 01       	movw	r20, r22
     8bc:	28 2b       	or	r18, r24
     8be:	39 2b       	or	r19, r25
     8c0:	4a 2b       	or	r20, r26
     8c2:	5b 2b       	or	r21, r27
     8c4:	da 01       	movw	r26, r20
     8c6:	c9 01       	movw	r24, r18
     8c8:	8f 77       	andi	r24, 0x7F	; 127
     8ca:	90 70       	andi	r25, 0x00	; 0
     8cc:	a0 70       	andi	r26, 0x00	; 0
     8ce:	b0 70       	andi	r27, 0x00	; 0
     8d0:	80 34       	cpi	r24, 0x40	; 64
     8d2:	91 05       	cpc	r25, r1
     8d4:	a1 05       	cpc	r26, r1
     8d6:	b1 05       	cpc	r27, r1
     8d8:	39 f4       	brne	.+14     	; 0x8e8 <__stack+0x89>
     8da:	27 ff       	sbrs	r18, 7
     8dc:	09 c0       	rjmp	.+18     	; 0x8f0 <__stack+0x91>
     8de:	20 5c       	subi	r18, 0xC0	; 192
     8e0:	3f 4f       	sbci	r19, 0xFF	; 255
     8e2:	4f 4f       	sbci	r20, 0xFF	; 255
     8e4:	5f 4f       	sbci	r21, 0xFF	; 255
     8e6:	04 c0       	rjmp	.+8      	; 0x8f0 <__stack+0x91>
     8e8:	21 5c       	subi	r18, 0xC1	; 193
     8ea:	3f 4f       	sbci	r19, 0xFF	; 255
     8ec:	4f 4f       	sbci	r20, 0xFF	; 255
     8ee:	5f 4f       	sbci	r21, 0xFF	; 255
     8f0:	e0 e0       	ldi	r30, 0x00	; 0
     8f2:	f0 e0       	ldi	r31, 0x00	; 0
     8f4:	20 30       	cpi	r18, 0x00	; 0
     8f6:	a0 e0       	ldi	r26, 0x00	; 0
     8f8:	3a 07       	cpc	r19, r26
     8fa:	a0 e0       	ldi	r26, 0x00	; 0
     8fc:	4a 07       	cpc	r20, r26
     8fe:	a0 e4       	ldi	r26, 0x40	; 64
     900:	5a 07       	cpc	r21, r26
     902:	10 f0       	brcs	.+4      	; 0x908 <__stack+0xa9>
     904:	e1 e0       	ldi	r30, 0x01	; 1
     906:	f0 e0       	ldi	r31, 0x00	; 0
     908:	79 01       	movw	r14, r18
     90a:	8a 01       	movw	r16, r20
     90c:	27 c0       	rjmp	.+78     	; 0x95c <__stack+0xfd>
     90e:	60 38       	cpi	r22, 0x80	; 128
     910:	71 05       	cpc	r23, r1
     912:	64 f5       	brge	.+88     	; 0x96c <__stack+0x10d>
     914:	fb 01       	movw	r30, r22
     916:	e1 58       	subi	r30, 0x81	; 129
     918:	ff 4f       	sbci	r31, 0xFF	; 255
     91a:	d8 01       	movw	r26, r16
     91c:	c7 01       	movw	r24, r14
     91e:	8f 77       	andi	r24, 0x7F	; 127
     920:	90 70       	andi	r25, 0x00	; 0
     922:	a0 70       	andi	r26, 0x00	; 0
     924:	b0 70       	andi	r27, 0x00	; 0
     926:	80 34       	cpi	r24, 0x40	; 64
     928:	91 05       	cpc	r25, r1
     92a:	a1 05       	cpc	r26, r1
     92c:	b1 05       	cpc	r27, r1
     92e:	39 f4       	brne	.+14     	; 0x93e <__stack+0xdf>
     930:	e7 fe       	sbrs	r14, 7
     932:	0d c0       	rjmp	.+26     	; 0x94e <__stack+0xef>
     934:	80 e4       	ldi	r24, 0x40	; 64
     936:	90 e0       	ldi	r25, 0x00	; 0
     938:	a0 e0       	ldi	r26, 0x00	; 0
     93a:	b0 e0       	ldi	r27, 0x00	; 0
     93c:	04 c0       	rjmp	.+8      	; 0x946 <__stack+0xe7>
     93e:	8f e3       	ldi	r24, 0x3F	; 63
     940:	90 e0       	ldi	r25, 0x00	; 0
     942:	a0 e0       	ldi	r26, 0x00	; 0
     944:	b0 e0       	ldi	r27, 0x00	; 0
     946:	e8 0e       	add	r14, r24
     948:	f9 1e       	adc	r15, r25
     94a:	0a 1f       	adc	r16, r26
     94c:	1b 1f       	adc	r17, r27
     94e:	17 ff       	sbrs	r17, 7
     950:	05 c0       	rjmp	.+10     	; 0x95c <__stack+0xfd>
     952:	16 95       	lsr	r17
     954:	07 95       	ror	r16
     956:	f7 94       	ror	r15
     958:	e7 94       	ror	r14
     95a:	31 96       	adiw	r30, 0x01	; 1
     95c:	87 e0       	ldi	r24, 0x07	; 7
     95e:	16 95       	lsr	r17
     960:	07 95       	ror	r16
     962:	f7 94       	ror	r15
     964:	e7 94       	ror	r14
     966:	8a 95       	dec	r24
     968:	d1 f7       	brne	.-12     	; 0x95e <__stack+0xff>
     96a:	05 c0       	rjmp	.+10     	; 0x976 <__stack+0x117>
     96c:	ee 24       	eor	r14, r14
     96e:	ff 24       	eor	r15, r15
     970:	87 01       	movw	r16, r14
     972:	ef ef       	ldi	r30, 0xFF	; 255
     974:	f0 e0       	ldi	r31, 0x00	; 0
     976:	6e 2f       	mov	r22, r30
     978:	67 95       	ror	r22
     97a:	66 27       	eor	r22, r22
     97c:	67 95       	ror	r22
     97e:	90 2f       	mov	r25, r16
     980:	9f 77       	andi	r25, 0x7F	; 127
     982:	d7 94       	ror	r13
     984:	dd 24       	eor	r13, r13
     986:	d7 94       	ror	r13
     988:	8e 2f       	mov	r24, r30
     98a:	86 95       	lsr	r24
     98c:	49 2f       	mov	r20, r25
     98e:	46 2b       	or	r20, r22
     990:	58 2f       	mov	r21, r24
     992:	5d 29       	or	r21, r13
     994:	b7 01       	movw	r22, r14
     996:	ca 01       	movw	r24, r20
     998:	1f 91       	pop	r17
     99a:	0f 91       	pop	r16
     99c:	ff 90       	pop	r15
     99e:	ef 90       	pop	r14
     9a0:	df 90       	pop	r13
     9a2:	08 95       	ret

000009a4 <__unpack_f>:
     9a4:	fc 01       	movw	r30, r24
     9a6:	db 01       	movw	r26, r22
     9a8:	40 81       	ld	r20, Z
     9aa:	51 81       	ldd	r21, Z+1	; 0x01
     9ac:	22 81       	ldd	r18, Z+2	; 0x02
     9ae:	62 2f       	mov	r22, r18
     9b0:	6f 77       	andi	r22, 0x7F	; 127
     9b2:	70 e0       	ldi	r23, 0x00	; 0
     9b4:	22 1f       	adc	r18, r18
     9b6:	22 27       	eor	r18, r18
     9b8:	22 1f       	adc	r18, r18
     9ba:	93 81       	ldd	r25, Z+3	; 0x03
     9bc:	89 2f       	mov	r24, r25
     9be:	88 0f       	add	r24, r24
     9c0:	82 2b       	or	r24, r18
     9c2:	28 2f       	mov	r18, r24
     9c4:	30 e0       	ldi	r19, 0x00	; 0
     9c6:	99 1f       	adc	r25, r25
     9c8:	99 27       	eor	r25, r25
     9ca:	99 1f       	adc	r25, r25
     9cc:	11 96       	adiw	r26, 0x01	; 1
     9ce:	9c 93       	st	X, r25
     9d0:	11 97       	sbiw	r26, 0x01	; 1
     9d2:	21 15       	cp	r18, r1
     9d4:	31 05       	cpc	r19, r1
     9d6:	a9 f5       	brne	.+106    	; 0xa42 <__unpack_f+0x9e>
     9d8:	41 15       	cp	r20, r1
     9da:	51 05       	cpc	r21, r1
     9dc:	61 05       	cpc	r22, r1
     9de:	71 05       	cpc	r23, r1
     9e0:	11 f4       	brne	.+4      	; 0x9e6 <__unpack_f+0x42>
     9e2:	82 e0       	ldi	r24, 0x02	; 2
     9e4:	37 c0       	rjmp	.+110    	; 0xa54 <__unpack_f+0xb0>
     9e6:	82 e8       	ldi	r24, 0x82	; 130
     9e8:	9f ef       	ldi	r25, 0xFF	; 255
     9ea:	13 96       	adiw	r26, 0x03	; 3
     9ec:	9c 93       	st	X, r25
     9ee:	8e 93       	st	-X, r24
     9f0:	12 97       	sbiw	r26, 0x02	; 2
     9f2:	9a 01       	movw	r18, r20
     9f4:	ab 01       	movw	r20, r22
     9f6:	67 e0       	ldi	r22, 0x07	; 7
     9f8:	22 0f       	add	r18, r18
     9fa:	33 1f       	adc	r19, r19
     9fc:	44 1f       	adc	r20, r20
     9fe:	55 1f       	adc	r21, r21
     a00:	6a 95       	dec	r22
     a02:	d1 f7       	brne	.-12     	; 0x9f8 <__unpack_f+0x54>
     a04:	83 e0       	ldi	r24, 0x03	; 3
     a06:	8c 93       	st	X, r24
     a08:	0d c0       	rjmp	.+26     	; 0xa24 <__unpack_f+0x80>
     a0a:	22 0f       	add	r18, r18
     a0c:	33 1f       	adc	r19, r19
     a0e:	44 1f       	adc	r20, r20
     a10:	55 1f       	adc	r21, r21
     a12:	12 96       	adiw	r26, 0x02	; 2
     a14:	8d 91       	ld	r24, X+
     a16:	9c 91       	ld	r25, X
     a18:	13 97       	sbiw	r26, 0x03	; 3
     a1a:	01 97       	sbiw	r24, 0x01	; 1
     a1c:	13 96       	adiw	r26, 0x03	; 3
     a1e:	9c 93       	st	X, r25
     a20:	8e 93       	st	-X, r24
     a22:	12 97       	sbiw	r26, 0x02	; 2
     a24:	20 30       	cpi	r18, 0x00	; 0
     a26:	80 e0       	ldi	r24, 0x00	; 0
     a28:	38 07       	cpc	r19, r24
     a2a:	80 e0       	ldi	r24, 0x00	; 0
     a2c:	48 07       	cpc	r20, r24
     a2e:	80 e4       	ldi	r24, 0x40	; 64
     a30:	58 07       	cpc	r21, r24
     a32:	58 f3       	brcs	.-42     	; 0xa0a <__unpack_f+0x66>
     a34:	14 96       	adiw	r26, 0x04	; 4
     a36:	2d 93       	st	X+, r18
     a38:	3d 93       	st	X+, r19
     a3a:	4d 93       	st	X+, r20
     a3c:	5c 93       	st	X, r21
     a3e:	17 97       	sbiw	r26, 0x07	; 7
     a40:	08 95       	ret
     a42:	2f 3f       	cpi	r18, 0xFF	; 255
     a44:	31 05       	cpc	r19, r1
     a46:	79 f4       	brne	.+30     	; 0xa66 <__unpack_f+0xc2>
     a48:	41 15       	cp	r20, r1
     a4a:	51 05       	cpc	r21, r1
     a4c:	61 05       	cpc	r22, r1
     a4e:	71 05       	cpc	r23, r1
     a50:	19 f4       	brne	.+6      	; 0xa58 <__unpack_f+0xb4>
     a52:	84 e0       	ldi	r24, 0x04	; 4
     a54:	8c 93       	st	X, r24
     a56:	08 95       	ret
     a58:	64 ff       	sbrs	r22, 4
     a5a:	03 c0       	rjmp	.+6      	; 0xa62 <__unpack_f+0xbe>
     a5c:	81 e0       	ldi	r24, 0x01	; 1
     a5e:	8c 93       	st	X, r24
     a60:	12 c0       	rjmp	.+36     	; 0xa86 <__unpack_f+0xe2>
     a62:	1c 92       	st	X, r1
     a64:	10 c0       	rjmp	.+32     	; 0xa86 <__unpack_f+0xe2>
     a66:	2f 57       	subi	r18, 0x7F	; 127
     a68:	30 40       	sbci	r19, 0x00	; 0
     a6a:	13 96       	adiw	r26, 0x03	; 3
     a6c:	3c 93       	st	X, r19
     a6e:	2e 93       	st	-X, r18
     a70:	12 97       	sbiw	r26, 0x02	; 2
     a72:	83 e0       	ldi	r24, 0x03	; 3
     a74:	8c 93       	st	X, r24
     a76:	87 e0       	ldi	r24, 0x07	; 7
     a78:	44 0f       	add	r20, r20
     a7a:	55 1f       	adc	r21, r21
     a7c:	66 1f       	adc	r22, r22
     a7e:	77 1f       	adc	r23, r23
     a80:	8a 95       	dec	r24
     a82:	d1 f7       	brne	.-12     	; 0xa78 <__unpack_f+0xd4>
     a84:	70 64       	ori	r23, 0x40	; 64
     a86:	14 96       	adiw	r26, 0x04	; 4
     a88:	4d 93       	st	X+, r20
     a8a:	5d 93       	st	X+, r21
     a8c:	6d 93       	st	X+, r22
     a8e:	7c 93       	st	X, r23
     a90:	17 97       	sbiw	r26, 0x07	; 7
     a92:	08 95       	ret

00000a94 <__fpcmp_parts_f>:
     a94:	1f 93       	push	r17
     a96:	dc 01       	movw	r26, r24
     a98:	fb 01       	movw	r30, r22
     a9a:	9c 91       	ld	r25, X
     a9c:	92 30       	cpi	r25, 0x02	; 2
     a9e:	08 f4       	brcc	.+2      	; 0xaa2 <__fpcmp_parts_f+0xe>
     aa0:	47 c0       	rjmp	.+142    	; 0xb30 <__fpcmp_parts_f+0x9c>
     aa2:	80 81       	ld	r24, Z
     aa4:	82 30       	cpi	r24, 0x02	; 2
     aa6:	08 f4       	brcc	.+2      	; 0xaaa <__fpcmp_parts_f+0x16>
     aa8:	43 c0       	rjmp	.+134    	; 0xb30 <__fpcmp_parts_f+0x9c>
     aaa:	94 30       	cpi	r25, 0x04	; 4
     aac:	51 f4       	brne	.+20     	; 0xac2 <__fpcmp_parts_f+0x2e>
     aae:	11 96       	adiw	r26, 0x01	; 1
     ab0:	1c 91       	ld	r17, X
     ab2:	84 30       	cpi	r24, 0x04	; 4
     ab4:	99 f5       	brne	.+102    	; 0xb1c <__fpcmp_parts_f+0x88>
     ab6:	81 81       	ldd	r24, Z+1	; 0x01
     ab8:	68 2f       	mov	r22, r24
     aba:	70 e0       	ldi	r23, 0x00	; 0
     abc:	61 1b       	sub	r22, r17
     abe:	71 09       	sbc	r23, r1
     ac0:	3f c0       	rjmp	.+126    	; 0xb40 <__fpcmp_parts_f+0xac>
     ac2:	84 30       	cpi	r24, 0x04	; 4
     ac4:	21 f0       	breq	.+8      	; 0xace <__fpcmp_parts_f+0x3a>
     ac6:	92 30       	cpi	r25, 0x02	; 2
     ac8:	31 f4       	brne	.+12     	; 0xad6 <__fpcmp_parts_f+0x42>
     aca:	82 30       	cpi	r24, 0x02	; 2
     acc:	b9 f1       	breq	.+110    	; 0xb3c <__fpcmp_parts_f+0xa8>
     ace:	81 81       	ldd	r24, Z+1	; 0x01
     ad0:	88 23       	and	r24, r24
     ad2:	89 f1       	breq	.+98     	; 0xb36 <__fpcmp_parts_f+0xa2>
     ad4:	2d c0       	rjmp	.+90     	; 0xb30 <__fpcmp_parts_f+0x9c>
     ad6:	11 96       	adiw	r26, 0x01	; 1
     ad8:	1c 91       	ld	r17, X
     ada:	11 97       	sbiw	r26, 0x01	; 1
     adc:	82 30       	cpi	r24, 0x02	; 2
     ade:	f1 f0       	breq	.+60     	; 0xb1c <__fpcmp_parts_f+0x88>
     ae0:	81 81       	ldd	r24, Z+1	; 0x01
     ae2:	18 17       	cp	r17, r24
     ae4:	d9 f4       	brne	.+54     	; 0xb1c <__fpcmp_parts_f+0x88>
     ae6:	12 96       	adiw	r26, 0x02	; 2
     ae8:	2d 91       	ld	r18, X+
     aea:	3c 91       	ld	r19, X
     aec:	13 97       	sbiw	r26, 0x03	; 3
     aee:	82 81       	ldd	r24, Z+2	; 0x02
     af0:	93 81       	ldd	r25, Z+3	; 0x03
     af2:	82 17       	cp	r24, r18
     af4:	93 07       	cpc	r25, r19
     af6:	94 f0       	brlt	.+36     	; 0xb1c <__fpcmp_parts_f+0x88>
     af8:	28 17       	cp	r18, r24
     afa:	39 07       	cpc	r19, r25
     afc:	bc f0       	brlt	.+46     	; 0xb2c <__fpcmp_parts_f+0x98>
     afe:	14 96       	adiw	r26, 0x04	; 4
     b00:	8d 91       	ld	r24, X+
     b02:	9d 91       	ld	r25, X+
     b04:	0d 90       	ld	r0, X+
     b06:	bc 91       	ld	r27, X
     b08:	a0 2d       	mov	r26, r0
     b0a:	24 81       	ldd	r18, Z+4	; 0x04
     b0c:	35 81       	ldd	r19, Z+5	; 0x05
     b0e:	46 81       	ldd	r20, Z+6	; 0x06
     b10:	57 81       	ldd	r21, Z+7	; 0x07
     b12:	28 17       	cp	r18, r24
     b14:	39 07       	cpc	r19, r25
     b16:	4a 07       	cpc	r20, r26
     b18:	5b 07       	cpc	r21, r27
     b1a:	18 f4       	brcc	.+6      	; 0xb22 <__fpcmp_parts_f+0x8e>
     b1c:	11 23       	and	r17, r17
     b1e:	41 f0       	breq	.+16     	; 0xb30 <__fpcmp_parts_f+0x9c>
     b20:	0a c0       	rjmp	.+20     	; 0xb36 <__fpcmp_parts_f+0xa2>
     b22:	82 17       	cp	r24, r18
     b24:	93 07       	cpc	r25, r19
     b26:	a4 07       	cpc	r26, r20
     b28:	b5 07       	cpc	r27, r21
     b2a:	40 f4       	brcc	.+16     	; 0xb3c <__fpcmp_parts_f+0xa8>
     b2c:	11 23       	and	r17, r17
     b2e:	19 f0       	breq	.+6      	; 0xb36 <__fpcmp_parts_f+0xa2>
     b30:	61 e0       	ldi	r22, 0x01	; 1
     b32:	70 e0       	ldi	r23, 0x00	; 0
     b34:	05 c0       	rjmp	.+10     	; 0xb40 <__fpcmp_parts_f+0xac>
     b36:	6f ef       	ldi	r22, 0xFF	; 255
     b38:	7f ef       	ldi	r23, 0xFF	; 255
     b3a:	02 c0       	rjmp	.+4      	; 0xb40 <__fpcmp_parts_f+0xac>
     b3c:	60 e0       	ldi	r22, 0x00	; 0
     b3e:	70 e0       	ldi	r23, 0x00	; 0
     b40:	cb 01       	movw	r24, r22
     b42:	1f 91       	pop	r17
     b44:	08 95       	ret

00000b46 <GPIO_setupPinDirection>:
 * Description :
 * Setup the direction of the required pin input/output.
 * If the input port number or pin number are not correct, The function will not handle the request.
 */
void GPIO_setupPinDirection(uint8 port_num, uint8 pin_num, GPIO_PinDirectionType direction)
{
     b46:	df 93       	push	r29
     b48:	cf 93       	push	r28
     b4a:	00 d0       	rcall	.+0      	; 0xb4c <GPIO_setupPinDirection+0x6>
     b4c:	00 d0       	rcall	.+0      	; 0xb4e <GPIO_setupPinDirection+0x8>
     b4e:	0f 92       	push	r0
     b50:	cd b7       	in	r28, 0x3d	; 61
     b52:	de b7       	in	r29, 0x3e	; 62
     b54:	89 83       	std	Y+1, r24	; 0x01
     b56:	6a 83       	std	Y+2, r22	; 0x02
     b58:	4b 83       	std	Y+3, r20	; 0x03
	/*
	 * Check if the input port number is greater than NUM_OF_PINS_PER_PORT value.
	 * Or if the input pin number is greater than NUM_OF_PINS_PER_PORT value.
	 * In this case the input is not valid port/pin number
	 */
	if((pin_num >= NUM_OF_PINS_PER_PORT) || (port_num >= NUM_OF_PORTS))
     b5a:	8a 81       	ldd	r24, Y+2	; 0x02
     b5c:	88 30       	cpi	r24, 0x08	; 8
     b5e:	08 f0       	brcs	.+2      	; 0xb62 <GPIO_setupPinDirection+0x1c>
     b60:	d5 c0       	rjmp	.+426    	; 0xd0c <GPIO_setupPinDirection+0x1c6>
     b62:	89 81       	ldd	r24, Y+1	; 0x01
     b64:	84 30       	cpi	r24, 0x04	; 4
     b66:	08 f0       	brcs	.+2      	; 0xb6a <GPIO_setupPinDirection+0x24>
     b68:	d1 c0       	rjmp	.+418    	; 0xd0c <GPIO_setupPinDirection+0x1c6>
		/* Do Nothing */
	}
	else
	{
		/* Setup the pin direction as required */
		switch(port_num)
     b6a:	89 81       	ldd	r24, Y+1	; 0x01
     b6c:	28 2f       	mov	r18, r24
     b6e:	30 e0       	ldi	r19, 0x00	; 0
     b70:	3d 83       	std	Y+5, r19	; 0x05
     b72:	2c 83       	std	Y+4, r18	; 0x04
     b74:	8c 81       	ldd	r24, Y+4	; 0x04
     b76:	9d 81       	ldd	r25, Y+5	; 0x05
     b78:	81 30       	cpi	r24, 0x01	; 1
     b7a:	91 05       	cpc	r25, r1
     b7c:	09 f4       	brne	.+2      	; 0xb80 <GPIO_setupPinDirection+0x3a>
     b7e:	43 c0       	rjmp	.+134    	; 0xc06 <GPIO_setupPinDirection+0xc0>
     b80:	2c 81       	ldd	r18, Y+4	; 0x04
     b82:	3d 81       	ldd	r19, Y+5	; 0x05
     b84:	22 30       	cpi	r18, 0x02	; 2
     b86:	31 05       	cpc	r19, r1
     b88:	2c f4       	brge	.+10     	; 0xb94 <GPIO_setupPinDirection+0x4e>
     b8a:	8c 81       	ldd	r24, Y+4	; 0x04
     b8c:	9d 81       	ldd	r25, Y+5	; 0x05
     b8e:	00 97       	sbiw	r24, 0x00	; 0
     b90:	71 f0       	breq	.+28     	; 0xbae <GPIO_setupPinDirection+0x68>
     b92:	bc c0       	rjmp	.+376    	; 0xd0c <GPIO_setupPinDirection+0x1c6>
     b94:	2c 81       	ldd	r18, Y+4	; 0x04
     b96:	3d 81       	ldd	r19, Y+5	; 0x05
     b98:	22 30       	cpi	r18, 0x02	; 2
     b9a:	31 05       	cpc	r19, r1
     b9c:	09 f4       	brne	.+2      	; 0xba0 <GPIO_setupPinDirection+0x5a>
     b9e:	5f c0       	rjmp	.+190    	; 0xc5e <GPIO_setupPinDirection+0x118>
     ba0:	8c 81       	ldd	r24, Y+4	; 0x04
     ba2:	9d 81       	ldd	r25, Y+5	; 0x05
     ba4:	83 30       	cpi	r24, 0x03	; 3
     ba6:	91 05       	cpc	r25, r1
     ba8:	09 f4       	brne	.+2      	; 0xbac <GPIO_setupPinDirection+0x66>
     baa:	85 c0       	rjmp	.+266    	; 0xcb6 <GPIO_setupPinDirection+0x170>
     bac:	af c0       	rjmp	.+350    	; 0xd0c <GPIO_setupPinDirection+0x1c6>
		{
		case PORTA_ID:
			if(direction == PIN_OUTPUT)
     bae:	8b 81       	ldd	r24, Y+3	; 0x03
     bb0:	81 30       	cpi	r24, 0x01	; 1
     bb2:	a1 f4       	brne	.+40     	; 0xbdc <GPIO_setupPinDirection+0x96>
			{
				SET_BIT(GPIO_DDRA_REG.Byte,pin_num);
     bb4:	aa e3       	ldi	r26, 0x3A	; 58
     bb6:	b0 e0       	ldi	r27, 0x00	; 0
     bb8:	ea e3       	ldi	r30, 0x3A	; 58
     bba:	f0 e0       	ldi	r31, 0x00	; 0
     bbc:	80 81       	ld	r24, Z
     bbe:	48 2f       	mov	r20, r24
     bc0:	8a 81       	ldd	r24, Y+2	; 0x02
     bc2:	28 2f       	mov	r18, r24
     bc4:	30 e0       	ldi	r19, 0x00	; 0
     bc6:	81 e0       	ldi	r24, 0x01	; 1
     bc8:	90 e0       	ldi	r25, 0x00	; 0
     bca:	02 2e       	mov	r0, r18
     bcc:	02 c0       	rjmp	.+4      	; 0xbd2 <GPIO_setupPinDirection+0x8c>
     bce:	88 0f       	add	r24, r24
     bd0:	99 1f       	adc	r25, r25
     bd2:	0a 94       	dec	r0
     bd4:	e2 f7       	brpl	.-8      	; 0xbce <GPIO_setupPinDirection+0x88>
     bd6:	84 2b       	or	r24, r20
     bd8:	8c 93       	st	X, r24
     bda:	98 c0       	rjmp	.+304    	; 0xd0c <GPIO_setupPinDirection+0x1c6>
			}
			else
			{
				CLEAR_BIT(GPIO_DDRA_REG.Byte,pin_num);
     bdc:	aa e3       	ldi	r26, 0x3A	; 58
     bde:	b0 e0       	ldi	r27, 0x00	; 0
     be0:	ea e3       	ldi	r30, 0x3A	; 58
     be2:	f0 e0       	ldi	r31, 0x00	; 0
     be4:	80 81       	ld	r24, Z
     be6:	48 2f       	mov	r20, r24
     be8:	8a 81       	ldd	r24, Y+2	; 0x02
     bea:	28 2f       	mov	r18, r24
     bec:	30 e0       	ldi	r19, 0x00	; 0
     bee:	81 e0       	ldi	r24, 0x01	; 1
     bf0:	90 e0       	ldi	r25, 0x00	; 0
     bf2:	02 2e       	mov	r0, r18
     bf4:	02 c0       	rjmp	.+4      	; 0xbfa <GPIO_setupPinDirection+0xb4>
     bf6:	88 0f       	add	r24, r24
     bf8:	99 1f       	adc	r25, r25
     bfa:	0a 94       	dec	r0
     bfc:	e2 f7       	brpl	.-8      	; 0xbf6 <GPIO_setupPinDirection+0xb0>
     bfe:	80 95       	com	r24
     c00:	84 23       	and	r24, r20
     c02:	8c 93       	st	X, r24
     c04:	83 c0       	rjmp	.+262    	; 0xd0c <GPIO_setupPinDirection+0x1c6>
			}
			break;
		case PORTB_ID:
			if(direction == PIN_OUTPUT)
     c06:	8b 81       	ldd	r24, Y+3	; 0x03
     c08:	81 30       	cpi	r24, 0x01	; 1
     c0a:	a1 f4       	brne	.+40     	; 0xc34 <GPIO_setupPinDirection+0xee>
			{
				SET_BIT(GPIO_DDRB_REG.Byte,pin_num);
     c0c:	a7 e3       	ldi	r26, 0x37	; 55
     c0e:	b0 e0       	ldi	r27, 0x00	; 0
     c10:	e7 e3       	ldi	r30, 0x37	; 55
     c12:	f0 e0       	ldi	r31, 0x00	; 0
     c14:	80 81       	ld	r24, Z
     c16:	48 2f       	mov	r20, r24
     c18:	8a 81       	ldd	r24, Y+2	; 0x02
     c1a:	28 2f       	mov	r18, r24
     c1c:	30 e0       	ldi	r19, 0x00	; 0
     c1e:	81 e0       	ldi	r24, 0x01	; 1
     c20:	90 e0       	ldi	r25, 0x00	; 0
     c22:	02 2e       	mov	r0, r18
     c24:	02 c0       	rjmp	.+4      	; 0xc2a <GPIO_setupPinDirection+0xe4>
     c26:	88 0f       	add	r24, r24
     c28:	99 1f       	adc	r25, r25
     c2a:	0a 94       	dec	r0
     c2c:	e2 f7       	brpl	.-8      	; 0xc26 <GPIO_setupPinDirection+0xe0>
     c2e:	84 2b       	or	r24, r20
     c30:	8c 93       	st	X, r24
     c32:	6c c0       	rjmp	.+216    	; 0xd0c <GPIO_setupPinDirection+0x1c6>
			}
			else
			{
				CLEAR_BIT(GPIO_DDRB_REG.Byte,pin_num);
     c34:	a7 e3       	ldi	r26, 0x37	; 55
     c36:	b0 e0       	ldi	r27, 0x00	; 0
     c38:	e7 e3       	ldi	r30, 0x37	; 55
     c3a:	f0 e0       	ldi	r31, 0x00	; 0
     c3c:	80 81       	ld	r24, Z
     c3e:	48 2f       	mov	r20, r24
     c40:	8a 81       	ldd	r24, Y+2	; 0x02
     c42:	28 2f       	mov	r18, r24
     c44:	30 e0       	ldi	r19, 0x00	; 0
     c46:	81 e0       	ldi	r24, 0x01	; 1
     c48:	90 e0       	ldi	r25, 0x00	; 0
     c4a:	02 2e       	mov	r0, r18
     c4c:	02 c0       	rjmp	.+4      	; 0xc52 <GPIO_setupPinDirection+0x10c>
     c4e:	88 0f       	add	r24, r24
     c50:	99 1f       	adc	r25, r25
     c52:	0a 94       	dec	r0
     c54:	e2 f7       	brpl	.-8      	; 0xc4e <GPIO_setupPinDirection+0x108>
     c56:	80 95       	com	r24
     c58:	84 23       	and	r24, r20
     c5a:	8c 93       	st	X, r24
     c5c:	57 c0       	rjmp	.+174    	; 0xd0c <GPIO_setupPinDirection+0x1c6>
			}
			break;
		case PORTC_ID:
			if(direction == PIN_OUTPUT)
     c5e:	8b 81       	ldd	r24, Y+3	; 0x03
     c60:	81 30       	cpi	r24, 0x01	; 1
     c62:	a1 f4       	brne	.+40     	; 0xc8c <GPIO_setupPinDirection+0x146>
			{
				SET_BIT(GPIO_DDRC_REG.Byte,pin_num);
     c64:	a4 e3       	ldi	r26, 0x34	; 52
     c66:	b0 e0       	ldi	r27, 0x00	; 0
     c68:	e4 e3       	ldi	r30, 0x34	; 52
     c6a:	f0 e0       	ldi	r31, 0x00	; 0
     c6c:	80 81       	ld	r24, Z
     c6e:	48 2f       	mov	r20, r24
     c70:	8a 81       	ldd	r24, Y+2	; 0x02
     c72:	28 2f       	mov	r18, r24
     c74:	30 e0       	ldi	r19, 0x00	; 0
     c76:	81 e0       	ldi	r24, 0x01	; 1
     c78:	90 e0       	ldi	r25, 0x00	; 0
     c7a:	02 2e       	mov	r0, r18
     c7c:	02 c0       	rjmp	.+4      	; 0xc82 <GPIO_setupPinDirection+0x13c>
     c7e:	88 0f       	add	r24, r24
     c80:	99 1f       	adc	r25, r25
     c82:	0a 94       	dec	r0
     c84:	e2 f7       	brpl	.-8      	; 0xc7e <GPIO_setupPinDirection+0x138>
     c86:	84 2b       	or	r24, r20
     c88:	8c 93       	st	X, r24
     c8a:	40 c0       	rjmp	.+128    	; 0xd0c <GPIO_setupPinDirection+0x1c6>
			}
			else
			{
				CLEAR_BIT(GPIO_DDRC_REG.Byte,pin_num);
     c8c:	a4 e3       	ldi	r26, 0x34	; 52
     c8e:	b0 e0       	ldi	r27, 0x00	; 0
     c90:	e4 e3       	ldi	r30, 0x34	; 52
     c92:	f0 e0       	ldi	r31, 0x00	; 0
     c94:	80 81       	ld	r24, Z
     c96:	48 2f       	mov	r20, r24
     c98:	8a 81       	ldd	r24, Y+2	; 0x02
     c9a:	28 2f       	mov	r18, r24
     c9c:	30 e0       	ldi	r19, 0x00	; 0
     c9e:	81 e0       	ldi	r24, 0x01	; 1
     ca0:	90 e0       	ldi	r25, 0x00	; 0
     ca2:	02 2e       	mov	r0, r18
     ca4:	02 c0       	rjmp	.+4      	; 0xcaa <GPIO_setupPinDirection+0x164>
     ca6:	88 0f       	add	r24, r24
     ca8:	99 1f       	adc	r25, r25
     caa:	0a 94       	dec	r0
     cac:	e2 f7       	brpl	.-8      	; 0xca6 <GPIO_setupPinDirection+0x160>
     cae:	80 95       	com	r24
     cb0:	84 23       	and	r24, r20
     cb2:	8c 93       	st	X, r24
     cb4:	2b c0       	rjmp	.+86     	; 0xd0c <GPIO_setupPinDirection+0x1c6>
			}
			break;
		case PORTD_ID:
			if(direction == PIN_OUTPUT)
     cb6:	8b 81       	ldd	r24, Y+3	; 0x03
     cb8:	81 30       	cpi	r24, 0x01	; 1
     cba:	a1 f4       	brne	.+40     	; 0xce4 <GPIO_setupPinDirection+0x19e>
			{
				SET_BIT(GPIO_DDRD_REG.Byte,pin_num);
     cbc:	a1 e3       	ldi	r26, 0x31	; 49
     cbe:	b0 e0       	ldi	r27, 0x00	; 0
     cc0:	e1 e3       	ldi	r30, 0x31	; 49
     cc2:	f0 e0       	ldi	r31, 0x00	; 0
     cc4:	80 81       	ld	r24, Z
     cc6:	48 2f       	mov	r20, r24
     cc8:	8a 81       	ldd	r24, Y+2	; 0x02
     cca:	28 2f       	mov	r18, r24
     ccc:	30 e0       	ldi	r19, 0x00	; 0
     cce:	81 e0       	ldi	r24, 0x01	; 1
     cd0:	90 e0       	ldi	r25, 0x00	; 0
     cd2:	02 2e       	mov	r0, r18
     cd4:	02 c0       	rjmp	.+4      	; 0xcda <GPIO_setupPinDirection+0x194>
     cd6:	88 0f       	add	r24, r24
     cd8:	99 1f       	adc	r25, r25
     cda:	0a 94       	dec	r0
     cdc:	e2 f7       	brpl	.-8      	; 0xcd6 <GPIO_setupPinDirection+0x190>
     cde:	84 2b       	or	r24, r20
     ce0:	8c 93       	st	X, r24
     ce2:	14 c0       	rjmp	.+40     	; 0xd0c <GPIO_setupPinDirection+0x1c6>
			}
			else
			{
				CLEAR_BIT(GPIO_DDRD_REG.Byte,pin_num);
     ce4:	a1 e3       	ldi	r26, 0x31	; 49
     ce6:	b0 e0       	ldi	r27, 0x00	; 0
     ce8:	e1 e3       	ldi	r30, 0x31	; 49
     cea:	f0 e0       	ldi	r31, 0x00	; 0
     cec:	80 81       	ld	r24, Z
     cee:	48 2f       	mov	r20, r24
     cf0:	8a 81       	ldd	r24, Y+2	; 0x02
     cf2:	28 2f       	mov	r18, r24
     cf4:	30 e0       	ldi	r19, 0x00	; 0
     cf6:	81 e0       	ldi	r24, 0x01	; 1
     cf8:	90 e0       	ldi	r25, 0x00	; 0
     cfa:	02 2e       	mov	r0, r18
     cfc:	02 c0       	rjmp	.+4      	; 0xd02 <GPIO_setupPinDirection+0x1bc>
     cfe:	88 0f       	add	r24, r24
     d00:	99 1f       	adc	r25, r25
     d02:	0a 94       	dec	r0
     d04:	e2 f7       	brpl	.-8      	; 0xcfe <GPIO_setupPinDirection+0x1b8>
     d06:	80 95       	com	r24
     d08:	84 23       	and	r24, r20
     d0a:	8c 93       	st	X, r24
			}
			break;
		}
	}
}
     d0c:	0f 90       	pop	r0
     d0e:	0f 90       	pop	r0
     d10:	0f 90       	pop	r0
     d12:	0f 90       	pop	r0
     d14:	0f 90       	pop	r0
     d16:	cf 91       	pop	r28
     d18:	df 91       	pop	r29
     d1a:	08 95       	ret

00000d1c <GPIO_writePin>:
 * Write the value Logic High or Logic Low on the required pin.
 * If the input port number or pin number are not correct, The function will not handle the request.
 * If the pin is input, this function will enable/disable the internal pull-up resistor.
 */
void GPIO_writePin(uint8 port_num, uint8 pin_num, uint8 value)
{
     d1c:	df 93       	push	r29
     d1e:	cf 93       	push	r28
     d20:	00 d0       	rcall	.+0      	; 0xd22 <GPIO_writePin+0x6>
     d22:	00 d0       	rcall	.+0      	; 0xd24 <GPIO_writePin+0x8>
     d24:	0f 92       	push	r0
     d26:	cd b7       	in	r28, 0x3d	; 61
     d28:	de b7       	in	r29, 0x3e	; 62
     d2a:	89 83       	std	Y+1, r24	; 0x01
     d2c:	6a 83       	std	Y+2, r22	; 0x02
     d2e:	4b 83       	std	Y+3, r20	; 0x03
	/*
	 * Check if the input port number is greater than NUM_OF_PINS_PER_PORT value.
	 * Or if the input pin number is greater than NUM_OF_PINS_PER_PORT value.
	 * In this case the input is not valid port/pin number
	 */
	if((pin_num >= NUM_OF_PINS_PER_PORT) || (port_num >= NUM_OF_PORTS))
     d30:	8a 81       	ldd	r24, Y+2	; 0x02
     d32:	88 30       	cpi	r24, 0x08	; 8
     d34:	08 f0       	brcs	.+2      	; 0xd38 <GPIO_writePin+0x1c>
     d36:	d5 c0       	rjmp	.+426    	; 0xee2 <GPIO_writePin+0x1c6>
     d38:	89 81       	ldd	r24, Y+1	; 0x01
     d3a:	84 30       	cpi	r24, 0x04	; 4
     d3c:	08 f0       	brcs	.+2      	; 0xd40 <GPIO_writePin+0x24>
     d3e:	d1 c0       	rjmp	.+418    	; 0xee2 <GPIO_writePin+0x1c6>
		/* Do Nothing */
	}
	else
	{
		/* Write the pin value as required */
		switch(port_num)
     d40:	89 81       	ldd	r24, Y+1	; 0x01
     d42:	28 2f       	mov	r18, r24
     d44:	30 e0       	ldi	r19, 0x00	; 0
     d46:	3d 83       	std	Y+5, r19	; 0x05
     d48:	2c 83       	std	Y+4, r18	; 0x04
     d4a:	8c 81       	ldd	r24, Y+4	; 0x04
     d4c:	9d 81       	ldd	r25, Y+5	; 0x05
     d4e:	81 30       	cpi	r24, 0x01	; 1
     d50:	91 05       	cpc	r25, r1
     d52:	09 f4       	brne	.+2      	; 0xd56 <GPIO_writePin+0x3a>
     d54:	43 c0       	rjmp	.+134    	; 0xddc <GPIO_writePin+0xc0>
     d56:	2c 81       	ldd	r18, Y+4	; 0x04
     d58:	3d 81       	ldd	r19, Y+5	; 0x05
     d5a:	22 30       	cpi	r18, 0x02	; 2
     d5c:	31 05       	cpc	r19, r1
     d5e:	2c f4       	brge	.+10     	; 0xd6a <GPIO_writePin+0x4e>
     d60:	8c 81       	ldd	r24, Y+4	; 0x04
     d62:	9d 81       	ldd	r25, Y+5	; 0x05
     d64:	00 97       	sbiw	r24, 0x00	; 0
     d66:	71 f0       	breq	.+28     	; 0xd84 <GPIO_writePin+0x68>
     d68:	bc c0       	rjmp	.+376    	; 0xee2 <GPIO_writePin+0x1c6>
     d6a:	2c 81       	ldd	r18, Y+4	; 0x04
     d6c:	3d 81       	ldd	r19, Y+5	; 0x05
     d6e:	22 30       	cpi	r18, 0x02	; 2
     d70:	31 05       	cpc	r19, r1
     d72:	09 f4       	brne	.+2      	; 0xd76 <GPIO_writePin+0x5a>
     d74:	5f c0       	rjmp	.+190    	; 0xe34 <GPIO_writePin+0x118>
     d76:	8c 81       	ldd	r24, Y+4	; 0x04
     d78:	9d 81       	ldd	r25, Y+5	; 0x05
     d7a:	83 30       	cpi	r24, 0x03	; 3
     d7c:	91 05       	cpc	r25, r1
     d7e:	09 f4       	brne	.+2      	; 0xd82 <GPIO_writePin+0x66>
     d80:	85 c0       	rjmp	.+266    	; 0xe8c <GPIO_writePin+0x170>
     d82:	af c0       	rjmp	.+350    	; 0xee2 <GPIO_writePin+0x1c6>
		{
		case PORTA_ID:
			if(value == LOGIC_HIGH)
     d84:	8b 81       	ldd	r24, Y+3	; 0x03
     d86:	81 30       	cpi	r24, 0x01	; 1
     d88:	a1 f4       	brne	.+40     	; 0xdb2 <GPIO_writePin+0x96>
			{
				SET_BIT(GPIO_PORTA_REG.Byte,pin_num);
     d8a:	ab e3       	ldi	r26, 0x3B	; 59
     d8c:	b0 e0       	ldi	r27, 0x00	; 0
     d8e:	eb e3       	ldi	r30, 0x3B	; 59
     d90:	f0 e0       	ldi	r31, 0x00	; 0
     d92:	80 81       	ld	r24, Z
     d94:	48 2f       	mov	r20, r24
     d96:	8a 81       	ldd	r24, Y+2	; 0x02
     d98:	28 2f       	mov	r18, r24
     d9a:	30 e0       	ldi	r19, 0x00	; 0
     d9c:	81 e0       	ldi	r24, 0x01	; 1
     d9e:	90 e0       	ldi	r25, 0x00	; 0
     da0:	02 2e       	mov	r0, r18
     da2:	02 c0       	rjmp	.+4      	; 0xda8 <GPIO_writePin+0x8c>
     da4:	88 0f       	add	r24, r24
     da6:	99 1f       	adc	r25, r25
     da8:	0a 94       	dec	r0
     daa:	e2 f7       	brpl	.-8      	; 0xda4 <GPIO_writePin+0x88>
     dac:	84 2b       	or	r24, r20
     dae:	8c 93       	st	X, r24
     db0:	98 c0       	rjmp	.+304    	; 0xee2 <GPIO_writePin+0x1c6>
			}
			else
			{
				CLEAR_BIT(GPIO_PORTA_REG.Byte,pin_num);
     db2:	ab e3       	ldi	r26, 0x3B	; 59
     db4:	b0 e0       	ldi	r27, 0x00	; 0
     db6:	eb e3       	ldi	r30, 0x3B	; 59
     db8:	f0 e0       	ldi	r31, 0x00	; 0
     dba:	80 81       	ld	r24, Z
     dbc:	48 2f       	mov	r20, r24
     dbe:	8a 81       	ldd	r24, Y+2	; 0x02
     dc0:	28 2f       	mov	r18, r24
     dc2:	30 e0       	ldi	r19, 0x00	; 0
     dc4:	81 e0       	ldi	r24, 0x01	; 1
     dc6:	90 e0       	ldi	r25, 0x00	; 0
     dc8:	02 2e       	mov	r0, r18
     dca:	02 c0       	rjmp	.+4      	; 0xdd0 <GPIO_writePin+0xb4>
     dcc:	88 0f       	add	r24, r24
     dce:	99 1f       	adc	r25, r25
     dd0:	0a 94       	dec	r0
     dd2:	e2 f7       	brpl	.-8      	; 0xdcc <GPIO_writePin+0xb0>
     dd4:	80 95       	com	r24
     dd6:	84 23       	and	r24, r20
     dd8:	8c 93       	st	X, r24
     dda:	83 c0       	rjmp	.+262    	; 0xee2 <GPIO_writePin+0x1c6>
			}
			break;
		case PORTB_ID:
			if(value == LOGIC_HIGH)
     ddc:	8b 81       	ldd	r24, Y+3	; 0x03
     dde:	81 30       	cpi	r24, 0x01	; 1
     de0:	a1 f4       	brne	.+40     	; 0xe0a <GPIO_writePin+0xee>
			{
				SET_BIT(GPIO_PORTB_REG.Byte,pin_num);
     de2:	a8 e3       	ldi	r26, 0x38	; 56
     de4:	b0 e0       	ldi	r27, 0x00	; 0
     de6:	e8 e3       	ldi	r30, 0x38	; 56
     de8:	f0 e0       	ldi	r31, 0x00	; 0
     dea:	80 81       	ld	r24, Z
     dec:	48 2f       	mov	r20, r24
     dee:	8a 81       	ldd	r24, Y+2	; 0x02
     df0:	28 2f       	mov	r18, r24
     df2:	30 e0       	ldi	r19, 0x00	; 0
     df4:	81 e0       	ldi	r24, 0x01	; 1
     df6:	90 e0       	ldi	r25, 0x00	; 0
     df8:	02 2e       	mov	r0, r18
     dfa:	02 c0       	rjmp	.+4      	; 0xe00 <GPIO_writePin+0xe4>
     dfc:	88 0f       	add	r24, r24
     dfe:	99 1f       	adc	r25, r25
     e00:	0a 94       	dec	r0
     e02:	e2 f7       	brpl	.-8      	; 0xdfc <GPIO_writePin+0xe0>
     e04:	84 2b       	or	r24, r20
     e06:	8c 93       	st	X, r24
     e08:	6c c0       	rjmp	.+216    	; 0xee2 <GPIO_writePin+0x1c6>
			}
			else
			{
				CLEAR_BIT(GPIO_PORTB_REG.Byte,pin_num);
     e0a:	a8 e3       	ldi	r26, 0x38	; 56
     e0c:	b0 e0       	ldi	r27, 0x00	; 0
     e0e:	e8 e3       	ldi	r30, 0x38	; 56
     e10:	f0 e0       	ldi	r31, 0x00	; 0
     e12:	80 81       	ld	r24, Z
     e14:	48 2f       	mov	r20, r24
     e16:	8a 81       	ldd	r24, Y+2	; 0x02
     e18:	28 2f       	mov	r18, r24
     e1a:	30 e0       	ldi	r19, 0x00	; 0
     e1c:	81 e0       	ldi	r24, 0x01	; 1
     e1e:	90 e0       	ldi	r25, 0x00	; 0
     e20:	02 2e       	mov	r0, r18
     e22:	02 c0       	rjmp	.+4      	; 0xe28 <GPIO_writePin+0x10c>
     e24:	88 0f       	add	r24, r24
     e26:	99 1f       	adc	r25, r25
     e28:	0a 94       	dec	r0
     e2a:	e2 f7       	brpl	.-8      	; 0xe24 <GPIO_writePin+0x108>
     e2c:	80 95       	com	r24
     e2e:	84 23       	and	r24, r20
     e30:	8c 93       	st	X, r24
     e32:	57 c0       	rjmp	.+174    	; 0xee2 <GPIO_writePin+0x1c6>
			}
			break;
		case PORTC_ID:
			if(value == LOGIC_HIGH)
     e34:	8b 81       	ldd	r24, Y+3	; 0x03
     e36:	81 30       	cpi	r24, 0x01	; 1
     e38:	a1 f4       	brne	.+40     	; 0xe62 <GPIO_writePin+0x146>
			{
				SET_BIT(GPIO_PORTC_REG.Byte,pin_num);
     e3a:	a5 e3       	ldi	r26, 0x35	; 53
     e3c:	b0 e0       	ldi	r27, 0x00	; 0
     e3e:	e5 e3       	ldi	r30, 0x35	; 53
     e40:	f0 e0       	ldi	r31, 0x00	; 0
     e42:	80 81       	ld	r24, Z
     e44:	48 2f       	mov	r20, r24
     e46:	8a 81       	ldd	r24, Y+2	; 0x02
     e48:	28 2f       	mov	r18, r24
     e4a:	30 e0       	ldi	r19, 0x00	; 0
     e4c:	81 e0       	ldi	r24, 0x01	; 1
     e4e:	90 e0       	ldi	r25, 0x00	; 0
     e50:	02 2e       	mov	r0, r18
     e52:	02 c0       	rjmp	.+4      	; 0xe58 <GPIO_writePin+0x13c>
     e54:	88 0f       	add	r24, r24
     e56:	99 1f       	adc	r25, r25
     e58:	0a 94       	dec	r0
     e5a:	e2 f7       	brpl	.-8      	; 0xe54 <GPIO_writePin+0x138>
     e5c:	84 2b       	or	r24, r20
     e5e:	8c 93       	st	X, r24
     e60:	40 c0       	rjmp	.+128    	; 0xee2 <GPIO_writePin+0x1c6>
			}
			else
			{
				CLEAR_BIT(GPIO_PORTC_REG.Byte,pin_num);
     e62:	a5 e3       	ldi	r26, 0x35	; 53
     e64:	b0 e0       	ldi	r27, 0x00	; 0
     e66:	e5 e3       	ldi	r30, 0x35	; 53
     e68:	f0 e0       	ldi	r31, 0x00	; 0
     e6a:	80 81       	ld	r24, Z
     e6c:	48 2f       	mov	r20, r24
     e6e:	8a 81       	ldd	r24, Y+2	; 0x02
     e70:	28 2f       	mov	r18, r24
     e72:	30 e0       	ldi	r19, 0x00	; 0
     e74:	81 e0       	ldi	r24, 0x01	; 1
     e76:	90 e0       	ldi	r25, 0x00	; 0
     e78:	02 2e       	mov	r0, r18
     e7a:	02 c0       	rjmp	.+4      	; 0xe80 <GPIO_writePin+0x164>
     e7c:	88 0f       	add	r24, r24
     e7e:	99 1f       	adc	r25, r25
     e80:	0a 94       	dec	r0
     e82:	e2 f7       	brpl	.-8      	; 0xe7c <GPIO_writePin+0x160>
     e84:	80 95       	com	r24
     e86:	84 23       	and	r24, r20
     e88:	8c 93       	st	X, r24
     e8a:	2b c0       	rjmp	.+86     	; 0xee2 <GPIO_writePin+0x1c6>
			}
			break;
		case PORTD_ID:
			if(value == LOGIC_HIGH)
     e8c:	8b 81       	ldd	r24, Y+3	; 0x03
     e8e:	81 30       	cpi	r24, 0x01	; 1
     e90:	a1 f4       	brne	.+40     	; 0xeba <GPIO_writePin+0x19e>
			{
				SET_BIT(GPIO_PORTD_REG.Byte,pin_num);
     e92:	a2 e3       	ldi	r26, 0x32	; 50
     e94:	b0 e0       	ldi	r27, 0x00	; 0
     e96:	e2 e3       	ldi	r30, 0x32	; 50
     e98:	f0 e0       	ldi	r31, 0x00	; 0
     e9a:	80 81       	ld	r24, Z
     e9c:	48 2f       	mov	r20, r24
     e9e:	8a 81       	ldd	r24, Y+2	; 0x02
     ea0:	28 2f       	mov	r18, r24
     ea2:	30 e0       	ldi	r19, 0x00	; 0
     ea4:	81 e0       	ldi	r24, 0x01	; 1
     ea6:	90 e0       	ldi	r25, 0x00	; 0
     ea8:	02 2e       	mov	r0, r18
     eaa:	02 c0       	rjmp	.+4      	; 0xeb0 <GPIO_writePin+0x194>
     eac:	88 0f       	add	r24, r24
     eae:	99 1f       	adc	r25, r25
     eb0:	0a 94       	dec	r0
     eb2:	e2 f7       	brpl	.-8      	; 0xeac <GPIO_writePin+0x190>
     eb4:	84 2b       	or	r24, r20
     eb6:	8c 93       	st	X, r24
     eb8:	14 c0       	rjmp	.+40     	; 0xee2 <GPIO_writePin+0x1c6>
			}
			else
			{
				CLEAR_BIT(GPIO_PORTD_REG.Byte,pin_num);
     eba:	a2 e3       	ldi	r26, 0x32	; 50
     ebc:	b0 e0       	ldi	r27, 0x00	; 0
     ebe:	e2 e3       	ldi	r30, 0x32	; 50
     ec0:	f0 e0       	ldi	r31, 0x00	; 0
     ec2:	80 81       	ld	r24, Z
     ec4:	48 2f       	mov	r20, r24
     ec6:	8a 81       	ldd	r24, Y+2	; 0x02
     ec8:	28 2f       	mov	r18, r24
     eca:	30 e0       	ldi	r19, 0x00	; 0
     ecc:	81 e0       	ldi	r24, 0x01	; 1
     ece:	90 e0       	ldi	r25, 0x00	; 0
     ed0:	02 2e       	mov	r0, r18
     ed2:	02 c0       	rjmp	.+4      	; 0xed8 <GPIO_writePin+0x1bc>
     ed4:	88 0f       	add	r24, r24
     ed6:	99 1f       	adc	r25, r25
     ed8:	0a 94       	dec	r0
     eda:	e2 f7       	brpl	.-8      	; 0xed4 <GPIO_writePin+0x1b8>
     edc:	80 95       	com	r24
     ede:	84 23       	and	r24, r20
     ee0:	8c 93       	st	X, r24
			}
			break;
		}
	}
}
     ee2:	0f 90       	pop	r0
     ee4:	0f 90       	pop	r0
     ee6:	0f 90       	pop	r0
     ee8:	0f 90       	pop	r0
     eea:	0f 90       	pop	r0
     eec:	cf 91       	pop	r28
     eee:	df 91       	pop	r29
     ef0:	08 95       	ret

00000ef2 <GPIO_readPin>:
 * Description :
 * Read and return the value for the required pin, it should be Logic High or Logic Low.
 * If the input port number or pin number are not correct, The function will return Logic Low.
 */
uint8 GPIO_readPin(uint8 port_num, uint8 pin_num)
{
     ef2:	df 93       	push	r29
     ef4:	cf 93       	push	r28
     ef6:	00 d0       	rcall	.+0      	; 0xef8 <GPIO_readPin+0x6>
     ef8:	00 d0       	rcall	.+0      	; 0xefa <GPIO_readPin+0x8>
     efa:	0f 92       	push	r0
     efc:	cd b7       	in	r28, 0x3d	; 61
     efe:	de b7       	in	r29, 0x3e	; 62
     f00:	8a 83       	std	Y+2, r24	; 0x02
     f02:	6b 83       	std	Y+3, r22	; 0x03
	uint8 pin_value = LOGIC_LOW;
     f04:	19 82       	std	Y+1, r1	; 0x01
	/*
	 * Check if the input port number is greater than NUM_OF_PINS_PER_PORT value.
	 * Or if the input pin number is greater than NUM_OF_PINS_PER_PORT value.
	 * In this case the input is not valid port/pin number
	 */
	if((pin_num >= NUM_OF_PINS_PER_PORT) || (port_num >= NUM_OF_PORTS))
     f06:	8b 81       	ldd	r24, Y+3	; 0x03
     f08:	88 30       	cpi	r24, 0x08	; 8
     f0a:	08 f0       	brcs	.+2      	; 0xf0e <GPIO_readPin+0x1c>
     f0c:	84 c0       	rjmp	.+264    	; 0x1016 <GPIO_readPin+0x124>
     f0e:	8a 81       	ldd	r24, Y+2	; 0x02
     f10:	84 30       	cpi	r24, 0x04	; 4
     f12:	08 f0       	brcs	.+2      	; 0xf16 <GPIO_readPin+0x24>
     f14:	80 c0       	rjmp	.+256    	; 0x1016 <GPIO_readPin+0x124>
		/* Do Nothing */
	}
	else
	{
		/* Read the pin value as required */
		switch(port_num)
     f16:	8a 81       	ldd	r24, Y+2	; 0x02
     f18:	28 2f       	mov	r18, r24
     f1a:	30 e0       	ldi	r19, 0x00	; 0
     f1c:	3d 83       	std	Y+5, r19	; 0x05
     f1e:	2c 83       	std	Y+4, r18	; 0x04
     f20:	4c 81       	ldd	r20, Y+4	; 0x04
     f22:	5d 81       	ldd	r21, Y+5	; 0x05
     f24:	41 30       	cpi	r20, 0x01	; 1
     f26:	51 05       	cpc	r21, r1
     f28:	79 f1       	breq	.+94     	; 0xf88 <GPIO_readPin+0x96>
     f2a:	8c 81       	ldd	r24, Y+4	; 0x04
     f2c:	9d 81       	ldd	r25, Y+5	; 0x05
     f2e:	82 30       	cpi	r24, 0x02	; 2
     f30:	91 05       	cpc	r25, r1
     f32:	34 f4       	brge	.+12     	; 0xf40 <GPIO_readPin+0x4e>
     f34:	2c 81       	ldd	r18, Y+4	; 0x04
     f36:	3d 81       	ldd	r19, Y+5	; 0x05
     f38:	21 15       	cp	r18, r1
     f3a:	31 05       	cpc	r19, r1
     f3c:	69 f0       	breq	.+26     	; 0xf58 <GPIO_readPin+0x66>
     f3e:	6b c0       	rjmp	.+214    	; 0x1016 <GPIO_readPin+0x124>
     f40:	4c 81       	ldd	r20, Y+4	; 0x04
     f42:	5d 81       	ldd	r21, Y+5	; 0x05
     f44:	42 30       	cpi	r20, 0x02	; 2
     f46:	51 05       	cpc	r21, r1
     f48:	b9 f1       	breq	.+110    	; 0xfb8 <GPIO_readPin+0xc6>
     f4a:	8c 81       	ldd	r24, Y+4	; 0x04
     f4c:	9d 81       	ldd	r25, Y+5	; 0x05
     f4e:	83 30       	cpi	r24, 0x03	; 3
     f50:	91 05       	cpc	r25, r1
     f52:	09 f4       	brne	.+2      	; 0xf56 <GPIO_readPin+0x64>
     f54:	49 c0       	rjmp	.+146    	; 0xfe8 <GPIO_readPin+0xf6>
     f56:	5f c0       	rjmp	.+190    	; 0x1016 <GPIO_readPin+0x124>
		{
		case PORTA_ID:
			if(BIT_IS_SET(GPIO_PINA_REG.Byte,pin_num))
     f58:	e9 e3       	ldi	r30, 0x39	; 57
     f5a:	f0 e0       	ldi	r31, 0x00	; 0
     f5c:	80 81       	ld	r24, Z
     f5e:	28 2f       	mov	r18, r24
     f60:	30 e0       	ldi	r19, 0x00	; 0
     f62:	8b 81       	ldd	r24, Y+3	; 0x03
     f64:	88 2f       	mov	r24, r24
     f66:	90 e0       	ldi	r25, 0x00	; 0
     f68:	a9 01       	movw	r20, r18
     f6a:	02 c0       	rjmp	.+4      	; 0xf70 <GPIO_readPin+0x7e>
     f6c:	55 95       	asr	r21
     f6e:	47 95       	ror	r20
     f70:	8a 95       	dec	r24
     f72:	e2 f7       	brpl	.-8      	; 0xf6c <GPIO_readPin+0x7a>
     f74:	ca 01       	movw	r24, r20
     f76:	81 70       	andi	r24, 0x01	; 1
     f78:	90 70       	andi	r25, 0x00	; 0
     f7a:	88 23       	and	r24, r24
     f7c:	19 f0       	breq	.+6      	; 0xf84 <GPIO_readPin+0x92>
			{
				pin_value = LOGIC_HIGH;
     f7e:	81 e0       	ldi	r24, 0x01	; 1
     f80:	89 83       	std	Y+1, r24	; 0x01
     f82:	49 c0       	rjmp	.+146    	; 0x1016 <GPIO_readPin+0x124>
			}
			else
			{
				pin_value = LOGIC_LOW;
     f84:	19 82       	std	Y+1, r1	; 0x01
     f86:	47 c0       	rjmp	.+142    	; 0x1016 <GPIO_readPin+0x124>
			}
			break;
		case PORTB_ID:
			if(BIT_IS_SET(GPIO_PINB_REG.Byte,pin_num))
     f88:	e6 e3       	ldi	r30, 0x36	; 54
     f8a:	f0 e0       	ldi	r31, 0x00	; 0
     f8c:	80 81       	ld	r24, Z
     f8e:	28 2f       	mov	r18, r24
     f90:	30 e0       	ldi	r19, 0x00	; 0
     f92:	8b 81       	ldd	r24, Y+3	; 0x03
     f94:	88 2f       	mov	r24, r24
     f96:	90 e0       	ldi	r25, 0x00	; 0
     f98:	a9 01       	movw	r20, r18
     f9a:	02 c0       	rjmp	.+4      	; 0xfa0 <GPIO_readPin+0xae>
     f9c:	55 95       	asr	r21
     f9e:	47 95       	ror	r20
     fa0:	8a 95       	dec	r24
     fa2:	e2 f7       	brpl	.-8      	; 0xf9c <GPIO_readPin+0xaa>
     fa4:	ca 01       	movw	r24, r20
     fa6:	81 70       	andi	r24, 0x01	; 1
     fa8:	90 70       	andi	r25, 0x00	; 0
     faa:	88 23       	and	r24, r24
     fac:	19 f0       	breq	.+6      	; 0xfb4 <GPIO_readPin+0xc2>
			{
				pin_value = LOGIC_HIGH;
     fae:	81 e0       	ldi	r24, 0x01	; 1
     fb0:	89 83       	std	Y+1, r24	; 0x01
     fb2:	31 c0       	rjmp	.+98     	; 0x1016 <GPIO_readPin+0x124>
			}
			else
			{
				pin_value = LOGIC_LOW;
     fb4:	19 82       	std	Y+1, r1	; 0x01
     fb6:	2f c0       	rjmp	.+94     	; 0x1016 <GPIO_readPin+0x124>
			}
			break;
		case PORTC_ID:
			if(BIT_IS_SET(GPIO_PINC_REG.Byte,pin_num))
     fb8:	e3 e3       	ldi	r30, 0x33	; 51
     fba:	f0 e0       	ldi	r31, 0x00	; 0
     fbc:	80 81       	ld	r24, Z
     fbe:	28 2f       	mov	r18, r24
     fc0:	30 e0       	ldi	r19, 0x00	; 0
     fc2:	8b 81       	ldd	r24, Y+3	; 0x03
     fc4:	88 2f       	mov	r24, r24
     fc6:	90 e0       	ldi	r25, 0x00	; 0
     fc8:	a9 01       	movw	r20, r18
     fca:	02 c0       	rjmp	.+4      	; 0xfd0 <GPIO_readPin+0xde>
     fcc:	55 95       	asr	r21
     fce:	47 95       	ror	r20
     fd0:	8a 95       	dec	r24
     fd2:	e2 f7       	brpl	.-8      	; 0xfcc <GPIO_readPin+0xda>
     fd4:	ca 01       	movw	r24, r20
     fd6:	81 70       	andi	r24, 0x01	; 1
     fd8:	90 70       	andi	r25, 0x00	; 0
     fda:	88 23       	and	r24, r24
     fdc:	19 f0       	breq	.+6      	; 0xfe4 <GPIO_readPin+0xf2>
			{
				pin_value = LOGIC_HIGH;
     fde:	81 e0       	ldi	r24, 0x01	; 1
     fe0:	89 83       	std	Y+1, r24	; 0x01
     fe2:	19 c0       	rjmp	.+50     	; 0x1016 <GPIO_readPin+0x124>
			}
			else
			{
				pin_value = LOGIC_LOW;
     fe4:	19 82       	std	Y+1, r1	; 0x01
     fe6:	17 c0       	rjmp	.+46     	; 0x1016 <GPIO_readPin+0x124>
			}
			break;
		case PORTD_ID:
			if(BIT_IS_SET(GPIO_PIND_REG.Byte,pin_num))
     fe8:	e0 e3       	ldi	r30, 0x30	; 48
     fea:	f0 e0       	ldi	r31, 0x00	; 0
     fec:	80 81       	ld	r24, Z
     fee:	28 2f       	mov	r18, r24
     ff0:	30 e0       	ldi	r19, 0x00	; 0
     ff2:	8b 81       	ldd	r24, Y+3	; 0x03
     ff4:	88 2f       	mov	r24, r24
     ff6:	90 e0       	ldi	r25, 0x00	; 0
     ff8:	a9 01       	movw	r20, r18
     ffa:	02 c0       	rjmp	.+4      	; 0x1000 <GPIO_readPin+0x10e>
     ffc:	55 95       	asr	r21
     ffe:	47 95       	ror	r20
    1000:	8a 95       	dec	r24
    1002:	e2 f7       	brpl	.-8      	; 0xffc <GPIO_readPin+0x10a>
    1004:	ca 01       	movw	r24, r20
    1006:	81 70       	andi	r24, 0x01	; 1
    1008:	90 70       	andi	r25, 0x00	; 0
    100a:	88 23       	and	r24, r24
    100c:	19 f0       	breq	.+6      	; 0x1014 <GPIO_readPin+0x122>
			{
				pin_value = LOGIC_HIGH;
    100e:	81 e0       	ldi	r24, 0x01	; 1
    1010:	89 83       	std	Y+1, r24	; 0x01
    1012:	01 c0       	rjmp	.+2      	; 0x1016 <GPIO_readPin+0x124>
			}
			else
			{
				pin_value = LOGIC_LOW;
    1014:	19 82       	std	Y+1, r1	; 0x01
			}
			break;
		}
	}

	return pin_value;
    1016:	89 81       	ldd	r24, Y+1	; 0x01
}
    1018:	0f 90       	pop	r0
    101a:	0f 90       	pop	r0
    101c:	0f 90       	pop	r0
    101e:	0f 90       	pop	r0
    1020:	0f 90       	pop	r0
    1022:	cf 91       	pop	r28
    1024:	df 91       	pop	r29
    1026:	08 95       	ret

00001028 <GPIO_togglePin>:

void GPIO_togglePin(uint8 port_num, uint8 pin_num)
{
    1028:	df 93       	push	r29
    102a:	cf 93       	push	r28
    102c:	00 d0       	rcall	.+0      	; 0x102e <GPIO_togglePin+0x6>
    102e:	00 d0       	rcall	.+0      	; 0x1030 <GPIO_togglePin+0x8>
    1030:	cd b7       	in	r28, 0x3d	; 61
    1032:	de b7       	in	r29, 0x3e	; 62
    1034:	89 83       	std	Y+1, r24	; 0x01
    1036:	6a 83       	std	Y+2, r22	; 0x02
	/*
	 * Check if the input port number is greater than NUM_OF_PINS_PER_PORT value.
	 * Or if the input pin number is greater than NUM_OF_PINS_PER_PORT value.
	 * In this case the input is not valid port/pin number
	 */
	if((pin_num >= NUM_OF_PINS_PER_PORT) || (port_num >= NUM_OF_PORTS))
    1038:	8a 81       	ldd	r24, Y+2	; 0x02
    103a:	88 30       	cpi	r24, 0x08	; 8
    103c:	08 f0       	brcs	.+2      	; 0x1040 <GPIO_togglePin+0x18>
    103e:	72 c0       	rjmp	.+228    	; 0x1124 <GPIO_togglePin+0xfc>
    1040:	89 81       	ldd	r24, Y+1	; 0x01
    1042:	84 30       	cpi	r24, 0x04	; 4
    1044:	08 f0       	brcs	.+2      	; 0x1048 <GPIO_togglePin+0x20>
    1046:	6e c0       	rjmp	.+220    	; 0x1124 <GPIO_togglePin+0xfc>
		/* Do Nothing */
	}
	else
	{
		/* toggle the pin value as required */
		switch(port_num)
    1048:	89 81       	ldd	r24, Y+1	; 0x01
    104a:	28 2f       	mov	r18, r24
    104c:	30 e0       	ldi	r19, 0x00	; 0
    104e:	3c 83       	std	Y+4, r19	; 0x04
    1050:	2b 83       	std	Y+3, r18	; 0x03
    1052:	8b 81       	ldd	r24, Y+3	; 0x03
    1054:	9c 81       	ldd	r25, Y+4	; 0x04
    1056:	81 30       	cpi	r24, 0x01	; 1
    1058:	91 05       	cpc	r25, r1
    105a:	49 f1       	breq	.+82     	; 0x10ae <GPIO_togglePin+0x86>
    105c:	2b 81       	ldd	r18, Y+3	; 0x03
    105e:	3c 81       	ldd	r19, Y+4	; 0x04
    1060:	22 30       	cpi	r18, 0x02	; 2
    1062:	31 05       	cpc	r19, r1
    1064:	2c f4       	brge	.+10     	; 0x1070 <GPIO_togglePin+0x48>
    1066:	8b 81       	ldd	r24, Y+3	; 0x03
    1068:	9c 81       	ldd	r25, Y+4	; 0x04
    106a:	00 97       	sbiw	r24, 0x00	; 0
    106c:	61 f0       	breq	.+24     	; 0x1086 <GPIO_togglePin+0x5e>
    106e:	5a c0       	rjmp	.+180    	; 0x1124 <GPIO_togglePin+0xfc>
    1070:	2b 81       	ldd	r18, Y+3	; 0x03
    1072:	3c 81       	ldd	r19, Y+4	; 0x04
    1074:	22 30       	cpi	r18, 0x02	; 2
    1076:	31 05       	cpc	r19, r1
    1078:	71 f1       	breq	.+92     	; 0x10d6 <GPIO_togglePin+0xae>
    107a:	8b 81       	ldd	r24, Y+3	; 0x03
    107c:	9c 81       	ldd	r25, Y+4	; 0x04
    107e:	83 30       	cpi	r24, 0x03	; 3
    1080:	91 05       	cpc	r25, r1
    1082:	e9 f1       	breq	.+122    	; 0x10fe <GPIO_togglePin+0xd6>
    1084:	4f c0       	rjmp	.+158    	; 0x1124 <GPIO_togglePin+0xfc>
		{
		case PORTA_ID:
			TOGGLE_BIT(GPIO_PORTA_REG.Byte,pin_num);
    1086:	ab e3       	ldi	r26, 0x3B	; 59
    1088:	b0 e0       	ldi	r27, 0x00	; 0
    108a:	eb e3       	ldi	r30, 0x3B	; 59
    108c:	f0 e0       	ldi	r31, 0x00	; 0
    108e:	80 81       	ld	r24, Z
    1090:	48 2f       	mov	r20, r24
    1092:	8a 81       	ldd	r24, Y+2	; 0x02
    1094:	28 2f       	mov	r18, r24
    1096:	30 e0       	ldi	r19, 0x00	; 0
    1098:	81 e0       	ldi	r24, 0x01	; 1
    109a:	90 e0       	ldi	r25, 0x00	; 0
    109c:	02 2e       	mov	r0, r18
    109e:	02 c0       	rjmp	.+4      	; 0x10a4 <GPIO_togglePin+0x7c>
    10a0:	88 0f       	add	r24, r24
    10a2:	99 1f       	adc	r25, r25
    10a4:	0a 94       	dec	r0
    10a6:	e2 f7       	brpl	.-8      	; 0x10a0 <GPIO_togglePin+0x78>
    10a8:	84 27       	eor	r24, r20
    10aa:	8c 93       	st	X, r24
    10ac:	3b c0       	rjmp	.+118    	; 0x1124 <GPIO_togglePin+0xfc>
			break;
		case PORTB_ID:
			TOGGLE_BIT(GPIO_PORTB_REG.Byte,pin_num);
    10ae:	a8 e3       	ldi	r26, 0x38	; 56
    10b0:	b0 e0       	ldi	r27, 0x00	; 0
    10b2:	e8 e3       	ldi	r30, 0x38	; 56
    10b4:	f0 e0       	ldi	r31, 0x00	; 0
    10b6:	80 81       	ld	r24, Z
    10b8:	48 2f       	mov	r20, r24
    10ba:	8a 81       	ldd	r24, Y+2	; 0x02
    10bc:	28 2f       	mov	r18, r24
    10be:	30 e0       	ldi	r19, 0x00	; 0
    10c0:	81 e0       	ldi	r24, 0x01	; 1
    10c2:	90 e0       	ldi	r25, 0x00	; 0
    10c4:	02 2e       	mov	r0, r18
    10c6:	02 c0       	rjmp	.+4      	; 0x10cc <GPIO_togglePin+0xa4>
    10c8:	88 0f       	add	r24, r24
    10ca:	99 1f       	adc	r25, r25
    10cc:	0a 94       	dec	r0
    10ce:	e2 f7       	brpl	.-8      	; 0x10c8 <GPIO_togglePin+0xa0>
    10d0:	84 27       	eor	r24, r20
    10d2:	8c 93       	st	X, r24
    10d4:	27 c0       	rjmp	.+78     	; 0x1124 <GPIO_togglePin+0xfc>
			break;
		case PORTC_ID:
			TOGGLE_BIT(GPIO_PORTC_REG.Byte,pin_num);
    10d6:	a5 e3       	ldi	r26, 0x35	; 53
    10d8:	b0 e0       	ldi	r27, 0x00	; 0
    10da:	e5 e3       	ldi	r30, 0x35	; 53
    10dc:	f0 e0       	ldi	r31, 0x00	; 0
    10de:	80 81       	ld	r24, Z
    10e0:	48 2f       	mov	r20, r24
    10e2:	8a 81       	ldd	r24, Y+2	; 0x02
    10e4:	28 2f       	mov	r18, r24
    10e6:	30 e0       	ldi	r19, 0x00	; 0
    10e8:	81 e0       	ldi	r24, 0x01	; 1
    10ea:	90 e0       	ldi	r25, 0x00	; 0
    10ec:	02 2e       	mov	r0, r18
    10ee:	02 c0       	rjmp	.+4      	; 0x10f4 <GPIO_togglePin+0xcc>
    10f0:	88 0f       	add	r24, r24
    10f2:	99 1f       	adc	r25, r25
    10f4:	0a 94       	dec	r0
    10f6:	e2 f7       	brpl	.-8      	; 0x10f0 <GPIO_togglePin+0xc8>
    10f8:	84 27       	eor	r24, r20
    10fa:	8c 93       	st	X, r24
    10fc:	13 c0       	rjmp	.+38     	; 0x1124 <GPIO_togglePin+0xfc>
			break;
		case PORTD_ID:
			TOGGLE_BIT(GPIO_PORTD_REG.Byte,pin_num);
    10fe:	a2 e3       	ldi	r26, 0x32	; 50
    1100:	b0 e0       	ldi	r27, 0x00	; 0
    1102:	e2 e3       	ldi	r30, 0x32	; 50
    1104:	f0 e0       	ldi	r31, 0x00	; 0
    1106:	80 81       	ld	r24, Z
    1108:	48 2f       	mov	r20, r24
    110a:	8a 81       	ldd	r24, Y+2	; 0x02
    110c:	28 2f       	mov	r18, r24
    110e:	30 e0       	ldi	r19, 0x00	; 0
    1110:	81 e0       	ldi	r24, 0x01	; 1
    1112:	90 e0       	ldi	r25, 0x00	; 0
    1114:	02 2e       	mov	r0, r18
    1116:	02 c0       	rjmp	.+4      	; 0x111c <GPIO_togglePin+0xf4>
    1118:	88 0f       	add	r24, r24
    111a:	99 1f       	adc	r25, r25
    111c:	0a 94       	dec	r0
    111e:	e2 f7       	brpl	.-8      	; 0x1118 <GPIO_togglePin+0xf0>
    1120:	84 27       	eor	r24, r20
    1122:	8c 93       	st	X, r24
			break;
		}
	}
}
    1124:	0f 90       	pop	r0
    1126:	0f 90       	pop	r0
    1128:	0f 90       	pop	r0
    112a:	0f 90       	pop	r0
    112c:	cf 91       	pop	r28
    112e:	df 91       	pop	r29
    1130:	08 95       	ret

00001132 <GPIO_setupPortDirection>:
 * If the direction value is PORT_INPUT all pins in this port should be input pins.
 * If the direction value is PORT_OUTPUT all pins in this port should be output pins.
 * If the input port number is not correct, The function will not handle the request.
 */
void GPIO_setupPortDirection(uint8 port_num, GPIO_PortDirectionType direction)
{
    1132:	df 93       	push	r29
    1134:	cf 93       	push	r28
    1136:	00 d0       	rcall	.+0      	; 0x1138 <GPIO_setupPortDirection+0x6>
    1138:	00 d0       	rcall	.+0      	; 0x113a <GPIO_setupPortDirection+0x8>
    113a:	cd b7       	in	r28, 0x3d	; 61
    113c:	de b7       	in	r29, 0x3e	; 62
    113e:	89 83       	std	Y+1, r24	; 0x01
    1140:	6a 83       	std	Y+2, r22	; 0x02
	/*
	 * Check if the input number is greater than NUM_OF_PORTS value.
	 * In this case the input is not valid port number
	 */
	if(port_num >= NUM_OF_PORTS)
    1142:	89 81       	ldd	r24, Y+1	; 0x01
    1144:	84 30       	cpi	r24, 0x04	; 4
    1146:	90 f5       	brcc	.+100    	; 0x11ac <GPIO_setupPortDirection+0x7a>
		/* Do Nothing */
	}
	else
	{
		/* Setup the port direction as required */
		switch(port_num)
    1148:	89 81       	ldd	r24, Y+1	; 0x01
    114a:	28 2f       	mov	r18, r24
    114c:	30 e0       	ldi	r19, 0x00	; 0
    114e:	3c 83       	std	Y+4, r19	; 0x04
    1150:	2b 83       	std	Y+3, r18	; 0x03
    1152:	8b 81       	ldd	r24, Y+3	; 0x03
    1154:	9c 81       	ldd	r25, Y+4	; 0x04
    1156:	81 30       	cpi	r24, 0x01	; 1
    1158:	91 05       	cpc	r25, r1
    115a:	d1 f0       	breq	.+52     	; 0x1190 <GPIO_setupPortDirection+0x5e>
    115c:	2b 81       	ldd	r18, Y+3	; 0x03
    115e:	3c 81       	ldd	r19, Y+4	; 0x04
    1160:	22 30       	cpi	r18, 0x02	; 2
    1162:	31 05       	cpc	r19, r1
    1164:	2c f4       	brge	.+10     	; 0x1170 <GPIO_setupPortDirection+0x3e>
    1166:	8b 81       	ldd	r24, Y+3	; 0x03
    1168:	9c 81       	ldd	r25, Y+4	; 0x04
    116a:	00 97       	sbiw	r24, 0x00	; 0
    116c:	61 f0       	breq	.+24     	; 0x1186 <GPIO_setupPortDirection+0x54>
    116e:	1e c0       	rjmp	.+60     	; 0x11ac <GPIO_setupPortDirection+0x7a>
    1170:	2b 81       	ldd	r18, Y+3	; 0x03
    1172:	3c 81       	ldd	r19, Y+4	; 0x04
    1174:	22 30       	cpi	r18, 0x02	; 2
    1176:	31 05       	cpc	r19, r1
    1178:	81 f0       	breq	.+32     	; 0x119a <GPIO_setupPortDirection+0x68>
    117a:	8b 81       	ldd	r24, Y+3	; 0x03
    117c:	9c 81       	ldd	r25, Y+4	; 0x04
    117e:	83 30       	cpi	r24, 0x03	; 3
    1180:	91 05       	cpc	r25, r1
    1182:	81 f0       	breq	.+32     	; 0x11a4 <GPIO_setupPortDirection+0x72>
    1184:	13 c0       	rjmp	.+38     	; 0x11ac <GPIO_setupPortDirection+0x7a>
		{
		case PORTA_ID:
			GPIO_DDRA_REG.Byte=direction;
    1186:	ea e3       	ldi	r30, 0x3A	; 58
    1188:	f0 e0       	ldi	r31, 0x00	; 0
    118a:	8a 81       	ldd	r24, Y+2	; 0x02
    118c:	80 83       	st	Z, r24
    118e:	0e c0       	rjmp	.+28     	; 0x11ac <GPIO_setupPortDirection+0x7a>
			break;
		case PORTB_ID:
			GPIO_DDRB_REG.Byte=direction;
    1190:	e7 e3       	ldi	r30, 0x37	; 55
    1192:	f0 e0       	ldi	r31, 0x00	; 0
    1194:	8a 81       	ldd	r24, Y+2	; 0x02
    1196:	80 83       	st	Z, r24
    1198:	09 c0       	rjmp	.+18     	; 0x11ac <GPIO_setupPortDirection+0x7a>
			break;
		case PORTC_ID:
			GPIO_DDRC_REG.Byte=direction;
    119a:	e4 e3       	ldi	r30, 0x34	; 52
    119c:	f0 e0       	ldi	r31, 0x00	; 0
    119e:	8a 81       	ldd	r24, Y+2	; 0x02
    11a0:	80 83       	st	Z, r24
    11a2:	04 c0       	rjmp	.+8      	; 0x11ac <GPIO_setupPortDirection+0x7a>
			break;
		case PORTD_ID:
			GPIO_DDRD_REG.Byte=direction;
    11a4:	e1 e3       	ldi	r30, 0x31	; 49
    11a6:	f0 e0       	ldi	r31, 0x00	; 0
    11a8:	8a 81       	ldd	r24, Y+2	; 0x02
    11aa:	80 83       	st	Z, r24
			break;
		}
	}
}
    11ac:	0f 90       	pop	r0
    11ae:	0f 90       	pop	r0
    11b0:	0f 90       	pop	r0
    11b2:	0f 90       	pop	r0
    11b4:	cf 91       	pop	r28
    11b6:	df 91       	pop	r29
    11b8:	08 95       	ret

000011ba <GPIO_writePort>:
 * If any pin in the port is output pin the value will be written.
 * If any pin in the port is input pin this will activate/deactivate the internal pull-up resistor.
 * If the input port number is not correct, The function will not handle the request.
 */
void GPIO_writePort(uint8 port_num, uint8 value)
{
    11ba:	df 93       	push	r29
    11bc:	cf 93       	push	r28
    11be:	00 d0       	rcall	.+0      	; 0x11c0 <GPIO_writePort+0x6>
    11c0:	00 d0       	rcall	.+0      	; 0x11c2 <GPIO_writePort+0x8>
    11c2:	cd b7       	in	r28, 0x3d	; 61
    11c4:	de b7       	in	r29, 0x3e	; 62
    11c6:	89 83       	std	Y+1, r24	; 0x01
    11c8:	6a 83       	std	Y+2, r22	; 0x02
	/*
	 * Check if the input number is greater than NUM_OF_PORTS value.
	 * In this case the input is not valid port number
	 */
	if(port_num >= NUM_OF_PORTS)
    11ca:	89 81       	ldd	r24, Y+1	; 0x01
    11cc:	84 30       	cpi	r24, 0x04	; 4
    11ce:	90 f5       	brcc	.+100    	; 0x1234 <GPIO_writePort+0x7a>
		/* Do Nothing */
	}
	else
	{
		/* Write the port value as required */
		switch(port_num)
    11d0:	89 81       	ldd	r24, Y+1	; 0x01
    11d2:	28 2f       	mov	r18, r24
    11d4:	30 e0       	ldi	r19, 0x00	; 0
    11d6:	3c 83       	std	Y+4, r19	; 0x04
    11d8:	2b 83       	std	Y+3, r18	; 0x03
    11da:	8b 81       	ldd	r24, Y+3	; 0x03
    11dc:	9c 81       	ldd	r25, Y+4	; 0x04
    11de:	81 30       	cpi	r24, 0x01	; 1
    11e0:	91 05       	cpc	r25, r1
    11e2:	d1 f0       	breq	.+52     	; 0x1218 <GPIO_writePort+0x5e>
    11e4:	2b 81       	ldd	r18, Y+3	; 0x03
    11e6:	3c 81       	ldd	r19, Y+4	; 0x04
    11e8:	22 30       	cpi	r18, 0x02	; 2
    11ea:	31 05       	cpc	r19, r1
    11ec:	2c f4       	brge	.+10     	; 0x11f8 <GPIO_writePort+0x3e>
    11ee:	8b 81       	ldd	r24, Y+3	; 0x03
    11f0:	9c 81       	ldd	r25, Y+4	; 0x04
    11f2:	00 97       	sbiw	r24, 0x00	; 0
    11f4:	61 f0       	breq	.+24     	; 0x120e <GPIO_writePort+0x54>
    11f6:	1e c0       	rjmp	.+60     	; 0x1234 <GPIO_writePort+0x7a>
    11f8:	2b 81       	ldd	r18, Y+3	; 0x03
    11fa:	3c 81       	ldd	r19, Y+4	; 0x04
    11fc:	22 30       	cpi	r18, 0x02	; 2
    11fe:	31 05       	cpc	r19, r1
    1200:	81 f0       	breq	.+32     	; 0x1222 <GPIO_writePort+0x68>
    1202:	8b 81       	ldd	r24, Y+3	; 0x03
    1204:	9c 81       	ldd	r25, Y+4	; 0x04
    1206:	83 30       	cpi	r24, 0x03	; 3
    1208:	91 05       	cpc	r25, r1
    120a:	81 f0       	breq	.+32     	; 0x122c <GPIO_writePort+0x72>
    120c:	13 c0       	rjmp	.+38     	; 0x1234 <GPIO_writePort+0x7a>
		{
		case PORTA_ID:
			GPIO_PORTA_REG.Byte = value;
    120e:	eb e3       	ldi	r30, 0x3B	; 59
    1210:	f0 e0       	ldi	r31, 0x00	; 0
    1212:	8a 81       	ldd	r24, Y+2	; 0x02
    1214:	80 83       	st	Z, r24
    1216:	0e c0       	rjmp	.+28     	; 0x1234 <GPIO_writePort+0x7a>
			break;
		case PORTB_ID:
			GPIO_PORTB_REG.Byte = value;
    1218:	e8 e3       	ldi	r30, 0x38	; 56
    121a:	f0 e0       	ldi	r31, 0x00	; 0
    121c:	8a 81       	ldd	r24, Y+2	; 0x02
    121e:	80 83       	st	Z, r24
    1220:	09 c0       	rjmp	.+18     	; 0x1234 <GPIO_writePort+0x7a>
			break;
		case PORTC_ID:
			GPIO_PORTC_REG.Byte = value;
    1222:	e5 e3       	ldi	r30, 0x35	; 53
    1224:	f0 e0       	ldi	r31, 0x00	; 0
    1226:	8a 81       	ldd	r24, Y+2	; 0x02
    1228:	80 83       	st	Z, r24
    122a:	04 c0       	rjmp	.+8      	; 0x1234 <GPIO_writePort+0x7a>
			break;
		case PORTD_ID:
			GPIO_PORTD_REG.Byte = value;
    122c:	e2 e3       	ldi	r30, 0x32	; 50
    122e:	f0 e0       	ldi	r31, 0x00	; 0
    1230:	8a 81       	ldd	r24, Y+2	; 0x02
    1232:	80 83       	st	Z, r24
			break;
		}
	}
}
    1234:	0f 90       	pop	r0
    1236:	0f 90       	pop	r0
    1238:	0f 90       	pop	r0
    123a:	0f 90       	pop	r0
    123c:	cf 91       	pop	r28
    123e:	df 91       	pop	r29
    1240:	08 95       	ret

00001242 <GPIO_readPort>:
 * Description :
 * Read and return the value of the required port.
 * If the input port number is not correct, The function will return ZERO value.
 */
uint8 GPIO_readPort(uint8 port_num)
{
    1242:	df 93       	push	r29
    1244:	cf 93       	push	r28
    1246:	00 d0       	rcall	.+0      	; 0x1248 <GPIO_readPort+0x6>
    1248:	00 d0       	rcall	.+0      	; 0x124a <GPIO_readPort+0x8>
    124a:	cd b7       	in	r28, 0x3d	; 61
    124c:	de b7       	in	r29, 0x3e	; 62
    124e:	8a 83       	std	Y+2, r24	; 0x02
	uint8 value = LOGIC_LOW;
    1250:	19 82       	std	Y+1, r1	; 0x01

	/*
	 * Check if the input number is greater than NUM_OF_PORTS value.
	 * In this case the input is not valid port number
	 */
	if(port_num >= NUM_OF_PORTS)
    1252:	8a 81       	ldd	r24, Y+2	; 0x02
    1254:	84 30       	cpi	r24, 0x04	; 4
    1256:	90 f5       	brcc	.+100    	; 0x12bc <GPIO_readPort+0x7a>
		/* Do Nothing */
	}
	else
	{
		/* Read the port value as required */
		switch(port_num)
    1258:	8a 81       	ldd	r24, Y+2	; 0x02
    125a:	28 2f       	mov	r18, r24
    125c:	30 e0       	ldi	r19, 0x00	; 0
    125e:	3c 83       	std	Y+4, r19	; 0x04
    1260:	2b 83       	std	Y+3, r18	; 0x03
    1262:	8b 81       	ldd	r24, Y+3	; 0x03
    1264:	9c 81       	ldd	r25, Y+4	; 0x04
    1266:	81 30       	cpi	r24, 0x01	; 1
    1268:	91 05       	cpc	r25, r1
    126a:	d1 f0       	breq	.+52     	; 0x12a0 <GPIO_readPort+0x5e>
    126c:	2b 81       	ldd	r18, Y+3	; 0x03
    126e:	3c 81       	ldd	r19, Y+4	; 0x04
    1270:	22 30       	cpi	r18, 0x02	; 2
    1272:	31 05       	cpc	r19, r1
    1274:	2c f4       	brge	.+10     	; 0x1280 <GPIO_readPort+0x3e>
    1276:	8b 81       	ldd	r24, Y+3	; 0x03
    1278:	9c 81       	ldd	r25, Y+4	; 0x04
    127a:	00 97       	sbiw	r24, 0x00	; 0
    127c:	61 f0       	breq	.+24     	; 0x1296 <GPIO_readPort+0x54>
    127e:	1e c0       	rjmp	.+60     	; 0x12bc <GPIO_readPort+0x7a>
    1280:	2b 81       	ldd	r18, Y+3	; 0x03
    1282:	3c 81       	ldd	r19, Y+4	; 0x04
    1284:	22 30       	cpi	r18, 0x02	; 2
    1286:	31 05       	cpc	r19, r1
    1288:	81 f0       	breq	.+32     	; 0x12aa <GPIO_readPort+0x68>
    128a:	8b 81       	ldd	r24, Y+3	; 0x03
    128c:	9c 81       	ldd	r25, Y+4	; 0x04
    128e:	83 30       	cpi	r24, 0x03	; 3
    1290:	91 05       	cpc	r25, r1
    1292:	81 f0       	breq	.+32     	; 0x12b4 <GPIO_readPort+0x72>
    1294:	13 c0       	rjmp	.+38     	; 0x12bc <GPIO_readPort+0x7a>
		{
		case PORTA_ID:
			value = GPIO_PINA_REG.Byte;
    1296:	e9 e3       	ldi	r30, 0x39	; 57
    1298:	f0 e0       	ldi	r31, 0x00	; 0
    129a:	80 81       	ld	r24, Z
    129c:	89 83       	std	Y+1, r24	; 0x01
    129e:	0e c0       	rjmp	.+28     	; 0x12bc <GPIO_readPort+0x7a>
			break;
		case PORTB_ID:
			value = GPIO_PINB_REG.Byte;
    12a0:	e6 e3       	ldi	r30, 0x36	; 54
    12a2:	f0 e0       	ldi	r31, 0x00	; 0
    12a4:	80 81       	ld	r24, Z
    12a6:	89 83       	std	Y+1, r24	; 0x01
    12a8:	09 c0       	rjmp	.+18     	; 0x12bc <GPIO_readPort+0x7a>
			break;
		case PORTC_ID:
			value = GPIO_PINC_REG.Byte;
    12aa:	e3 e3       	ldi	r30, 0x33	; 51
    12ac:	f0 e0       	ldi	r31, 0x00	; 0
    12ae:	80 81       	ld	r24, Z
    12b0:	89 83       	std	Y+1, r24	; 0x01
    12b2:	04 c0       	rjmp	.+8      	; 0x12bc <GPIO_readPort+0x7a>
			break;
		case PORTD_ID:
			value = GPIO_PIND_REG.Byte;
    12b4:	e0 e3       	ldi	r30, 0x30	; 48
    12b6:	f0 e0       	ldi	r31, 0x00	; 0
    12b8:	80 81       	ld	r24, Z
    12ba:	89 83       	std	Y+1, r24	; 0x01
			break;
		}
	}

	return value;
    12bc:	89 81       	ldd	r24, Y+1	; 0x01
}
    12be:	0f 90       	pop	r0
    12c0:	0f 90       	pop	r0
    12c2:	0f 90       	pop	r0
    12c4:	0f 90       	pop	r0
    12c6:	cf 91       	pop	r28
    12c8:	df 91       	pop	r29
    12ca:	08 95       	ret

000012cc <main>:

static volatile uint8 g_tick=0;


int main(void)
{
    12cc:	df 93       	push	r29
    12ce:	cf 93       	push	r28
    12d0:	cd b7       	in	r28, 0x3d	; 61
    12d2:	de b7       	in	r29, 0x3e	; 62
    12d4:	aa 97       	sbiw	r28, 0x2a	; 42
    12d6:	0f b6       	in	r0, 0x3f	; 63
    12d8:	f8 94       	cli
    12da:	de bf       	out	0x3e, r29	; 62
    12dc:	0f be       	out	0x3f, r0	; 63
    12de:	cd bf       	out	0x3d, r28	; 61


	Timer_ConfigType Timer_configuration={0,0,Timer1,TIMER_F_CPU_1024,Compare_Mode};
    12e0:	9e 01       	movw	r18, r28
    12e2:	2f 5e       	subi	r18, 0xEF	; 239
    12e4:	3f 4f       	sbci	r19, 0xFF	; 255
    12e6:	3a a3       	std	Y+34, r19	; 0x22
    12e8:	29 a3       	std	Y+33, r18	; 0x21
    12ea:	85 e5       	ldi	r24, 0x55	; 85
    12ec:	91 e0       	ldi	r25, 0x01	; 1
    12ee:	9c a3       	std	Y+36, r25	; 0x24
    12f0:	8b a3       	std	Y+35, r24	; 0x23
    12f2:	97 e0       	ldi	r25, 0x07	; 7
    12f4:	9d a3       	std	Y+37, r25	; 0x25
    12f6:	eb a1       	ldd	r30, Y+35	; 0x23
    12f8:	fc a1       	ldd	r31, Y+36	; 0x24
    12fa:	00 80       	ld	r0, Z
    12fc:	2b a1       	ldd	r18, Y+35	; 0x23
    12fe:	3c a1       	ldd	r19, Y+36	; 0x24
    1300:	2f 5f       	subi	r18, 0xFF	; 255
    1302:	3f 4f       	sbci	r19, 0xFF	; 255
    1304:	3c a3       	std	Y+36, r19	; 0x24
    1306:	2b a3       	std	Y+35, r18	; 0x23
    1308:	e9 a1       	ldd	r30, Y+33	; 0x21
    130a:	fa a1       	ldd	r31, Y+34	; 0x22
    130c:	00 82       	st	Z, r0
    130e:	29 a1       	ldd	r18, Y+33	; 0x21
    1310:	3a a1       	ldd	r19, Y+34	; 0x22
    1312:	2f 5f       	subi	r18, 0xFF	; 255
    1314:	3f 4f       	sbci	r19, 0xFF	; 255
    1316:	3a a3       	std	Y+34, r19	; 0x22
    1318:	29 a3       	std	Y+33, r18	; 0x21
    131a:	3d a1       	ldd	r19, Y+37	; 0x25
    131c:	31 50       	subi	r19, 0x01	; 1
    131e:	3d a3       	std	Y+37, r19	; 0x25
    1320:	8d a1       	ldd	r24, Y+37	; 0x25
    1322:	88 23       	and	r24, r24
    1324:	41 f7       	brne	.-48     	; 0x12f6 <main+0x2a>

	UART_ConfigType Uart_configuration={CHARACTER_SIZE_8,EVEN_PARITY,STOP_1BIT,9600};
    1326:	fe 01       	movw	r30, r28
    1328:	78 96       	adiw	r30, 0x18	; 24
    132a:	ff a3       	std	Y+39, r31	; 0x27
    132c:	ee a3       	std	Y+38, r30	; 0x26
    132e:	2e e4       	ldi	r18, 0x4E	; 78
    1330:	31 e0       	ldi	r19, 0x01	; 1
    1332:	39 a7       	std	Y+41, r19	; 0x29
    1334:	28 a7       	std	Y+40, r18	; 0x28
    1336:	37 e0       	ldi	r19, 0x07	; 7
    1338:	3a a7       	std	Y+42, r19	; 0x2a
    133a:	e8 a5       	ldd	r30, Y+40	; 0x28
    133c:	f9 a5       	ldd	r31, Y+41	; 0x29
    133e:	00 80       	ld	r0, Z
    1340:	28 a5       	ldd	r18, Y+40	; 0x28
    1342:	39 a5       	ldd	r19, Y+41	; 0x29
    1344:	2f 5f       	subi	r18, 0xFF	; 255
    1346:	3f 4f       	sbci	r19, 0xFF	; 255
    1348:	39 a7       	std	Y+41, r19	; 0x29
    134a:	28 a7       	std	Y+40, r18	; 0x28
    134c:	ee a1       	ldd	r30, Y+38	; 0x26
    134e:	ff a1       	ldd	r31, Y+39	; 0x27
    1350:	00 82       	st	Z, r0
    1352:	2e a1       	ldd	r18, Y+38	; 0x26
    1354:	3f a1       	ldd	r19, Y+39	; 0x27
    1356:	2f 5f       	subi	r18, 0xFF	; 255
    1358:	3f 4f       	sbci	r19, 0xFF	; 255
    135a:	3f a3       	std	Y+39, r19	; 0x27
    135c:	2e a3       	std	Y+38, r18	; 0x26
    135e:	3a a5       	ldd	r19, Y+42	; 0x2a
    1360:	31 50       	subi	r19, 0x01	; 1
    1362:	3a a7       	std	Y+42, r19	; 0x2a
    1364:	8a a5       	ldd	r24, Y+42	; 0x2a
    1366:	88 23       	and	r24, r24
    1368:	41 f7       	brne	.-48     	; 0x133a <main+0x6e>
	UART_init(&Uart_configuration);
    136a:	ce 01       	movw	r24, r28
    136c:	48 96       	adiw	r24, 0x18	; 24
    136e:	0e 94 e3 16 	call	0x2dc6	; 0x2dc6 <UART_init>

	/*Enable Global Interrupt*/
	SREG_REG.Bits.I_Bit=1;
    1372:	ef e5       	ldi	r30, 0x5F	; 95
    1374:	f0 e0       	ldi	r31, 0x00	; 0
    1376:	80 81       	ld	r24, Z
    1378:	80 68       	ori	r24, 0x80	; 128
    137a:	80 83       	st	Z, r24

	/*Set timer1 to call back */
	Timer_setCallBack(timer1_SetRequiredCallBackFunction, Timer1);
    137c:	82 ec       	ldi	r24, 0xC2	; 194
    137e:	9c e0       	ldi	r25, 0x0C	; 12
    1380:	61 e0       	ldi	r22, 0x01	; 1
    1382:	0e 94 1b 15 	call	0x2a36	; 0x2a36 <Timer_setCallBack>

	LCD_init();
    1386:	0e 94 59 0e 	call	0x1cb2	; 0x1cb2 <LCD_init>
	LCD_displayStringRowColumn(0,0,"Door Lock System");
    138a:	20 e6       	ldi	r18, 0x60	; 96
    138c:	30 e0       	ldi	r19, 0x00	; 0
    138e:	80 e0       	ldi	r24, 0x00	; 0
    1390:	60 e0       	ldi	r22, 0x00	; 0
    1392:	a9 01       	movw	r20, r18
    1394:	0e 94 3f 13 	call	0x267e	; 0x267e <LCD_displayStringRowColumn>
	LCD_displayStringRowColumn(1,0,"Mahmoud Elsheikh");
    1398:	21 e7       	ldi	r18, 0x71	; 113
    139a:	30 e0       	ldi	r19, 0x00	; 0
    139c:	81 e0       	ldi	r24, 0x01	; 1
    139e:	60 e0       	ldi	r22, 0x00	; 0
    13a0:	a9 01       	movw	r20, r18
    13a2:	0e 94 3f 13 	call	0x267e	; 0x267e <LCD_displayStringRowColumn>
    13a6:	80 e0       	ldi	r24, 0x00	; 0
    13a8:	90 e4       	ldi	r25, 0x40	; 64
    13aa:	ac e1       	ldi	r26, 0x1C	; 28
    13ac:	b5 e4       	ldi	r27, 0x45	; 69
    13ae:	8b 87       	std	Y+11, r24	; 0x0b
    13b0:	9c 87       	std	Y+12, r25	; 0x0c
    13b2:	ad 87       	std	Y+13, r26	; 0x0d
    13b4:	be 87       	std	Y+14, r27	; 0x0e
 */
void
_delay_ms(double __ms)
{
	uint16_t __ticks;
	double __tmp = ((F_CPU) / 4e3) * __ms;
    13b6:	6b 85       	ldd	r22, Y+11	; 0x0b
    13b8:	7c 85       	ldd	r23, Y+12	; 0x0c
    13ba:	8d 85       	ldd	r24, Y+13	; 0x0d
    13bc:	9e 85       	ldd	r25, Y+14	; 0x0e
    13be:	20 e0       	ldi	r18, 0x00	; 0
    13c0:	30 e0       	ldi	r19, 0x00	; 0
    13c2:	4a e7       	ldi	r20, 0x7A	; 122
    13c4:	55 e4       	ldi	r21, 0x45	; 69
    13c6:	0e 94 1f 02 	call	0x43e	; 0x43e <__mulsf3>
    13ca:	dc 01       	movw	r26, r24
    13cc:	cb 01       	movw	r24, r22
    13ce:	8f 83       	std	Y+7, r24	; 0x07
    13d0:	98 87       	std	Y+8, r25	; 0x08
    13d2:	a9 87       	std	Y+9, r26	; 0x09
    13d4:	ba 87       	std	Y+10, r27	; 0x0a
	if (__tmp < 1.0)
    13d6:	6f 81       	ldd	r22, Y+7	; 0x07
    13d8:	78 85       	ldd	r23, Y+8	; 0x08
    13da:	89 85       	ldd	r24, Y+9	; 0x09
    13dc:	9a 85       	ldd	r25, Y+10	; 0x0a
    13de:	20 e0       	ldi	r18, 0x00	; 0
    13e0:	30 e0       	ldi	r19, 0x00	; 0
    13e2:	40 e8       	ldi	r20, 0x80	; 128
    13e4:	5f e3       	ldi	r21, 0x3F	; 63
    13e6:	0e 94 79 03 	call	0x6f2	; 0x6f2 <__ltsf2>
    13ea:	88 23       	and	r24, r24
    13ec:	2c f4       	brge	.+10     	; 0x13f8 <main+0x12c>
		__ticks = 1;
    13ee:	81 e0       	ldi	r24, 0x01	; 1
    13f0:	90 e0       	ldi	r25, 0x00	; 0
    13f2:	9e 83       	std	Y+6, r25	; 0x06
    13f4:	8d 83       	std	Y+5, r24	; 0x05
    13f6:	3f c0       	rjmp	.+126    	; 0x1476 <main+0x1aa>
	else if (__tmp > 65535)
    13f8:	6f 81       	ldd	r22, Y+7	; 0x07
    13fa:	78 85       	ldd	r23, Y+8	; 0x08
    13fc:	89 85       	ldd	r24, Y+9	; 0x09
    13fe:	9a 85       	ldd	r25, Y+10	; 0x0a
    1400:	20 e0       	ldi	r18, 0x00	; 0
    1402:	3f ef       	ldi	r19, 0xFF	; 255
    1404:	4f e7       	ldi	r20, 0x7F	; 127
    1406:	57 e4       	ldi	r21, 0x47	; 71
    1408:	0e 94 19 03 	call	0x632	; 0x632 <__gtsf2>
    140c:	18 16       	cp	r1, r24
    140e:	4c f5       	brge	.+82     	; 0x1462 <main+0x196>
	{
		//	__ticks = requested delay in 1/10 ms
		__ticks = (uint16_t) (__ms * 10.0);
    1410:	6b 85       	ldd	r22, Y+11	; 0x0b
    1412:	7c 85       	ldd	r23, Y+12	; 0x0c
    1414:	8d 85       	ldd	r24, Y+13	; 0x0d
    1416:	9e 85       	ldd	r25, Y+14	; 0x0e
    1418:	20 e0       	ldi	r18, 0x00	; 0
    141a:	30 e0       	ldi	r19, 0x00	; 0
    141c:	40 e2       	ldi	r20, 0x20	; 32
    141e:	51 e4       	ldi	r21, 0x41	; 65
    1420:	0e 94 1f 02 	call	0x43e	; 0x43e <__mulsf3>
    1424:	dc 01       	movw	r26, r24
    1426:	cb 01       	movw	r24, r22
    1428:	bc 01       	movw	r22, r24
    142a:	cd 01       	movw	r24, r26
    142c:	0e 94 49 00 	call	0x92	; 0x92 <__fixunssfsi>
    1430:	dc 01       	movw	r26, r24
    1432:	cb 01       	movw	r24, r22
    1434:	9e 83       	std	Y+6, r25	; 0x06
    1436:	8d 83       	std	Y+5, r24	; 0x05
    1438:	0f c0       	rjmp	.+30     	; 0x1458 <main+0x18c>
    143a:	80 e9       	ldi	r24, 0x90	; 144
    143c:	91 e0       	ldi	r25, 0x01	; 1
    143e:	9c 83       	std	Y+4, r25	; 0x04
    1440:	8b 83       	std	Y+3, r24	; 0x03
    milliseconds can be achieved.
 */
void
_delay_loop_2(uint16_t __count)
{
	__asm__ volatile (
    1442:	8b 81       	ldd	r24, Y+3	; 0x03
    1444:	9c 81       	ldd	r25, Y+4	; 0x04
    1446:	01 97       	sbiw	r24, 0x01	; 1
    1448:	f1 f7       	brne	.-4      	; 0x1446 <main+0x17a>
    144a:	9c 83       	std	Y+4, r25	; 0x04
    144c:	8b 83       	std	Y+3, r24	; 0x03
		while(__ticks)
		{
			// wait 1/10 ms
			_delay_loop_2(((F_CPU) / 4e3) / 10);
			__ticks --;
    144e:	8d 81       	ldd	r24, Y+5	; 0x05
    1450:	9e 81       	ldd	r25, Y+6	; 0x06
    1452:	01 97       	sbiw	r24, 0x01	; 1
    1454:	9e 83       	std	Y+6, r25	; 0x06
    1456:	8d 83       	std	Y+5, r24	; 0x05
		__ticks = 1;
	else if (__tmp > 65535)
	{
		//	__ticks = requested delay in 1/10 ms
		__ticks = (uint16_t) (__ms * 10.0);
		while(__ticks)
    1458:	8d 81       	ldd	r24, Y+5	; 0x05
    145a:	9e 81       	ldd	r25, Y+6	; 0x06
    145c:	00 97       	sbiw	r24, 0x00	; 0
    145e:	69 f7       	brne	.-38     	; 0x143a <main+0x16e>
    1460:	14 c0       	rjmp	.+40     	; 0x148a <main+0x1be>
			__ticks --;
		}
		return;
	}
	else
		__ticks = (uint16_t)__tmp;
    1462:	6f 81       	ldd	r22, Y+7	; 0x07
    1464:	78 85       	ldd	r23, Y+8	; 0x08
    1466:	89 85       	ldd	r24, Y+9	; 0x09
    1468:	9a 85       	ldd	r25, Y+10	; 0x0a
    146a:	0e 94 49 00 	call	0x92	; 0x92 <__fixunssfsi>
    146e:	dc 01       	movw	r26, r24
    1470:	cb 01       	movw	r24, r22
    1472:	9e 83       	std	Y+6, r25	; 0x06
    1474:	8d 83       	std	Y+5, r24	; 0x05
    1476:	8d 81       	ldd	r24, Y+5	; 0x05
    1478:	9e 81       	ldd	r25, Y+6	; 0x06
    147a:	9a 83       	std	Y+2, r25	; 0x02
    147c:	89 83       	std	Y+1, r24	; 0x01
    147e:	89 81       	ldd	r24, Y+1	; 0x01
    1480:	9a 81       	ldd	r25, Y+2	; 0x02
    1482:	01 97       	sbiw	r24, 0x01	; 1
    1484:	f1 f7       	brne	.-4      	; 0x1482 <main+0x1b6>
    1486:	9a 83       	std	Y+2, r25	; 0x02
    1488:	89 83       	std	Y+1, r24	; 0x01
	_delay_ms(2500);

	while(1)
	{
		switch(g_MC1_application_sequence)
    148a:	80 91 5c 01 	lds	r24, 0x015C
    148e:	e8 2f       	mov	r30, r24
    1490:	f0 e0       	ldi	r31, 0x00	; 0
    1492:	f8 a3       	std	Y+32, r31	; 0x20
    1494:	ef 8f       	std	Y+31, r30	; 0x1f
    1496:	2f 8d       	ldd	r18, Y+31	; 0x1f
    1498:	38 a1       	ldd	r19, Y+32	; 0x20
    149a:	21 30       	cpi	r18, 0x01	; 1
    149c:	31 05       	cpc	r19, r1
    149e:	09 f4       	brne	.+2      	; 0x14a2 <main+0x1d6>
    14a0:	4c c0       	rjmp	.+152    	; 0x153a <main+0x26e>
    14a2:	8f 8d       	ldd	r24, Y+31	; 0x1f
    14a4:	98 a1       	ldd	r25, Y+32	; 0x20
    14a6:	82 30       	cpi	r24, 0x02	; 2
    14a8:	91 05       	cpc	r25, r1
    14aa:	2c f4       	brge	.+10     	; 0x14b6 <main+0x1ea>
    14ac:	ef 8d       	ldd	r30, Y+31	; 0x1f
    14ae:	f8 a1       	ldd	r31, Y+32	; 0x20
    14b0:	30 97       	sbiw	r30, 0x00	; 0
    14b2:	71 f0       	breq	.+28     	; 0x14d0 <main+0x204>
    14b4:	ea cf       	rjmp	.-44     	; 0x148a <main+0x1be>
    14b6:	2f 8d       	ldd	r18, Y+31	; 0x1f
    14b8:	38 a1       	ldd	r19, Y+32	; 0x20
    14ba:	22 30       	cpi	r18, 0x02	; 2
    14bc:	31 05       	cpc	r19, r1
    14be:	09 f4       	brne	.+2      	; 0x14c2 <main+0x1f6>
    14c0:	47 c0       	rjmp	.+142    	; 0x1550 <main+0x284>
    14c2:	8f 8d       	ldd	r24, Y+31	; 0x1f
    14c4:	98 a1       	ldd	r25, Y+32	; 0x20
    14c6:	83 30       	cpi	r24, 0x03	; 3
    14c8:	91 05       	cpc	r25, r1
    14ca:	09 f4       	brne	.+2      	; 0x14ce <main+0x202>
    14cc:	d0 c0       	rjmp	.+416    	; 0x166e <main+0x3a2>
    14ce:	dd cf       	rjmp	.-70     	; 0x148a <main+0x1be>
		{
			case CREATE_PASSWORD_STAGE:
				LCD_clearScreen();
    14d0:	0e 94 7b 13 	call	0x26f6	; 0x26f6 <LCD_clearScreen>
				LCD_displayStringRowColumn(0, 0,"Plz enter pass:");
    14d4:	22 e8       	ldi	r18, 0x82	; 130
    14d6:	30 e0       	ldi	r19, 0x00	; 0
    14d8:	80 e0       	ldi	r24, 0x00	; 0
    14da:	60 e0       	ldi	r22, 0x00	; 0
    14dc:	a9 01       	movw	r20, r18
    14de:	0e 94 3f 13 	call	0x267e	; 0x267e <LCD_displayStringRowColumn>
				LCD_moveCursor(1, 0);
    14e2:	81 e0       	ldi	r24, 0x01	; 1
    14e4:	60 e0       	ldi	r22, 0x00	; 0
    14e6:	0e 94 fc 12 	call	0x25f8	; 0x25f8 <LCD_moveCursor>
				create_Password(g_passwordArray1);
    14ea:	8e e5       	ldi	r24, 0x5E	; 94
    14ec:	91 e0       	ldi	r25, 0x01	; 1
    14ee:	0e 94 9e 0b 	call	0x173c	; 0x173c <create_Password>
				LCD_clearScreen();
    14f2:	0e 94 7b 13 	call	0x26f6	; 0x26f6 <LCD_clearScreen>
				LCD_displayStringRowColumn(0, 0,"Plz re-enter the");
    14f6:	22 e9       	ldi	r18, 0x92	; 146
    14f8:	30 e0       	ldi	r19, 0x00	; 0
    14fa:	80 e0       	ldi	r24, 0x00	; 0
    14fc:	60 e0       	ldi	r22, 0x00	; 0
    14fe:	a9 01       	movw	r20, r18
    1500:	0e 94 3f 13 	call	0x267e	; 0x267e <LCD_displayStringRowColumn>
				LCD_displayStringRowColumn(1, 0,"same pass: ");
    1504:	23 ea       	ldi	r18, 0xA3	; 163
    1506:	30 e0       	ldi	r19, 0x00	; 0
    1508:	81 e0       	ldi	r24, 0x01	; 1
    150a:	60 e0       	ldi	r22, 0x00	; 0
    150c:	a9 01       	movw	r20, r18
    150e:	0e 94 3f 13 	call	0x267e	; 0x267e <LCD_displayStringRowColumn>
				LCD_moveCursor(1, 10);
    1512:	81 e0       	ldi	r24, 0x01	; 1
    1514:	6a e0       	ldi	r22, 0x0A	; 10
    1516:	0e 94 fc 12 	call	0x25f8	; 0x25f8 <LCD_moveCursor>
				create_Password(g_passwordArray2);
    151a:	83 e6       	ldi	r24, 0x63	; 99
    151c:	91 e0       	ldi	r25, 0x01	; 1
    151e:	0e 94 9e 0b 	call	0x173c	; 0x173c <create_Password>

				/*Sending the password*/
				send_Password(g_passwordArray1);
    1522:	8e e5       	ldi	r24, 0x5E	; 94
    1524:	91 e0       	ldi	r25, 0x01	; 1
    1526:	0e 94 58 0c 	call	0x18b0	; 0x18b0 <send_Password>

				/*Sending the re-entered password */
				send_Password(g_passwordArray2);
    152a:	83 e6       	ldi	r24, 0x63	; 99
    152c:	91 e0       	ldi	r25, 0x01	; 1
    152e:	0e 94 58 0c 	call	0x18b0	; 0x18b0 <send_Password>

				/* checking password stage*/
				g_MC1_application_sequence=CHECKING_PASSWORDS_MATCHING_STAGE;
    1532:	81 e0       	ldi	r24, 0x01	; 1
    1534:	80 93 5c 01 	sts	0x015C, r24
    1538:	a8 cf       	rjmp	.-176    	; 0x148a <main+0x1be>
				break;

			case CHECKING_PASSWORDS_MATCHING_STAGE:

				/*Check if the two passwords are matched or not*/
				if(Password_Checker()!=MATCHED)
    153a:	0e 94 84 0c 	call	0x1908	; 0x1908 <Password_Checker>
    153e:	84 36       	cpi	r24, 0x64	; 100
    1540:	19 f0       	breq	.+6      	; 0x1548 <main+0x27c>
				{
					/*  CREATE_PASSWORD_STAGE */
					g_MC1_application_sequence=CREATE_PASSWORD_STAGE;
    1542:	10 92 5c 01 	sts	0x015C, r1
    1546:	a1 cf       	rjmp	.-190    	; 0x148a <main+0x1be>
				}
				else
				{
					/*go to next stage */
					g_MC1_application_sequence=MAIN_OPTIONS_STAGE;
    1548:	82 e0       	ldi	r24, 0x02	; 2
    154a:	80 93 5c 01 	sts	0x015C, r24
    154e:	9d cf       	rjmp	.-198    	; 0x148a <main+0x1be>
				break;

			case MAIN_OPTIONS_STAGE:
			{
				uint8 userChoiceKey;
				LCD_clearScreen();
    1550:	0e 94 7b 13 	call	0x26f6	; 0x26f6 <LCD_clearScreen>
				LCD_displayStringRowColumn(0, 0, "+ : OPEN DOOR");
    1554:	2f ea       	ldi	r18, 0xAF	; 175
    1556:	30 e0       	ldi	r19, 0x00	; 0
    1558:	80 e0       	ldi	r24, 0x00	; 0
    155a:	60 e0       	ldi	r22, 0x00	; 0
    155c:	a9 01       	movw	r20, r18
    155e:	0e 94 3f 13 	call	0x267e	; 0x267e <LCD_displayStringRowColumn>
				LCD_displayStringRowColumn(1, 0, "- : CHANGE PASS");
    1562:	2d eb       	ldi	r18, 0xBD	; 189
    1564:	30 e0       	ldi	r19, 0x00	; 0
    1566:	81 e0       	ldi	r24, 0x01	; 1
    1568:	60 e0       	ldi	r22, 0x00	; 0
    156a:	a9 01       	movw	r20, r18
    156c:	0e 94 3f 13 	call	0x267e	; 0x267e <LCD_displayStringRowColumn>
				userChoiceKey=KEYPAD_getPressedKey();
    1570:	0e 94 ce 0c 	call	0x199c	; 0x199c <KEYPAD_getPressedKey>
    1574:	88 8b       	std	Y+16, r24	; 0x10
				while(userChoiceKey != '+' && userChoiceKey != '-'){};
    1576:	88 89       	ldd	r24, Y+16	; 0x10
    1578:	8b 32       	cpi	r24, 0x2B	; 43
    157a:	19 f0       	breq	.+6      	; 0x1582 <main+0x2b6>
    157c:	88 89       	ldd	r24, Y+16	; 0x10
    157e:	8d 32       	cpi	r24, 0x2D	; 45
    1580:	d1 f7       	brne	.-12     	; 0x1576 <main+0x2aa>
				LCD_clearScreen();
    1582:	0e 94 7b 13 	call	0x26f6	; 0x26f6 <LCD_clearScreen>
				LCD_displayStringRowColumn(0, 0,"Plz enter old");
    1586:	2d ec       	ldi	r18, 0xCD	; 205
    1588:	30 e0       	ldi	r19, 0x00	; 0
    158a:	80 e0       	ldi	r24, 0x00	; 0
    158c:	60 e0       	ldi	r22, 0x00	; 0
    158e:	a9 01       	movw	r20, r18
    1590:	0e 94 3f 13 	call	0x267e	; 0x267e <LCD_displayStringRowColumn>
				LCD_displayStringRowColumn(1, 0,"pass :");
    1594:	2b ed       	ldi	r18, 0xDB	; 219
    1596:	30 e0       	ldi	r19, 0x00	; 0
    1598:	81 e0       	ldi	r24, 0x01	; 1
    159a:	60 e0       	ldi	r22, 0x00	; 0
    159c:	a9 01       	movw	r20, r18
    159e:	0e 94 3f 13 	call	0x267e	; 0x267e <LCD_displayStringRowColumn>

				create_Password(g_passwordArray1);
    15a2:	8e e5       	ldi	r24, 0x5E	; 94
    15a4:	91 e0       	ldi	r25, 0x01	; 1
    15a6:	0e 94 9e 0b 	call	0x173c	; 0x173c <create_Password>

				send_Password(g_passwordArray1);
    15aa:	8e e5       	ldi	r24, 0x5E	; 94
    15ac:	91 e0       	ldi	r25, 0x01	; 1
    15ae:	0e 94 58 0c 	call	0x18b0	; 0x18b0 <send_Password>


				if(recieve_Byte()==MATCHED)
    15b2:	0e 94 93 0c 	call	0x1926	; 0x1926 <recieve_Byte>
    15b6:	84 36       	cpi	r24, 0x64	; 100
    15b8:	41 f4       	brne	.+16     	; 0x15ca <main+0x2fe>
				{
					send_Byte(userChoiceKey);
    15ba:	88 89       	ldd	r24, Y+16	; 0x10
    15bc:	0e 94 aa 0c 	call	0x1954	; 0x1954 <send_Byte>

					g_MC1_application_sequence=recieve_Byte();
    15c0:	0e 94 93 0c 	call	0x1926	; 0x1926 <recieve_Byte>
    15c4:	80 93 5c 01 	sts	0x015C, r24
    15c8:	60 cf       	rjmp	.-320    	; 0x148a <main+0x1be>
				}
				else
				{
					uint8 count;

					for(count=0;count<2;count++)
    15ca:	1f 86       	std	Y+15, r1	; 0x0f
    15cc:	23 c0       	rjmp	.+70     	; 0x1614 <main+0x348>
					{
						LCD_clearScreen();
    15ce:	0e 94 7b 13 	call	0x26f6	; 0x26f6 <LCD_clearScreen>
						LCD_displayStringRowColumn(0, 0,"Plz enter old");
    15d2:	2d ec       	ldi	r18, 0xCD	; 205
    15d4:	30 e0       	ldi	r19, 0x00	; 0
    15d6:	80 e0       	ldi	r24, 0x00	; 0
    15d8:	60 e0       	ldi	r22, 0x00	; 0
    15da:	a9 01       	movw	r20, r18
    15dc:	0e 94 3f 13 	call	0x267e	; 0x267e <LCD_displayStringRowColumn>
						LCD_displayStringRowColumn(1, 0,"pass:");
    15e0:	22 ee       	ldi	r18, 0xE2	; 226
    15e2:	30 e0       	ldi	r19, 0x00	; 0
    15e4:	81 e0       	ldi	r24, 0x01	; 1
    15e6:	60 e0       	ldi	r22, 0x00	; 0
    15e8:	a9 01       	movw	r20, r18
    15ea:	0e 94 3f 13 	call	0x267e	; 0x267e <LCD_displayStringRowColumn>

						create_Password(g_passwordArray1);
    15ee:	8e e5       	ldi	r24, 0x5E	; 94
    15f0:	91 e0       	ldi	r25, 0x01	; 1
    15f2:	0e 94 9e 0b 	call	0x173c	; 0x173c <create_Password>
						send_Password(g_passwordArray1);
    15f6:	8e e5       	ldi	r24, 0x5E	; 94
    15f8:	91 e0       	ldi	r25, 0x01	; 1
    15fa:	0e 94 58 0c 	call	0x18b0	; 0x18b0 <send_Password>

						if(recieve_Byte()==MATCHED)
    15fe:	0e 94 93 0c 	call	0x1926	; 0x1926 <recieve_Byte>
    1602:	84 36       	cpi	r24, 0x64	; 100
    1604:	21 f4       	brne	.+8      	; 0x160e <main+0x342>
						{
							g_MC1_application_sequence=MAIN_OPTIONS_STAGE;
    1606:	82 e0       	ldi	r24, 0x02	; 2
    1608:	80 93 5c 01 	sts	0x015C, r24
    160c:	06 c0       	rjmp	.+12     	; 0x161a <main+0x34e>
				}
				else
				{
					uint8 count;

					for(count=0;count<2;count++)
    160e:	8f 85       	ldd	r24, Y+15	; 0x0f
    1610:	8f 5f       	subi	r24, 0xFF	; 255
    1612:	8f 87       	std	Y+15, r24	; 0x0f
    1614:	8f 85       	ldd	r24, Y+15	; 0x0f
    1616:	82 30       	cpi	r24, 0x02	; 2
    1618:	d0 f2       	brcs	.-76     	; 0x15ce <main+0x302>
							g_MC1_application_sequence=MAIN_OPTIONS_STAGE;
							break;
						}
					}

					if(2==count)
    161a:	8f 85       	ldd	r24, Y+15	; 0x0f
    161c:	82 30       	cpi	r24, 0x02	; 2
    161e:	09 f0       	breq	.+2      	; 0x1622 <main+0x356>
    1620:	34 cf       	rjmp	.-408    	; 0x148a <main+0x1be>
					{
						LCD_clearScreen();
    1622:	0e 94 7b 13 	call	0x26f6	; 0x26f6 <LCD_clearScreen>

						Timer_configuration.timer_compare_MatchValue=46875;
    1626:	8b e1       	ldi	r24, 0x1B	; 27
    1628:	97 eb       	ldi	r25, 0xB7	; 183
    162a:	9c 8b       	std	Y+20, r25	; 0x14
    162c:	8b 8b       	std	Y+19, r24	; 0x13

						Timer_init(&Timer_configuration);
    162e:	ce 01       	movw	r24, r28
    1630:	41 96       	adiw	r24, 0x11	; 17
    1632:	0e 94 85 13 	call	0x270a	; 0x270a <Timer_init>

						LCD_displayStringRowColumn(0,1,"System LOCKED");
    1636:	28 ee       	ldi	r18, 0xE8	; 232
    1638:	30 e0       	ldi	r19, 0x00	; 0
    163a:	80 e0       	ldi	r24, 0x00	; 0
    163c:	61 e0       	ldi	r22, 0x01	; 1
    163e:	a9 01       	movw	r20, r18
    1640:	0e 94 3f 13 	call	0x267e	; 0x267e <LCD_displayStringRowColumn>
						LCD_displayStringRowColumn(1,0,"Wait for 1 min");
    1644:	26 ef       	ldi	r18, 0xF6	; 246
    1646:	30 e0       	ldi	r19, 0x00	; 0
    1648:	81 e0       	ldi	r24, 0x01	; 1
    164a:	60 e0       	ldi	r22, 0x00	; 0
    164c:	a9 01       	movw	r20, r18
    164e:	0e 94 3f 13 	call	0x267e	; 0x267e <LCD_displayStringRowColumn>

						while(g_tick < 10);
    1652:	80 91 5d 01 	lds	r24, 0x015D
    1656:	8a 30       	cpi	r24, 0x0A	; 10
    1658:	e0 f3       	brcs	.-8      	; 0x1652 <main+0x386>
						{

						}

						/*stop timer1 via using deInit() Function*/
						Timer_DeInit(Timer1);
    165a:	81 e0       	ldi	r24, 0x01	; 1
    165c:	90 e0       	ldi	r25, 0x00	; 0
    165e:	0e 94 54 15 	call	0x2aa8	; 0x2aa8 <Timer_DeInit>

						/*Clear the g_tick for next time*/
						g_tick=0;
    1662:	10 92 5d 01 	sts	0x015D, r1

						/*go to MAIN_MENU_OPTION_STAGE where the user choose again what he want*/
						g_MC1_application_sequence=MAIN_OPTIONS_STAGE;
    1666:	82 e0       	ldi	r24, 0x02	; 2
    1668:	80 93 5c 01 	sts	0x015C, r24
    166c:	0e cf       	rjmp	.-484    	; 0x148a <main+0x1be>
				  so we need 117188 count from timer to time 15 sec
				  so we will put in compare register of timer1 value = 58594
				  we will need 2 interrupts for time 15 sec
				  NOTE Timer Timer_configuration its prescaler and ID inital value
				*/
				Timer_configuration.timer_compare_MatchValue=58594;
    166e:	82 ee       	ldi	r24, 0xE2	; 226
    1670:	94 ee       	ldi	r25, 0xE4	; 228
    1672:	9c 8b       	std	Y+20, r25	; 0x14
    1674:	8b 8b       	std	Y+19, r24	; 0x13

				/*Initialize Timer 1*/
				Timer_init(&Timer_configuration);
    1676:	ce 01       	movw	r24, r28
    1678:	41 96       	adiw	r24, 0x11	; 17
    167a:	0e 94 85 13 	call	0x270a	; 0x270a <Timer_init>

				/*Display Unlocking the door*/
				LCD_clearScreen();
    167e:	0e 94 7b 13 	call	0x26f6	; 0x26f6 <LCD_clearScreen>
				LCD_displayStringRowColumn(0,1,"Door Unlocking");
    1682:	25 e0       	ldi	r18, 0x05	; 5
    1684:	31 e0       	ldi	r19, 0x01	; 1
    1686:	80 e0       	ldi	r24, 0x00	; 0
    1688:	61 e0       	ldi	r22, 0x01	; 1
    168a:	a9 01       	movw	r20, r18
    168c:	0e 94 3f 13 	call	0x267e	; 0x267e <LCD_displayStringRowColumn>
				LCD_displayStringRowColumn(1,4,"Please Wait");
    1690:	24 e1       	ldi	r18, 0x14	; 20
    1692:	31 e0       	ldi	r19, 0x01	; 1
    1694:	81 e0       	ldi	r24, 0x01	; 1
    1696:	64 e0       	ldi	r22, 0x04	; 4
    1698:	a9 01       	movw	r20, r18
    169a:	0e 94 3f 13 	call	0x267e	; 0x267e <LCD_displayStringRowColumn>

				/*Wait for 15 sec Displaying DOOR UNLOCKING*/
				while(g_tick<2){};
    169e:	80 91 5d 01 	lds	r24, 0x015D
    16a2:	82 30       	cpi	r24, 0x02	; 2
    16a4:	e0 f3       	brcs	.-8      	; 0x169e <main+0x3d2>

				/*Stop Timer1*/
				Timer_DeInit(Timer1);
    16a6:	81 e0       	ldi	r24, 0x01	; 1
    16a8:	90 e0       	ldi	r25, 0x00	; 0
    16aa:	0e 94 54 15 	call	0x2aa8	; 0x2aa8 <Timer_DeInit>

				/*Clear the g_tick for next time*/
				g_tick=0;
    16ae:	10 92 5d 01 	sts	0x015D, r1

				LCD_clearScreen();
    16b2:	0e 94 7b 13 	call	0x26f6	; 0x26f6 <LCD_clearScreen>

				Timer_configuration.timer_compare_MatchValue=23438;
    16b6:	8e e8       	ldi	r24, 0x8E	; 142
    16b8:	9b e5       	ldi	r25, 0x5B	; 91
    16ba:	9c 8b       	std	Y+20, r25	; 0x14
    16bc:	8b 8b       	std	Y+19, r24	; 0x13

				Timer_init(&Timer_configuration);
    16be:	ce 01       	movw	r24, r28
    16c0:	41 96       	adiw	r24, 0x11	; 17
    16c2:	0e 94 85 13 	call	0x270a	; 0x270a <Timer_init>

				LCD_clearScreen();
    16c6:	0e 94 7b 13 	call	0x26f6	; 0x26f6 <LCD_clearScreen>
				LCD_displayStringRowColumn(0,0,"wait for people");
    16ca:	20 e2       	ldi	r18, 0x20	; 32
    16cc:	31 e0       	ldi	r19, 0x01	; 1
    16ce:	80 e0       	ldi	r24, 0x00	; 0
    16d0:	60 e0       	ldi	r22, 0x00	; 0
    16d2:	a9 01       	movw	r20, r18
    16d4:	0e 94 3f 13 	call	0x267e	; 0x267e <LCD_displayStringRowColumn>
				LCD_displayStringRowColumn(1,3,"To Enter");
    16d8:	20 e3       	ldi	r18, 0x30	; 48
    16da:	31 e0       	ldi	r19, 0x01	; 1
    16dc:	81 e0       	ldi	r24, 0x01	; 1
    16de:	63 e0       	ldi	r22, 0x03	; 3
    16e0:	a9 01       	movw	r20, r18
    16e2:	0e 94 3f 13 	call	0x267e	; 0x267e <LCD_displayStringRowColumn>

				while(g_tick<1){};
    16e6:	80 91 5d 01 	lds	r24, 0x015D
    16ea:	88 23       	and	r24, r24
    16ec:	e1 f3       	breq	.-8      	; 0x16e6 <main+0x41a>

				recieve_Byte();
    16ee:	0e 94 93 0c 	call	0x1926	; 0x1926 <recieve_Byte>

				/*Stop Timer1*/
				Timer_DeInit(Timer1);
    16f2:	81 e0       	ldi	r24, 0x01	; 1
    16f4:	90 e0       	ldi	r25, 0x00	; 0
    16f6:	0e 94 54 15 	call	0x2aa8	; 0x2aa8 <Timer_DeInit>

				g_tick=0;
    16fa:	10 92 5d 01 	sts	0x015D, r1

				/*Display locking the door*/
				LCD_clearScreen();
    16fe:	0e 94 7b 13 	call	0x26f6	; 0x26f6 <LCD_clearScreen>
				LCD_displayStringRowColumn(0,2,"Door Locking");
    1702:	29 e3       	ldi	r18, 0x39	; 57
    1704:	31 e0       	ldi	r19, 0x01	; 1
    1706:	80 e0       	ldi	r24, 0x00	; 0
    1708:	62 e0       	ldi	r22, 0x02	; 2
    170a:	a9 01       	movw	r20, r18
    170c:	0e 94 3f 13 	call	0x267e	; 0x267e <LCD_displayStringRowColumn>

				Timer_configuration.timer_compare_MatchValue=58594;
    1710:	82 ee       	ldi	r24, 0xE2	; 226
    1712:	94 ee       	ldi	r25, 0xE4	; 228
    1714:	9c 8b       	std	Y+20, r25	; 0x14
    1716:	8b 8b       	std	Y+19, r24	; 0x13
				/*Initialize Timer 1*/
				Timer_init(&Timer_configuration);
    1718:	ce 01       	movw	r24, r28
    171a:	41 96       	adiw	r24, 0x11	; 17
    171c:	0e 94 85 13 	call	0x270a	; 0x270a <Timer_init>

				/*Wait for 15 sec*/
				while(g_tick<2){};
    1720:	80 91 5d 01 	lds	r24, 0x015D
    1724:	82 30       	cpi	r24, 0x02	; 2
    1726:	e0 f3       	brcs	.-8      	; 0x1720 <main+0x454>

				/*Stop Timer1*/
				Timer_DeInit(Timer1);
    1728:	81 e0       	ldi	r24, 0x01	; 1
    172a:	90 e0       	ldi	r25, 0x00	; 0
    172c:	0e 94 54 15 	call	0x2aa8	; 0x2aa8 <Timer_DeInit>

				/*Clear the g_tick for next time*/
				g_tick=0;
    1730:	10 92 5d 01 	sts	0x015D, r1

				/*go to MAIN_OPTIONS_STAGE where the user choose again what he want*/
				g_MC1_application_sequence=MAIN_OPTIONS_STAGE;
    1734:	82 e0       	ldi	r24, 0x02	; 2
    1736:	80 93 5c 01 	sts	0x015C, r24
    173a:	a7 ce       	rjmp	.-690    	; 0x148a <main+0x1be>

0000173c <create_Password>:
		}
}

                   /****** Functions Definitions******/
void create_Password(uint8 *a_PasswordArray)
{
    173c:	df 93       	push	r29
    173e:	cf 93       	push	r28
    1740:	cd b7       	in	r28, 0x3d	; 61
    1742:	de b7       	in	r29, 0x3e	; 62
    1744:	62 97       	sbiw	r28, 0x12	; 18
    1746:	0f b6       	in	r0, 0x3f	; 63
    1748:	f8 94       	cli
    174a:	de bf       	out	0x3e, r29	; 62
    174c:	0f be       	out	0x3f, r0	; 63
    174e:	cd bf       	out	0x3d, r28	; 61
    1750:	9a 8b       	std	Y+18, r25	; 0x12
    1752:	89 8b       	std	Y+17, r24	; 0x11
	uint8 counter=0;
    1754:	18 8a       	std	Y+16, r1	; 0x10
	uint8 pressedKey=KEYPAD_getPressedKey();
    1756:	0e 94 ce 0c 	call	0x199c	; 0x199c <KEYPAD_getPressedKey>
    175a:	8f 87       	std	Y+15, r24	; 0x0f
    175c:	9c c0       	rjmp	.+312    	; 0x1896 <create_Password+0x15a>
	while(pressedKey != '=')
	{
		pressedKey=KEYPAD_getPressedKey();
    175e:	0e 94 ce 0c 	call	0x199c	; 0x199c <KEYPAD_getPressedKey>
    1762:	8f 87       	std	Y+15, r24	; 0x0f
		if( ( pressedKey != '+' && pressedKey!= '-' && pressedKey!= '*' && pressedKey!= '%' && pressedKey!= '=') )
    1764:	8f 85       	ldd	r24, Y+15	; 0x0f
    1766:	8b 32       	cpi	r24, 0x2B	; 43
    1768:	09 f4       	brne	.+2      	; 0x176c <create_Password+0x30>
    176a:	95 c0       	rjmp	.+298    	; 0x1896 <create_Password+0x15a>
    176c:	8f 85       	ldd	r24, Y+15	; 0x0f
    176e:	8d 32       	cpi	r24, 0x2D	; 45
    1770:	09 f4       	brne	.+2      	; 0x1774 <create_Password+0x38>
    1772:	91 c0       	rjmp	.+290    	; 0x1896 <create_Password+0x15a>
    1774:	8f 85       	ldd	r24, Y+15	; 0x0f
    1776:	8a 32       	cpi	r24, 0x2A	; 42
    1778:	09 f4       	brne	.+2      	; 0x177c <create_Password+0x40>
    177a:	8d c0       	rjmp	.+282    	; 0x1896 <create_Password+0x15a>
    177c:	8f 85       	ldd	r24, Y+15	; 0x0f
    177e:	85 32       	cpi	r24, 0x25	; 37
    1780:	09 f4       	brne	.+2      	; 0x1784 <create_Password+0x48>
    1782:	89 c0       	rjmp	.+274    	; 0x1896 <create_Password+0x15a>
    1784:	8f 85       	ldd	r24, Y+15	; 0x0f
    1786:	8d 33       	cpi	r24, 0x3D	; 61
    1788:	09 f4       	brne	.+2      	; 0x178c <create_Password+0x50>
    178a:	85 c0       	rjmp	.+266    	; 0x1896 <create_Password+0x15a>
		{
			if(counter < PASSWORD_SIZE )
    178c:	88 89       	ldd	r24, Y+16	; 0x10
    178e:	85 30       	cpi	r24, 0x05	; 5
    1790:	80 f4       	brcc	.+32     	; 0x17b2 <create_Password+0x76>
			{
				*(a_PasswordArray+counter)=pressedKey;
    1792:	88 89       	ldd	r24, Y+16	; 0x10
    1794:	28 2f       	mov	r18, r24
    1796:	30 e0       	ldi	r19, 0x00	; 0
    1798:	89 89       	ldd	r24, Y+17	; 0x11
    179a:	9a 89       	ldd	r25, Y+18	; 0x12
    179c:	fc 01       	movw	r30, r24
    179e:	e2 0f       	add	r30, r18
    17a0:	f3 1f       	adc	r31, r19
    17a2:	8f 85       	ldd	r24, Y+15	; 0x0f
    17a4:	80 83       	st	Z, r24
				LCD_displayCharacter('*');
    17a6:	8a e2       	ldi	r24, 0x2A	; 42
    17a8:	0e 94 e4 10 	call	0x21c8	; 0x21c8 <LCD_displayCharacter>
				counter++;
    17ac:	88 89       	ldd	r24, Y+16	; 0x10
    17ae:	8f 5f       	subi	r24, 0xFF	; 255
    17b0:	88 8b       	std	Y+16, r24	; 0x10
    17b2:	80 e0       	ldi	r24, 0x00	; 0
    17b4:	90 e0       	ldi	r25, 0x00	; 0
    17b6:	aa ef       	ldi	r26, 0xFA	; 250
    17b8:	b3 e4       	ldi	r27, 0x43	; 67
    17ba:	8b 87       	std	Y+11, r24	; 0x0b
    17bc:	9c 87       	std	Y+12, r25	; 0x0c
    17be:	ad 87       	std	Y+13, r26	; 0x0d
    17c0:	be 87       	std	Y+14, r27	; 0x0e
 */
void
_delay_ms(double __ms)
{
	uint16_t __ticks;
	double __tmp = ((F_CPU) / 4e3) * __ms;
    17c2:	6b 85       	ldd	r22, Y+11	; 0x0b
    17c4:	7c 85       	ldd	r23, Y+12	; 0x0c
    17c6:	8d 85       	ldd	r24, Y+13	; 0x0d
    17c8:	9e 85       	ldd	r25, Y+14	; 0x0e
    17ca:	20 e0       	ldi	r18, 0x00	; 0
    17cc:	30 e0       	ldi	r19, 0x00	; 0
    17ce:	4a e7       	ldi	r20, 0x7A	; 122
    17d0:	55 e4       	ldi	r21, 0x45	; 69
    17d2:	0e 94 1f 02 	call	0x43e	; 0x43e <__mulsf3>
    17d6:	dc 01       	movw	r26, r24
    17d8:	cb 01       	movw	r24, r22
    17da:	8f 83       	std	Y+7, r24	; 0x07
    17dc:	98 87       	std	Y+8, r25	; 0x08
    17de:	a9 87       	std	Y+9, r26	; 0x09
    17e0:	ba 87       	std	Y+10, r27	; 0x0a
	if (__tmp < 1.0)
    17e2:	6f 81       	ldd	r22, Y+7	; 0x07
    17e4:	78 85       	ldd	r23, Y+8	; 0x08
    17e6:	89 85       	ldd	r24, Y+9	; 0x09
    17e8:	9a 85       	ldd	r25, Y+10	; 0x0a
    17ea:	20 e0       	ldi	r18, 0x00	; 0
    17ec:	30 e0       	ldi	r19, 0x00	; 0
    17ee:	40 e8       	ldi	r20, 0x80	; 128
    17f0:	5f e3       	ldi	r21, 0x3F	; 63
    17f2:	0e 94 79 03 	call	0x6f2	; 0x6f2 <__ltsf2>
    17f6:	88 23       	and	r24, r24
    17f8:	2c f4       	brge	.+10     	; 0x1804 <create_Password+0xc8>
		__ticks = 1;
    17fa:	81 e0       	ldi	r24, 0x01	; 1
    17fc:	90 e0       	ldi	r25, 0x00	; 0
    17fe:	9e 83       	std	Y+6, r25	; 0x06
    1800:	8d 83       	std	Y+5, r24	; 0x05
    1802:	3f c0       	rjmp	.+126    	; 0x1882 <create_Password+0x146>
	else if (__tmp > 65535)
    1804:	6f 81       	ldd	r22, Y+7	; 0x07
    1806:	78 85       	ldd	r23, Y+8	; 0x08
    1808:	89 85       	ldd	r24, Y+9	; 0x09
    180a:	9a 85       	ldd	r25, Y+10	; 0x0a
    180c:	20 e0       	ldi	r18, 0x00	; 0
    180e:	3f ef       	ldi	r19, 0xFF	; 255
    1810:	4f e7       	ldi	r20, 0x7F	; 127
    1812:	57 e4       	ldi	r21, 0x47	; 71
    1814:	0e 94 19 03 	call	0x632	; 0x632 <__gtsf2>
    1818:	18 16       	cp	r1, r24
    181a:	4c f5       	brge	.+82     	; 0x186e <create_Password+0x132>
	{
		//	__ticks = requested delay in 1/10 ms
		__ticks = (uint16_t) (__ms * 10.0);
    181c:	6b 85       	ldd	r22, Y+11	; 0x0b
    181e:	7c 85       	ldd	r23, Y+12	; 0x0c
    1820:	8d 85       	ldd	r24, Y+13	; 0x0d
    1822:	9e 85       	ldd	r25, Y+14	; 0x0e
    1824:	20 e0       	ldi	r18, 0x00	; 0
    1826:	30 e0       	ldi	r19, 0x00	; 0
    1828:	40 e2       	ldi	r20, 0x20	; 32
    182a:	51 e4       	ldi	r21, 0x41	; 65
    182c:	0e 94 1f 02 	call	0x43e	; 0x43e <__mulsf3>
    1830:	dc 01       	movw	r26, r24
    1832:	cb 01       	movw	r24, r22
    1834:	bc 01       	movw	r22, r24
    1836:	cd 01       	movw	r24, r26
    1838:	0e 94 49 00 	call	0x92	; 0x92 <__fixunssfsi>
    183c:	dc 01       	movw	r26, r24
    183e:	cb 01       	movw	r24, r22
    1840:	9e 83       	std	Y+6, r25	; 0x06
    1842:	8d 83       	std	Y+5, r24	; 0x05
    1844:	0f c0       	rjmp	.+30     	; 0x1864 <create_Password+0x128>
    1846:	80 e9       	ldi	r24, 0x90	; 144
    1848:	91 e0       	ldi	r25, 0x01	; 1
    184a:	9c 83       	std	Y+4, r25	; 0x04
    184c:	8b 83       	std	Y+3, r24	; 0x03
    184e:	8b 81       	ldd	r24, Y+3	; 0x03
    1850:	9c 81       	ldd	r25, Y+4	; 0x04
    1852:	01 97       	sbiw	r24, 0x01	; 1
    1854:	f1 f7       	brne	.-4      	; 0x1852 <create_Password+0x116>
    1856:	9c 83       	std	Y+4, r25	; 0x04
    1858:	8b 83       	std	Y+3, r24	; 0x03
		while(__ticks)
		{
			// wait 1/10 ms
			_delay_loop_2(((F_CPU) / 4e3) / 10);
			__ticks --;
    185a:	8d 81       	ldd	r24, Y+5	; 0x05
    185c:	9e 81       	ldd	r25, Y+6	; 0x06
    185e:	01 97       	sbiw	r24, 0x01	; 1
    1860:	9e 83       	std	Y+6, r25	; 0x06
    1862:	8d 83       	std	Y+5, r24	; 0x05
		__ticks = 1;
	else if (__tmp > 65535)
	{
		//	__ticks = requested delay in 1/10 ms
		__ticks = (uint16_t) (__ms * 10.0);
		while(__ticks)
    1864:	8d 81       	ldd	r24, Y+5	; 0x05
    1866:	9e 81       	ldd	r25, Y+6	; 0x06
    1868:	00 97       	sbiw	r24, 0x00	; 0
    186a:	69 f7       	brne	.-38     	; 0x1846 <create_Password+0x10a>
    186c:	14 c0       	rjmp	.+40     	; 0x1896 <create_Password+0x15a>
			__ticks --;
		}
		return;
	}
	else
		__ticks = (uint16_t)__tmp;
    186e:	6f 81       	ldd	r22, Y+7	; 0x07
    1870:	78 85       	ldd	r23, Y+8	; 0x08
    1872:	89 85       	ldd	r24, Y+9	; 0x09
    1874:	9a 85       	ldd	r25, Y+10	; 0x0a
    1876:	0e 94 49 00 	call	0x92	; 0x92 <__fixunssfsi>
    187a:	dc 01       	movw	r26, r24
    187c:	cb 01       	movw	r24, r22
    187e:	9e 83       	std	Y+6, r25	; 0x06
    1880:	8d 83       	std	Y+5, r24	; 0x05
    1882:	8d 81       	ldd	r24, Y+5	; 0x05
    1884:	9e 81       	ldd	r25, Y+6	; 0x06
    1886:	9a 83       	std	Y+2, r25	; 0x02
    1888:	89 83       	std	Y+1, r24	; 0x01
    188a:	89 81       	ldd	r24, Y+1	; 0x01
    188c:	9a 81       	ldd	r25, Y+2	; 0x02
    188e:	01 97       	sbiw	r24, 0x01	; 1
    1890:	f1 f7       	brne	.-4      	; 0x188e <create_Password+0x152>
    1892:	9a 83       	std	Y+2, r25	; 0x02
    1894:	89 83       	std	Y+1, r24	; 0x01
                   /****** Functions Definitions******/
void create_Password(uint8 *a_PasswordArray)
{
	uint8 counter=0;
	uint8 pressedKey=KEYPAD_getPressedKey();
	while(pressedKey != '=')
    1896:	8f 85       	ldd	r24, Y+15	; 0x0f
    1898:	8d 33       	cpi	r24, 0x3D	; 61
    189a:	09 f0       	breq	.+2      	; 0x189e <create_Password+0x162>
    189c:	60 cf       	rjmp	.-320    	; 0x175e <create_Password+0x22>
			}
			_delay_ms(500);
		}
	}

}
    189e:	62 96       	adiw	r28, 0x12	; 18
    18a0:	0f b6       	in	r0, 0x3f	; 63
    18a2:	f8 94       	cli
    18a4:	de bf       	out	0x3e, r29	; 62
    18a6:	0f be       	out	0x3f, r0	; 63
    18a8:	cd bf       	out	0x3d, r28	; 61
    18aa:	cf 91       	pop	r28
    18ac:	df 91       	pop	r29
    18ae:	08 95       	ret

000018b0 <send_Password>:

/* Sending Password entered by the user from HMI_ECU TO Control_ECU through UART*/
void send_Password(uint8 *Password_ptr1)
{
    18b0:	df 93       	push	r29
    18b2:	cf 93       	push	r28
    18b4:	00 d0       	rcall	.+0      	; 0x18b6 <send_Password+0x6>
    18b6:	0f 92       	push	r0
    18b8:	cd b7       	in	r28, 0x3d	; 61
    18ba:	de b7       	in	r29, 0x3e	; 62
    18bc:	9b 83       	std	Y+3, r25	; 0x03
    18be:	8a 83       	std	Y+2, r24	; 0x02
	uint8 i;
	UART_sendByte(READY);
    18c0:	8f ef       	ldi	r24, 0xFF	; 255
    18c2:	0e 94 6d 17 	call	0x2eda	; 0x2eda <UART_sendByte>
	while(UART_recieveByte()!=READY);
    18c6:	0e 94 81 17 	call	0x2f02	; 0x2f02 <UART_recieveByte>
    18ca:	8f 3f       	cpi	r24, 0xFF	; 255
    18cc:	e1 f7       	brne	.-8      	; 0x18c6 <send_Password+0x16>
	for(i=0;i<PASSWORD_SIZE;i++)
    18ce:	19 82       	std	Y+1, r1	; 0x01
    18d0:	0e c0       	rjmp	.+28     	; 0x18ee <send_Password+0x3e>
	{
		UART_sendByte(Password_ptr1[i]);
    18d2:	89 81       	ldd	r24, Y+1	; 0x01
    18d4:	28 2f       	mov	r18, r24
    18d6:	30 e0       	ldi	r19, 0x00	; 0
    18d8:	8a 81       	ldd	r24, Y+2	; 0x02
    18da:	9b 81       	ldd	r25, Y+3	; 0x03
    18dc:	fc 01       	movw	r30, r24
    18de:	e2 0f       	add	r30, r18
    18e0:	f3 1f       	adc	r31, r19
    18e2:	80 81       	ld	r24, Z
    18e4:	0e 94 6d 17 	call	0x2eda	; 0x2eda <UART_sendByte>
void send_Password(uint8 *Password_ptr1)
{
	uint8 i;
	UART_sendByte(READY);
	while(UART_recieveByte()!=READY);
	for(i=0;i<PASSWORD_SIZE;i++)
    18e8:	89 81       	ldd	r24, Y+1	; 0x01
    18ea:	8f 5f       	subi	r24, 0xFF	; 255
    18ec:	89 83       	std	Y+1, r24	; 0x01
    18ee:	89 81       	ldd	r24, Y+1	; 0x01
    18f0:	85 30       	cpi	r24, 0x05	; 5
    18f2:	78 f3       	brcs	.-34     	; 0x18d2 <send_Password+0x22>
	{
		UART_sendByte(Password_ptr1[i]);
	}
	while(UART_recieveByte()!=DONE);
    18f4:	0e 94 81 17 	call	0x2f02	; 0x2f02 <UART_recieveByte>
    18f8:	8e 3f       	cpi	r24, 0xFE	; 254
    18fa:	e1 f7       	brne	.-8      	; 0x18f4 <send_Password+0x44>

}
    18fc:	0f 90       	pop	r0
    18fe:	0f 90       	pop	r0
    1900:	0f 90       	pop	r0
    1902:	cf 91       	pop	r28
    1904:	df 91       	pop	r29
    1906:	08 95       	ret

00001908 <Password_Checker>:


/*1-Sending Password entered by the user from HMI_ECU TO Control_ECU through UART*/
uint8 Password_Checker(void)
{
    1908:	df 93       	push	r29
    190a:	cf 93       	push	r28
    190c:	0f 92       	push	r0
    190e:	cd b7       	in	r28, 0x3d	; 61
    1910:	de b7       	in	r29, 0x3e	; 62
	uint8 state=-1;
    1912:	8f ef       	ldi	r24, 0xFF	; 255
    1914:	89 83       	std	Y+1, r24	; 0x01
	state= recieve_Byte();
    1916:	0e 94 93 0c 	call	0x1926	; 0x1926 <recieve_Byte>
    191a:	89 83       	std	Y+1, r24	; 0x01
	return state;
    191c:	89 81       	ldd	r24, Y+1	; 0x01
}
    191e:	0f 90       	pop	r0
    1920:	cf 91       	pop	r28
    1922:	df 91       	pop	r29
    1924:	08 95       	ret

00001926 <recieve_Byte>:

/*  Receiving data from the UART in the HMI_ECU*/
uint8 recieve_Byte(void)
{
    1926:	df 93       	push	r29
    1928:	cf 93       	push	r28
    192a:	0f 92       	push	r0
    192c:	cd b7       	in	r28, 0x3d	; 61
    192e:	de b7       	in	r29, 0x3e	; 62
	uint8 byte;
	while(UART_recieveByte() != READY){}
    1930:	0e 94 81 17 	call	0x2f02	; 0x2f02 <UART_recieveByte>
    1934:	8f 3f       	cpi	r24, 0xFF	; 255
    1936:	e1 f7       	brne	.-8      	; 0x1930 <recieve_Byte+0xa>
	UART_sendByte(READY);
    1938:	8f ef       	ldi	r24, 0xFF	; 255
    193a:	0e 94 6d 17 	call	0x2eda	; 0x2eda <UART_sendByte>
	byte=UART_recieveByte();
    193e:	0e 94 81 17 	call	0x2f02	; 0x2f02 <UART_recieveByte>
    1942:	89 83       	std	Y+1, r24	; 0x01
	UART_sendByte(DONE);
    1944:	8e ef       	ldi	r24, 0xFE	; 254
    1946:	0e 94 6d 17 	call	0x2eda	; 0x2eda <UART_sendByte>
	return byte;
    194a:	89 81       	ldd	r24, Y+1	; 0x01
}
    194c:	0f 90       	pop	r0
    194e:	cf 91       	pop	r28
    1950:	df 91       	pop	r29
    1952:	08 95       	ret

00001954 <send_Byte>:
/* Sending data to the UART in the HMI_ECU*/
void send_Byte(uint8 byte)
{
    1954:	df 93       	push	r29
    1956:	cf 93       	push	r28
    1958:	0f 92       	push	r0
    195a:	cd b7       	in	r28, 0x3d	; 61
    195c:	de b7       	in	r29, 0x3e	; 62
    195e:	89 83       	std	Y+1, r24	; 0x01
	UART_sendByte(READY);
    1960:	8f ef       	ldi	r24, 0xFF	; 255
    1962:	0e 94 6d 17 	call	0x2eda	; 0x2eda <UART_sendByte>
	while(UART_recieveByte() != READY){}
    1966:	0e 94 81 17 	call	0x2f02	; 0x2f02 <UART_recieveByte>
    196a:	8f 3f       	cpi	r24, 0xFF	; 255
    196c:	e1 f7       	brne	.-8      	; 0x1966 <send_Byte+0x12>
	UART_sendByte(byte);
    196e:	89 81       	ldd	r24, Y+1	; 0x01
    1970:	0e 94 6d 17 	call	0x2eda	; 0x2eda <UART_sendByte>
	while(UART_recieveByte() != DONE){}
    1974:	0e 94 81 17 	call	0x2f02	; 0x2f02 <UART_recieveByte>
    1978:	8e 3f       	cpi	r24, 0xFE	; 254
    197a:	e1 f7       	brne	.-8      	; 0x1974 <send_Byte+0x20>
}
    197c:	0f 90       	pop	r0
    197e:	cf 91       	pop	r28
    1980:	df 91       	pop	r29
    1982:	08 95       	ret

00001984 <timer1_SetRequiredCallBackFunction>:
/*
 * Function Description :
 * used to increment a global variable to indicate number of interrupts happend for timer1
 */
void timer1_SetRequiredCallBackFunction(void)
{
    1984:	df 93       	push	r29
    1986:	cf 93       	push	r28
    1988:	cd b7       	in	r28, 0x3d	; 61
    198a:	de b7       	in	r29, 0x3e	; 62
	g_tick++;
    198c:	80 91 5d 01 	lds	r24, 0x015D
    1990:	8f 5f       	subi	r24, 0xFF	; 255
    1992:	80 93 5d 01 	sts	0x015D, r24
}
    1996:	cf 91       	pop	r28
    1998:	df 91       	pop	r29
    199a:	08 95       	ret

0000199c <KEYPAD_getPressedKey>:
/*******************************************************************************
 *                      Functions Definitions                                  *
 *******************************************************************************/

uint8 KEYPAD_getPressedKey(void)
{
    199c:	df 93       	push	r29
    199e:	cf 93       	push	r28
    19a0:	cd b7       	in	r28, 0x3d	; 61
    19a2:	de b7       	in	r29, 0x3e	; 62
    19a4:	60 97       	sbiw	r28, 0x10	; 16
    19a6:	0f b6       	in	r0, 0x3f	; 63
    19a8:	f8 94       	cli
    19aa:	de bf       	out	0x3e, r29	; 62
    19ac:	0f be       	out	0x3f, r0	; 63
    19ae:	cd bf       	out	0x3d, r28	; 61
	uint8 col,row;
	GPIO_setupPinDirection(KEYPAD_ROW_PORT_ID, KEYPAD_FIRST_ROW_PIN_ID, PIN_INPUT);
    19b0:	81 e0       	ldi	r24, 0x01	; 1
    19b2:	60 e0       	ldi	r22, 0x00	; 0
    19b4:	40 e0       	ldi	r20, 0x00	; 0
    19b6:	0e 94 a3 05 	call	0xb46	; 0xb46 <GPIO_setupPinDirection>
	GPIO_setupPinDirection(KEYPAD_ROW_PORT_ID, KEYPAD_FIRST_ROW_PIN_ID+1, PIN_INPUT);
    19ba:	81 e0       	ldi	r24, 0x01	; 1
    19bc:	61 e0       	ldi	r22, 0x01	; 1
    19be:	40 e0       	ldi	r20, 0x00	; 0
    19c0:	0e 94 a3 05 	call	0xb46	; 0xb46 <GPIO_setupPinDirection>
	GPIO_setupPinDirection(KEYPAD_ROW_PORT_ID, KEYPAD_FIRST_ROW_PIN_ID+2, PIN_INPUT);
    19c4:	81 e0       	ldi	r24, 0x01	; 1
    19c6:	62 e0       	ldi	r22, 0x02	; 2
    19c8:	40 e0       	ldi	r20, 0x00	; 0
    19ca:	0e 94 a3 05 	call	0xb46	; 0xb46 <GPIO_setupPinDirection>
	GPIO_setupPinDirection(KEYPAD_ROW_PORT_ID, KEYPAD_FIRST_ROW_PIN_ID+3, PIN_INPUT);
    19ce:	81 e0       	ldi	r24, 0x01	; 1
    19d0:	63 e0       	ldi	r22, 0x03	; 3
    19d2:	40 e0       	ldi	r20, 0x00	; 0
    19d4:	0e 94 a3 05 	call	0xb46	; 0xb46 <GPIO_setupPinDirection>

	GPIO_setupPinDirection(KEYPAD_COL_PORT_ID, KEYPAD_FIRST_COL_PIN_ID, PIN_INPUT);
    19d8:	81 e0       	ldi	r24, 0x01	; 1
    19da:	64 e0       	ldi	r22, 0x04	; 4
    19dc:	40 e0       	ldi	r20, 0x00	; 0
    19de:	0e 94 a3 05 	call	0xb46	; 0xb46 <GPIO_setupPinDirection>
	GPIO_setupPinDirection(KEYPAD_COL_PORT_ID, KEYPAD_FIRST_COL_PIN_ID+1, PIN_INPUT);
    19e2:	81 e0       	ldi	r24, 0x01	; 1
    19e4:	65 e0       	ldi	r22, 0x05	; 5
    19e6:	40 e0       	ldi	r20, 0x00	; 0
    19e8:	0e 94 a3 05 	call	0xb46	; 0xb46 <GPIO_setupPinDirection>
	GPIO_setupPinDirection(KEYPAD_COL_PORT_ID, KEYPAD_FIRST_COL_PIN_ID+2, PIN_INPUT);
    19ec:	81 e0       	ldi	r24, 0x01	; 1
    19ee:	66 e0       	ldi	r22, 0x06	; 6
    19f0:	40 e0       	ldi	r20, 0x00	; 0
    19f2:	0e 94 a3 05 	call	0xb46	; 0xb46 <GPIO_setupPinDirection>
#if(KEYPAD_NUM_COLS == 4)
	GPIO_setupPinDirection(KEYPAD_COL_PORT_ID, KEYPAD_FIRST_COL_PIN_ID+3, PIN_INPUT);
    19f6:	81 e0       	ldi	r24, 0x01	; 1
    19f8:	67 e0       	ldi	r22, 0x07	; 7
    19fa:	40 e0       	ldi	r20, 0x00	; 0
    19fc:	0e 94 a3 05 	call	0xb46	; 0xb46 <GPIO_setupPinDirection>
#endif
	while(1)
	{
		for(row=0 ; row<KEYPAD_NUM_ROWS ; row++) /* loop for rows */
    1a00:	1f 86       	std	Y+15, r1	; 0x0f
    1a02:	ab c0       	rjmp	.+342    	; 0x1b5a <KEYPAD_getPressedKey+0x1be>
		{
			/* 
			 * Each time setup the direction for all keypad port as input pins,
			 * except this row will be output pin
			 */
			GPIO_setupPinDirection(KEYPAD_ROW_PORT_ID,KEYPAD_FIRST_ROW_PIN_ID+row,PIN_OUTPUT);
    1a04:	81 e0       	ldi	r24, 0x01	; 1
    1a06:	6f 85       	ldd	r22, Y+15	; 0x0f
    1a08:	41 e0       	ldi	r20, 0x01	; 1
    1a0a:	0e 94 a3 05 	call	0xb46	; 0xb46 <GPIO_setupPinDirection>

			/* Set/Clear the row output pin */
			GPIO_writePin(KEYPAD_ROW_PORT_ID, KEYPAD_FIRST_ROW_PIN_ID+row, KEYPAD_BUTTON_PRESSED);
    1a0e:	81 e0       	ldi	r24, 0x01	; 1
    1a10:	6f 85       	ldd	r22, Y+15	; 0x0f
    1a12:	40 e0       	ldi	r20, 0x00	; 0
    1a14:	0e 94 8e 06 	call	0xd1c	; 0xd1c <GPIO_writePin>

			for(col=0 ; col<KEYPAD_NUM_COLS ; col++) /* loop for columns */
    1a18:	18 8a       	std	Y+16, r1	; 0x10
    1a1a:	22 c0       	rjmp	.+68     	; 0x1a60 <KEYPAD_getPressedKey+0xc4>
			{
				/* Check if the switch is pressed in this column */
				if(GPIO_readPin(KEYPAD_COL_PORT_ID,KEYPAD_FIRST_COL_PIN_ID+col) == KEYPAD_BUTTON_PRESSED)
    1a1c:	88 89       	ldd	r24, Y+16	; 0x10
    1a1e:	98 2f       	mov	r25, r24
    1a20:	9c 5f       	subi	r25, 0xFC	; 252
    1a22:	81 e0       	ldi	r24, 0x01	; 1
    1a24:	69 2f       	mov	r22, r25
    1a26:	0e 94 79 07 	call	0xef2	; 0xef2 <GPIO_readPin>
    1a2a:	88 23       	and	r24, r24
    1a2c:	b1 f4       	brne	.+44     	; 0x1a5a <KEYPAD_getPressedKey+0xbe>
						#endif
					#elif (KEYPAD_NUM_COLS == 4)
						#ifdef STANDARD_KEYPAD
							return ((row*KEYPAD_NUM_COLS)+col+1);
						#else
							return KEYPAD_4x4_adjustKeyNumber((row*KEYPAD_NUM_COLS)+col+1);
    1a2e:	8f 85       	ldd	r24, Y+15	; 0x0f
    1a30:	88 2f       	mov	r24, r24
    1a32:	90 e0       	ldi	r25, 0x00	; 0
    1a34:	88 0f       	add	r24, r24
    1a36:	99 1f       	adc	r25, r25
    1a38:	88 0f       	add	r24, r24
    1a3a:	99 1f       	adc	r25, r25
    1a3c:	98 2f       	mov	r25, r24
    1a3e:	88 89       	ldd	r24, Y+16	; 0x10
    1a40:	89 0f       	add	r24, r25
    1a42:	8f 5f       	subi	r24, 0xFF	; 255
    1a44:	0e 94 b2 0d 	call	0x1b64	; 0x1b64 <KEYPAD_4x4_adjustKeyNumber>
			}
			GPIO_setupPinDirection(KEYPAD_ROW_PORT_ID,KEYPAD_FIRST_ROW_PIN_ID+row,PIN_INPUT);
			_delay_ms(15); /* Add small delay to fix CPU load issue in proteus */
		}
	}	
}
    1a48:	60 96       	adiw	r28, 0x10	; 16
    1a4a:	0f b6       	in	r0, 0x3f	; 63
    1a4c:	f8 94       	cli
    1a4e:	de bf       	out	0x3e, r29	; 62
    1a50:	0f be       	out	0x3f, r0	; 63
    1a52:	cd bf       	out	0x3d, r28	; 61
    1a54:	cf 91       	pop	r28
    1a56:	df 91       	pop	r29
    1a58:	08 95       	ret
			GPIO_setupPinDirection(KEYPAD_ROW_PORT_ID,KEYPAD_FIRST_ROW_PIN_ID+row,PIN_OUTPUT);

			/* Set/Clear the row output pin */
			GPIO_writePin(KEYPAD_ROW_PORT_ID, KEYPAD_FIRST_ROW_PIN_ID+row, KEYPAD_BUTTON_PRESSED);

			for(col=0 ; col<KEYPAD_NUM_COLS ; col++) /* loop for columns */
    1a5a:	88 89       	ldd	r24, Y+16	; 0x10
    1a5c:	8f 5f       	subi	r24, 0xFF	; 255
    1a5e:	88 8b       	std	Y+16, r24	; 0x10
    1a60:	88 89       	ldd	r24, Y+16	; 0x10
    1a62:	84 30       	cpi	r24, 0x04	; 4
    1a64:	d8 f2       	brcs	.-74     	; 0x1a1c <KEYPAD_getPressedKey+0x80>
							return KEYPAD_4x4_adjustKeyNumber((row*KEYPAD_NUM_COLS)+col+1);
						#endif
					#endif
				}
			}
			GPIO_setupPinDirection(KEYPAD_ROW_PORT_ID,KEYPAD_FIRST_ROW_PIN_ID+row,PIN_INPUT);
    1a66:	81 e0       	ldi	r24, 0x01	; 1
    1a68:	6f 85       	ldd	r22, Y+15	; 0x0f
    1a6a:	40 e0       	ldi	r20, 0x00	; 0
    1a6c:	0e 94 a3 05 	call	0xb46	; 0xb46 <GPIO_setupPinDirection>
    1a70:	80 e0       	ldi	r24, 0x00	; 0
    1a72:	90 e0       	ldi	r25, 0x00	; 0
    1a74:	a0 e7       	ldi	r26, 0x70	; 112
    1a76:	b1 e4       	ldi	r27, 0x41	; 65
    1a78:	8b 87       	std	Y+11, r24	; 0x0b
    1a7a:	9c 87       	std	Y+12, r25	; 0x0c
    1a7c:	ad 87       	std	Y+13, r26	; 0x0d
    1a7e:	be 87       	std	Y+14, r27	; 0x0e
 */
void
_delay_ms(double __ms)
{
	uint16_t __ticks;
	double __tmp = ((F_CPU) / 4e3) * __ms;
    1a80:	6b 85       	ldd	r22, Y+11	; 0x0b
    1a82:	7c 85       	ldd	r23, Y+12	; 0x0c
    1a84:	8d 85       	ldd	r24, Y+13	; 0x0d
    1a86:	9e 85       	ldd	r25, Y+14	; 0x0e
    1a88:	20 e0       	ldi	r18, 0x00	; 0
    1a8a:	30 e0       	ldi	r19, 0x00	; 0
    1a8c:	4a e7       	ldi	r20, 0x7A	; 122
    1a8e:	55 e4       	ldi	r21, 0x45	; 69
    1a90:	0e 94 1f 02 	call	0x43e	; 0x43e <__mulsf3>
    1a94:	dc 01       	movw	r26, r24
    1a96:	cb 01       	movw	r24, r22
    1a98:	8f 83       	std	Y+7, r24	; 0x07
    1a9a:	98 87       	std	Y+8, r25	; 0x08
    1a9c:	a9 87       	std	Y+9, r26	; 0x09
    1a9e:	ba 87       	std	Y+10, r27	; 0x0a
	if (__tmp < 1.0)
    1aa0:	6f 81       	ldd	r22, Y+7	; 0x07
    1aa2:	78 85       	ldd	r23, Y+8	; 0x08
    1aa4:	89 85       	ldd	r24, Y+9	; 0x09
    1aa6:	9a 85       	ldd	r25, Y+10	; 0x0a
    1aa8:	20 e0       	ldi	r18, 0x00	; 0
    1aaa:	30 e0       	ldi	r19, 0x00	; 0
    1aac:	40 e8       	ldi	r20, 0x80	; 128
    1aae:	5f e3       	ldi	r21, 0x3F	; 63
    1ab0:	0e 94 79 03 	call	0x6f2	; 0x6f2 <__ltsf2>
    1ab4:	88 23       	and	r24, r24
    1ab6:	2c f4       	brge	.+10     	; 0x1ac2 <KEYPAD_getPressedKey+0x126>
		__ticks = 1;
    1ab8:	81 e0       	ldi	r24, 0x01	; 1
    1aba:	90 e0       	ldi	r25, 0x00	; 0
    1abc:	9e 83       	std	Y+6, r25	; 0x06
    1abe:	8d 83       	std	Y+5, r24	; 0x05
    1ac0:	3f c0       	rjmp	.+126    	; 0x1b40 <KEYPAD_getPressedKey+0x1a4>
	else if (__tmp > 65535)
    1ac2:	6f 81       	ldd	r22, Y+7	; 0x07
    1ac4:	78 85       	ldd	r23, Y+8	; 0x08
    1ac6:	89 85       	ldd	r24, Y+9	; 0x09
    1ac8:	9a 85       	ldd	r25, Y+10	; 0x0a
    1aca:	20 e0       	ldi	r18, 0x00	; 0
    1acc:	3f ef       	ldi	r19, 0xFF	; 255
    1ace:	4f e7       	ldi	r20, 0x7F	; 127
    1ad0:	57 e4       	ldi	r21, 0x47	; 71
    1ad2:	0e 94 19 03 	call	0x632	; 0x632 <__gtsf2>
    1ad6:	18 16       	cp	r1, r24
    1ad8:	4c f5       	brge	.+82     	; 0x1b2c <KEYPAD_getPressedKey+0x190>
	{
		//	__ticks = requested delay in 1/10 ms
		__ticks = (uint16_t) (__ms * 10.0);
    1ada:	6b 85       	ldd	r22, Y+11	; 0x0b
    1adc:	7c 85       	ldd	r23, Y+12	; 0x0c
    1ade:	8d 85       	ldd	r24, Y+13	; 0x0d
    1ae0:	9e 85       	ldd	r25, Y+14	; 0x0e
    1ae2:	20 e0       	ldi	r18, 0x00	; 0
    1ae4:	30 e0       	ldi	r19, 0x00	; 0
    1ae6:	40 e2       	ldi	r20, 0x20	; 32
    1ae8:	51 e4       	ldi	r21, 0x41	; 65
    1aea:	0e 94 1f 02 	call	0x43e	; 0x43e <__mulsf3>
    1aee:	dc 01       	movw	r26, r24
    1af0:	cb 01       	movw	r24, r22
    1af2:	bc 01       	movw	r22, r24
    1af4:	cd 01       	movw	r24, r26
    1af6:	0e 94 49 00 	call	0x92	; 0x92 <__fixunssfsi>
    1afa:	dc 01       	movw	r26, r24
    1afc:	cb 01       	movw	r24, r22
    1afe:	9e 83       	std	Y+6, r25	; 0x06
    1b00:	8d 83       	std	Y+5, r24	; 0x05
    1b02:	0f c0       	rjmp	.+30     	; 0x1b22 <KEYPAD_getPressedKey+0x186>
    1b04:	80 e9       	ldi	r24, 0x90	; 144
    1b06:	91 e0       	ldi	r25, 0x01	; 1
    1b08:	9c 83       	std	Y+4, r25	; 0x04
    1b0a:	8b 83       	std	Y+3, r24	; 0x03
    1b0c:	8b 81       	ldd	r24, Y+3	; 0x03
    1b0e:	9c 81       	ldd	r25, Y+4	; 0x04
    1b10:	01 97       	sbiw	r24, 0x01	; 1
    1b12:	f1 f7       	brne	.-4      	; 0x1b10 <KEYPAD_getPressedKey+0x174>
    1b14:	9c 83       	std	Y+4, r25	; 0x04
    1b16:	8b 83       	std	Y+3, r24	; 0x03
		while(__ticks)
		{
			// wait 1/10 ms
			_delay_loop_2(((F_CPU) / 4e3) / 10);
			__ticks --;
    1b18:	8d 81       	ldd	r24, Y+5	; 0x05
    1b1a:	9e 81       	ldd	r25, Y+6	; 0x06
    1b1c:	01 97       	sbiw	r24, 0x01	; 1
    1b1e:	9e 83       	std	Y+6, r25	; 0x06
    1b20:	8d 83       	std	Y+5, r24	; 0x05
		__ticks = 1;
	else if (__tmp > 65535)
	{
		//	__ticks = requested delay in 1/10 ms
		__ticks = (uint16_t) (__ms * 10.0);
		while(__ticks)
    1b22:	8d 81       	ldd	r24, Y+5	; 0x05
    1b24:	9e 81       	ldd	r25, Y+6	; 0x06
    1b26:	00 97       	sbiw	r24, 0x00	; 0
    1b28:	69 f7       	brne	.-38     	; 0x1b04 <KEYPAD_getPressedKey+0x168>
    1b2a:	14 c0       	rjmp	.+40     	; 0x1b54 <KEYPAD_getPressedKey+0x1b8>
			__ticks --;
		}
		return;
	}
	else
		__ticks = (uint16_t)__tmp;
    1b2c:	6f 81       	ldd	r22, Y+7	; 0x07
    1b2e:	78 85       	ldd	r23, Y+8	; 0x08
    1b30:	89 85       	ldd	r24, Y+9	; 0x09
    1b32:	9a 85       	ldd	r25, Y+10	; 0x0a
    1b34:	0e 94 49 00 	call	0x92	; 0x92 <__fixunssfsi>
    1b38:	dc 01       	movw	r26, r24
    1b3a:	cb 01       	movw	r24, r22
    1b3c:	9e 83       	std	Y+6, r25	; 0x06
    1b3e:	8d 83       	std	Y+5, r24	; 0x05
    1b40:	8d 81       	ldd	r24, Y+5	; 0x05
    1b42:	9e 81       	ldd	r25, Y+6	; 0x06
    1b44:	9a 83       	std	Y+2, r25	; 0x02
    1b46:	89 83       	std	Y+1, r24	; 0x01
    1b48:	89 81       	ldd	r24, Y+1	; 0x01
    1b4a:	9a 81       	ldd	r25, Y+2	; 0x02
    1b4c:	01 97       	sbiw	r24, 0x01	; 1
    1b4e:	f1 f7       	brne	.-4      	; 0x1b4c <KEYPAD_getPressedKey+0x1b0>
    1b50:	9a 83       	std	Y+2, r25	; 0x02
    1b52:	89 83       	std	Y+1, r24	; 0x01
#if(KEYPAD_NUM_COLS == 4)
	GPIO_setupPinDirection(KEYPAD_COL_PORT_ID, KEYPAD_FIRST_COL_PIN_ID+3, PIN_INPUT);
#endif
	while(1)
	{
		for(row=0 ; row<KEYPAD_NUM_ROWS ; row++) /* loop for rows */
    1b54:	8f 85       	ldd	r24, Y+15	; 0x0f
    1b56:	8f 5f       	subi	r24, 0xFF	; 255
    1b58:	8f 87       	std	Y+15, r24	; 0x0f
    1b5a:	8f 85       	ldd	r24, Y+15	; 0x0f
    1b5c:	84 30       	cpi	r24, 0x04	; 4
    1b5e:	08 f4       	brcc	.+2      	; 0x1b62 <KEYPAD_getPressedKey+0x1c6>
    1b60:	51 cf       	rjmp	.-350    	; 0x1a04 <KEYPAD_getPressedKey+0x68>
    1b62:	4e cf       	rjmp	.-356    	; 0x1a00 <KEYPAD_getPressedKey+0x64>

00001b64 <KEYPAD_4x4_adjustKeyNumber>:
/*
 * Description :
 * Update the keypad pressed button value with the correct one in keypad 4x4 shape
 */
static uint8 KEYPAD_4x4_adjustKeyNumber(uint8 button_number)
{
    1b64:	df 93       	push	r29
    1b66:	cf 93       	push	r28
    1b68:	00 d0       	rcall	.+0      	; 0x1b6a <KEYPAD_4x4_adjustKeyNumber+0x6>
    1b6a:	00 d0       	rcall	.+0      	; 0x1b6c <KEYPAD_4x4_adjustKeyNumber+0x8>
    1b6c:	cd b7       	in	r28, 0x3d	; 61
    1b6e:	de b7       	in	r29, 0x3e	; 62
    1b70:	8a 83       	std	Y+2, r24	; 0x02
	uint8 keypad_button = 0;
    1b72:	19 82       	std	Y+1, r1	; 0x01
	switch(button_number)
    1b74:	8a 81       	ldd	r24, Y+2	; 0x02
    1b76:	28 2f       	mov	r18, r24
    1b78:	30 e0       	ldi	r19, 0x00	; 0
    1b7a:	3c 83       	std	Y+4, r19	; 0x04
    1b7c:	2b 83       	std	Y+3, r18	; 0x03
    1b7e:	8b 81       	ldd	r24, Y+3	; 0x03
    1b80:	9c 81       	ldd	r25, Y+4	; 0x04
    1b82:	88 30       	cpi	r24, 0x08	; 8
    1b84:	91 05       	cpc	r25, r1
    1b86:	09 f4       	brne	.+2      	; 0x1b8a <KEYPAD_4x4_adjustKeyNumber+0x26>
    1b88:	70 c0       	rjmp	.+224    	; 0x1c6a <KEYPAD_4x4_adjustKeyNumber+0x106>
    1b8a:	2b 81       	ldd	r18, Y+3	; 0x03
    1b8c:	3c 81       	ldd	r19, Y+4	; 0x04
    1b8e:	29 30       	cpi	r18, 0x09	; 9
    1b90:	31 05       	cpc	r19, r1
    1b92:	5c f5       	brge	.+86     	; 0x1bea <KEYPAD_4x4_adjustKeyNumber+0x86>
    1b94:	8b 81       	ldd	r24, Y+3	; 0x03
    1b96:	9c 81       	ldd	r25, Y+4	; 0x04
    1b98:	84 30       	cpi	r24, 0x04	; 4
    1b9a:	91 05       	cpc	r25, r1
    1b9c:	09 f4       	brne	.+2      	; 0x1ba0 <KEYPAD_4x4_adjustKeyNumber+0x3c>
    1b9e:	59 c0       	rjmp	.+178    	; 0x1c52 <KEYPAD_4x4_adjustKeyNumber+0xee>
    1ba0:	2b 81       	ldd	r18, Y+3	; 0x03
    1ba2:	3c 81       	ldd	r19, Y+4	; 0x04
    1ba4:	25 30       	cpi	r18, 0x05	; 5
    1ba6:	31 05       	cpc	r19, r1
    1ba8:	9c f4       	brge	.+38     	; 0x1bd0 <KEYPAD_4x4_adjustKeyNumber+0x6c>
    1baa:	8b 81       	ldd	r24, Y+3	; 0x03
    1bac:	9c 81       	ldd	r25, Y+4	; 0x04
    1bae:	82 30       	cpi	r24, 0x02	; 2
    1bb0:	91 05       	cpc	r25, r1
    1bb2:	09 f4       	brne	.+2      	; 0x1bb6 <KEYPAD_4x4_adjustKeyNumber+0x52>
    1bb4:	48 c0       	rjmp	.+144    	; 0x1c46 <KEYPAD_4x4_adjustKeyNumber+0xe2>
    1bb6:	2b 81       	ldd	r18, Y+3	; 0x03
    1bb8:	3c 81       	ldd	r19, Y+4	; 0x04
    1bba:	23 30       	cpi	r18, 0x03	; 3
    1bbc:	31 05       	cpc	r19, r1
    1bbe:	0c f0       	brlt	.+2      	; 0x1bc2 <KEYPAD_4x4_adjustKeyNumber+0x5e>
    1bc0:	45 c0       	rjmp	.+138    	; 0x1c4c <KEYPAD_4x4_adjustKeyNumber+0xe8>
    1bc2:	8b 81       	ldd	r24, Y+3	; 0x03
    1bc4:	9c 81       	ldd	r25, Y+4	; 0x04
    1bc6:	81 30       	cpi	r24, 0x01	; 1
    1bc8:	91 05       	cpc	r25, r1
    1bca:	09 f4       	brne	.+2      	; 0x1bce <KEYPAD_4x4_adjustKeyNumber+0x6a>
    1bcc:	39 c0       	rjmp	.+114    	; 0x1c40 <KEYPAD_4x4_adjustKeyNumber+0xdc>
    1bce:	67 c0       	rjmp	.+206    	; 0x1c9e <KEYPAD_4x4_adjustKeyNumber+0x13a>
    1bd0:	2b 81       	ldd	r18, Y+3	; 0x03
    1bd2:	3c 81       	ldd	r19, Y+4	; 0x04
    1bd4:	26 30       	cpi	r18, 0x06	; 6
    1bd6:	31 05       	cpc	r19, r1
    1bd8:	09 f4       	brne	.+2      	; 0x1bdc <KEYPAD_4x4_adjustKeyNumber+0x78>
    1bda:	41 c0       	rjmp	.+130    	; 0x1c5e <KEYPAD_4x4_adjustKeyNumber+0xfa>
    1bdc:	8b 81       	ldd	r24, Y+3	; 0x03
    1bde:	9c 81       	ldd	r25, Y+4	; 0x04
    1be0:	87 30       	cpi	r24, 0x07	; 7
    1be2:	91 05       	cpc	r25, r1
    1be4:	0c f0       	brlt	.+2      	; 0x1be8 <KEYPAD_4x4_adjustKeyNumber+0x84>
    1be6:	3e c0       	rjmp	.+124    	; 0x1c64 <KEYPAD_4x4_adjustKeyNumber+0x100>
    1be8:	37 c0       	rjmp	.+110    	; 0x1c58 <KEYPAD_4x4_adjustKeyNumber+0xf4>
    1bea:	2b 81       	ldd	r18, Y+3	; 0x03
    1bec:	3c 81       	ldd	r19, Y+4	; 0x04
    1bee:	2c 30       	cpi	r18, 0x0C	; 12
    1bf0:	31 05       	cpc	r19, r1
    1bf2:	09 f4       	brne	.+2      	; 0x1bf6 <KEYPAD_4x4_adjustKeyNumber+0x92>
    1bf4:	46 c0       	rjmp	.+140    	; 0x1c82 <KEYPAD_4x4_adjustKeyNumber+0x11e>
    1bf6:	8b 81       	ldd	r24, Y+3	; 0x03
    1bf8:	9c 81       	ldd	r25, Y+4	; 0x04
    1bfa:	8d 30       	cpi	r24, 0x0D	; 13
    1bfc:	91 05       	cpc	r25, r1
    1bfe:	5c f4       	brge	.+22     	; 0x1c16 <KEYPAD_4x4_adjustKeyNumber+0xb2>
    1c00:	2b 81       	ldd	r18, Y+3	; 0x03
    1c02:	3c 81       	ldd	r19, Y+4	; 0x04
    1c04:	2a 30       	cpi	r18, 0x0A	; 10
    1c06:	31 05       	cpc	r19, r1
    1c08:	b1 f1       	breq	.+108    	; 0x1c76 <KEYPAD_4x4_adjustKeyNumber+0x112>
    1c0a:	8b 81       	ldd	r24, Y+3	; 0x03
    1c0c:	9c 81       	ldd	r25, Y+4	; 0x04
    1c0e:	8b 30       	cpi	r24, 0x0B	; 11
    1c10:	91 05       	cpc	r25, r1
    1c12:	a4 f5       	brge	.+104    	; 0x1c7c <KEYPAD_4x4_adjustKeyNumber+0x118>
    1c14:	2d c0       	rjmp	.+90     	; 0x1c70 <KEYPAD_4x4_adjustKeyNumber+0x10c>
    1c16:	2b 81       	ldd	r18, Y+3	; 0x03
    1c18:	3c 81       	ldd	r19, Y+4	; 0x04
    1c1a:	2e 30       	cpi	r18, 0x0E	; 14
    1c1c:	31 05       	cpc	r19, r1
    1c1e:	b9 f1       	breq	.+110    	; 0x1c8e <KEYPAD_4x4_adjustKeyNumber+0x12a>
    1c20:	8b 81       	ldd	r24, Y+3	; 0x03
    1c22:	9c 81       	ldd	r25, Y+4	; 0x04
    1c24:	8e 30       	cpi	r24, 0x0E	; 14
    1c26:	91 05       	cpc	r25, r1
    1c28:	7c f1       	brlt	.+94     	; 0x1c88 <KEYPAD_4x4_adjustKeyNumber+0x124>
    1c2a:	2b 81       	ldd	r18, Y+3	; 0x03
    1c2c:	3c 81       	ldd	r19, Y+4	; 0x04
    1c2e:	2f 30       	cpi	r18, 0x0F	; 15
    1c30:	31 05       	cpc	r19, r1
    1c32:	79 f1       	breq	.+94     	; 0x1c92 <KEYPAD_4x4_adjustKeyNumber+0x12e>
    1c34:	8b 81       	ldd	r24, Y+3	; 0x03
    1c36:	9c 81       	ldd	r25, Y+4	; 0x04
    1c38:	80 31       	cpi	r24, 0x10	; 16
    1c3a:	91 05       	cpc	r25, r1
    1c3c:	69 f1       	breq	.+90     	; 0x1c98 <KEYPAD_4x4_adjustKeyNumber+0x134>
    1c3e:	2f c0       	rjmp	.+94     	; 0x1c9e <KEYPAD_4x4_adjustKeyNumber+0x13a>
	{
		case 1: keypad_button = 7;
    1c40:	87 e0       	ldi	r24, 0x07	; 7
    1c42:	89 83       	std	Y+1, r24	; 0x01
    1c44:	2e c0       	rjmp	.+92     	; 0x1ca2 <KEYPAD_4x4_adjustKeyNumber+0x13e>
				break;
		case 2: keypad_button = 8;
    1c46:	88 e0       	ldi	r24, 0x08	; 8
    1c48:	89 83       	std	Y+1, r24	; 0x01
    1c4a:	2b c0       	rjmp	.+86     	; 0x1ca2 <KEYPAD_4x4_adjustKeyNumber+0x13e>
				break;
		case 3: keypad_button = 9;
    1c4c:	89 e0       	ldi	r24, 0x09	; 9
    1c4e:	89 83       	std	Y+1, r24	; 0x01
    1c50:	28 c0       	rjmp	.+80     	; 0x1ca2 <KEYPAD_4x4_adjustKeyNumber+0x13e>
				break;
		case 4: keypad_button = '%'; // ASCII Code of %
    1c52:	85 e2       	ldi	r24, 0x25	; 37
    1c54:	89 83       	std	Y+1, r24	; 0x01
    1c56:	25 c0       	rjmp	.+74     	; 0x1ca2 <KEYPAD_4x4_adjustKeyNumber+0x13e>
				break;
		case 5: keypad_button = 4;
    1c58:	84 e0       	ldi	r24, 0x04	; 4
    1c5a:	89 83       	std	Y+1, r24	; 0x01
    1c5c:	22 c0       	rjmp	.+68     	; 0x1ca2 <KEYPAD_4x4_adjustKeyNumber+0x13e>
				break;
		case 6: keypad_button = 5;
    1c5e:	85 e0       	ldi	r24, 0x05	; 5
    1c60:	89 83       	std	Y+1, r24	; 0x01
    1c62:	1f c0       	rjmp	.+62     	; 0x1ca2 <KEYPAD_4x4_adjustKeyNumber+0x13e>
				break;
		case 7: keypad_button = 6;
    1c64:	86 e0       	ldi	r24, 0x06	; 6
    1c66:	89 83       	std	Y+1, r24	; 0x01
    1c68:	1c c0       	rjmp	.+56     	; 0x1ca2 <KEYPAD_4x4_adjustKeyNumber+0x13e>
				break;
		case 8: keypad_button = '*'; /* ASCII Code of '*' */
    1c6a:	8a e2       	ldi	r24, 0x2A	; 42
    1c6c:	89 83       	std	Y+1, r24	; 0x01
    1c6e:	19 c0       	rjmp	.+50     	; 0x1ca2 <KEYPAD_4x4_adjustKeyNumber+0x13e>
				break;		
		case 9: keypad_button = 1;
    1c70:	81 e0       	ldi	r24, 0x01	; 1
    1c72:	89 83       	std	Y+1, r24	; 0x01
    1c74:	16 c0       	rjmp	.+44     	; 0x1ca2 <KEYPAD_4x4_adjustKeyNumber+0x13e>
				break;
		case 10: keypad_button = 2;
    1c76:	82 e0       	ldi	r24, 0x02	; 2
    1c78:	89 83       	std	Y+1, r24	; 0x01
    1c7a:	13 c0       	rjmp	.+38     	; 0x1ca2 <KEYPAD_4x4_adjustKeyNumber+0x13e>
				break;
		case 11: keypad_button = 3;
    1c7c:	83 e0       	ldi	r24, 0x03	; 3
    1c7e:	89 83       	std	Y+1, r24	; 0x01
    1c80:	10 c0       	rjmp	.+32     	; 0x1ca2 <KEYPAD_4x4_adjustKeyNumber+0x13e>
				break;
		case 12: keypad_button = '-'; /* ASCII Code of '-' */
    1c82:	8d e2       	ldi	r24, 0x2D	; 45
    1c84:	89 83       	std	Y+1, r24	; 0x01
    1c86:	0d c0       	rjmp	.+26     	; 0x1ca2 <KEYPAD_4x4_adjustKeyNumber+0x13e>
				break;
		case 13: keypad_button = 13;  /* ASCII of Enter */
    1c88:	8d e0       	ldi	r24, 0x0D	; 13
    1c8a:	89 83       	std	Y+1, r24	; 0x01
    1c8c:	0a c0       	rjmp	.+20     	; 0x1ca2 <KEYPAD_4x4_adjustKeyNumber+0x13e>
				break;			
		case 14: keypad_button = 0;
    1c8e:	19 82       	std	Y+1, r1	; 0x01
    1c90:	08 c0       	rjmp	.+16     	; 0x1ca2 <KEYPAD_4x4_adjustKeyNumber+0x13e>
				break;
		case 15: keypad_button = '='; /* ASCII Code of '=' */
    1c92:	8d e3       	ldi	r24, 0x3D	; 61
    1c94:	89 83       	std	Y+1, r24	; 0x01
    1c96:	05 c0       	rjmp	.+10     	; 0x1ca2 <KEYPAD_4x4_adjustKeyNumber+0x13e>
				break;
		case 16: keypad_button = '+'; /* ASCII Code of '+' */
    1c98:	8b e2       	ldi	r24, 0x2B	; 43
    1c9a:	89 83       	std	Y+1, r24	; 0x01
    1c9c:	02 c0       	rjmp	.+4      	; 0x1ca2 <KEYPAD_4x4_adjustKeyNumber+0x13e>
				break;
		default: keypad_button = button_number;
    1c9e:	8a 81       	ldd	r24, Y+2	; 0x02
    1ca0:	89 83       	std	Y+1, r24	; 0x01
				break;
	}
	return keypad_button;
    1ca2:	89 81       	ldd	r24, Y+1	; 0x01
} 
    1ca4:	0f 90       	pop	r0
    1ca6:	0f 90       	pop	r0
    1ca8:	0f 90       	pop	r0
    1caa:	0f 90       	pop	r0
    1cac:	cf 91       	pop	r28
    1cae:	df 91       	pop	r29
    1cb0:	08 95       	ret

00001cb2 <LCD_init>:
 * Initialize the LCD:
 * 1. Setup the LCD pins directions by use the GPIO driver.
 * 2. Setup the LCD Data Mode 4-bits or 8-bits.
 */
void LCD_init(void)
{
    1cb2:	df 93       	push	r29
    1cb4:	cf 93       	push	r28
    1cb6:	cd b7       	in	r28, 0x3d	; 61
    1cb8:	de b7       	in	r29, 0x3e	; 62
    1cba:	2e 97       	sbiw	r28, 0x0e	; 14
    1cbc:	0f b6       	in	r0, 0x3f	; 63
    1cbe:	f8 94       	cli
    1cc0:	de bf       	out	0x3e, r29	; 62
    1cc2:	0f be       	out	0x3f, r0	; 63
    1cc4:	cd bf       	out	0x3d, r28	; 61
	/* Configure the direction for RS and E pins as output pins */
	GPIO_setupPinDirection(LCD_RS_PORT_ID,LCD_RS_PIN_ID,PIN_OUTPUT);
    1cc6:	82 e0       	ldi	r24, 0x02	; 2
    1cc8:	60 e0       	ldi	r22, 0x00	; 0
    1cca:	41 e0       	ldi	r20, 0x01	; 1
    1ccc:	0e 94 a3 05 	call	0xb46	; 0xb46 <GPIO_setupPinDirection>
	GPIO_setupPinDirection(LCD_E_PORT_ID,LCD_E_PIN_ID,PIN_OUTPUT);
    1cd0:	82 e0       	ldi	r24, 0x02	; 2
    1cd2:	61 e0       	ldi	r22, 0x01	; 1
    1cd4:	41 e0       	ldi	r20, 0x01	; 1
    1cd6:	0e 94 a3 05 	call	0xb46	; 0xb46 <GPIO_setupPinDirection>
    1cda:	80 e0       	ldi	r24, 0x00	; 0
    1cdc:	90 e0       	ldi	r25, 0x00	; 0
    1cde:	a0 ea       	ldi	r26, 0xA0	; 160
    1ce0:	b1 e4       	ldi	r27, 0x41	; 65
    1ce2:	8b 87       	std	Y+11, r24	; 0x0b
    1ce4:	9c 87       	std	Y+12, r25	; 0x0c
    1ce6:	ad 87       	std	Y+13, r26	; 0x0d
    1ce8:	be 87       	std	Y+14, r27	; 0x0e
 */
void
_delay_ms(double __ms)
{
	uint16_t __ticks;
	double __tmp = ((F_CPU) / 4e3) * __ms;
    1cea:	6b 85       	ldd	r22, Y+11	; 0x0b
    1cec:	7c 85       	ldd	r23, Y+12	; 0x0c
    1cee:	8d 85       	ldd	r24, Y+13	; 0x0d
    1cf0:	9e 85       	ldd	r25, Y+14	; 0x0e
    1cf2:	20 e0       	ldi	r18, 0x00	; 0
    1cf4:	30 e0       	ldi	r19, 0x00	; 0
    1cf6:	4a e7       	ldi	r20, 0x7A	; 122
    1cf8:	55 e4       	ldi	r21, 0x45	; 69
    1cfa:	0e 94 1f 02 	call	0x43e	; 0x43e <__mulsf3>
    1cfe:	dc 01       	movw	r26, r24
    1d00:	cb 01       	movw	r24, r22
    1d02:	8f 83       	std	Y+7, r24	; 0x07
    1d04:	98 87       	std	Y+8, r25	; 0x08
    1d06:	a9 87       	std	Y+9, r26	; 0x09
    1d08:	ba 87       	std	Y+10, r27	; 0x0a
	if (__tmp < 1.0)
    1d0a:	6f 81       	ldd	r22, Y+7	; 0x07
    1d0c:	78 85       	ldd	r23, Y+8	; 0x08
    1d0e:	89 85       	ldd	r24, Y+9	; 0x09
    1d10:	9a 85       	ldd	r25, Y+10	; 0x0a
    1d12:	20 e0       	ldi	r18, 0x00	; 0
    1d14:	30 e0       	ldi	r19, 0x00	; 0
    1d16:	40 e8       	ldi	r20, 0x80	; 128
    1d18:	5f e3       	ldi	r21, 0x3F	; 63
    1d1a:	0e 94 79 03 	call	0x6f2	; 0x6f2 <__ltsf2>
    1d1e:	88 23       	and	r24, r24
    1d20:	2c f4       	brge	.+10     	; 0x1d2c <LCD_init+0x7a>
		__ticks = 1;
    1d22:	81 e0       	ldi	r24, 0x01	; 1
    1d24:	90 e0       	ldi	r25, 0x00	; 0
    1d26:	9e 83       	std	Y+6, r25	; 0x06
    1d28:	8d 83       	std	Y+5, r24	; 0x05
    1d2a:	3f c0       	rjmp	.+126    	; 0x1daa <LCD_init+0xf8>
	else if (__tmp > 65535)
    1d2c:	6f 81       	ldd	r22, Y+7	; 0x07
    1d2e:	78 85       	ldd	r23, Y+8	; 0x08
    1d30:	89 85       	ldd	r24, Y+9	; 0x09
    1d32:	9a 85       	ldd	r25, Y+10	; 0x0a
    1d34:	20 e0       	ldi	r18, 0x00	; 0
    1d36:	3f ef       	ldi	r19, 0xFF	; 255
    1d38:	4f e7       	ldi	r20, 0x7F	; 127
    1d3a:	57 e4       	ldi	r21, 0x47	; 71
    1d3c:	0e 94 19 03 	call	0x632	; 0x632 <__gtsf2>
    1d40:	18 16       	cp	r1, r24
    1d42:	4c f5       	brge	.+82     	; 0x1d96 <LCD_init+0xe4>
	{
		//	__ticks = requested delay in 1/10 ms
		__ticks = (uint16_t) (__ms * 10.0);
    1d44:	6b 85       	ldd	r22, Y+11	; 0x0b
    1d46:	7c 85       	ldd	r23, Y+12	; 0x0c
    1d48:	8d 85       	ldd	r24, Y+13	; 0x0d
    1d4a:	9e 85       	ldd	r25, Y+14	; 0x0e
    1d4c:	20 e0       	ldi	r18, 0x00	; 0
    1d4e:	30 e0       	ldi	r19, 0x00	; 0
    1d50:	40 e2       	ldi	r20, 0x20	; 32
    1d52:	51 e4       	ldi	r21, 0x41	; 65
    1d54:	0e 94 1f 02 	call	0x43e	; 0x43e <__mulsf3>
    1d58:	dc 01       	movw	r26, r24
    1d5a:	cb 01       	movw	r24, r22
    1d5c:	bc 01       	movw	r22, r24
    1d5e:	cd 01       	movw	r24, r26
    1d60:	0e 94 49 00 	call	0x92	; 0x92 <__fixunssfsi>
    1d64:	dc 01       	movw	r26, r24
    1d66:	cb 01       	movw	r24, r22
    1d68:	9e 83       	std	Y+6, r25	; 0x06
    1d6a:	8d 83       	std	Y+5, r24	; 0x05
    1d6c:	0f c0       	rjmp	.+30     	; 0x1d8c <LCD_init+0xda>
    1d6e:	80 e9       	ldi	r24, 0x90	; 144
    1d70:	91 e0       	ldi	r25, 0x01	; 1
    1d72:	9c 83       	std	Y+4, r25	; 0x04
    1d74:	8b 83       	std	Y+3, r24	; 0x03
    1d76:	8b 81       	ldd	r24, Y+3	; 0x03
    1d78:	9c 81       	ldd	r25, Y+4	; 0x04
    1d7a:	01 97       	sbiw	r24, 0x01	; 1
    1d7c:	f1 f7       	brne	.-4      	; 0x1d7a <LCD_init+0xc8>
    1d7e:	9c 83       	std	Y+4, r25	; 0x04
    1d80:	8b 83       	std	Y+3, r24	; 0x03
		while(__ticks)
		{
			// wait 1/10 ms
			_delay_loop_2(((F_CPU) / 4e3) / 10);
			__ticks --;
    1d82:	8d 81       	ldd	r24, Y+5	; 0x05
    1d84:	9e 81       	ldd	r25, Y+6	; 0x06
    1d86:	01 97       	sbiw	r24, 0x01	; 1
    1d88:	9e 83       	std	Y+6, r25	; 0x06
    1d8a:	8d 83       	std	Y+5, r24	; 0x05
		__ticks = 1;
	else if (__tmp > 65535)
	{
		//	__ticks = requested delay in 1/10 ms
		__ticks = (uint16_t) (__ms * 10.0);
		while(__ticks)
    1d8c:	8d 81       	ldd	r24, Y+5	; 0x05
    1d8e:	9e 81       	ldd	r25, Y+6	; 0x06
    1d90:	00 97       	sbiw	r24, 0x00	; 0
    1d92:	69 f7       	brne	.-38     	; 0x1d6e <LCD_init+0xbc>
    1d94:	14 c0       	rjmp	.+40     	; 0x1dbe <LCD_init+0x10c>
			__ticks --;
		}
		return;
	}
	else
		__ticks = (uint16_t)__tmp;
    1d96:	6f 81       	ldd	r22, Y+7	; 0x07
    1d98:	78 85       	ldd	r23, Y+8	; 0x08
    1d9a:	89 85       	ldd	r24, Y+9	; 0x09
    1d9c:	9a 85       	ldd	r25, Y+10	; 0x0a
    1d9e:	0e 94 49 00 	call	0x92	; 0x92 <__fixunssfsi>
    1da2:	dc 01       	movw	r26, r24
    1da4:	cb 01       	movw	r24, r22
    1da6:	9e 83       	std	Y+6, r25	; 0x06
    1da8:	8d 83       	std	Y+5, r24	; 0x05
    1daa:	8d 81       	ldd	r24, Y+5	; 0x05
    1dac:	9e 81       	ldd	r25, Y+6	; 0x06
    1dae:	9a 83       	std	Y+2, r25	; 0x02
    1db0:	89 83       	std	Y+1, r24	; 0x01
    1db2:	89 81       	ldd	r24, Y+1	; 0x01
    1db4:	9a 81       	ldd	r25, Y+2	; 0x02
    1db6:	01 97       	sbiw	r24, 0x01	; 1
    1db8:	f1 f7       	brne	.-4      	; 0x1db6 <LCD_init+0x104>
    1dba:	9a 83       	std	Y+2, r25	; 0x02
    1dbc:	89 83       	std	Y+1, r24	; 0x01
	/* use 2-lines LCD + 4-bits Data Mode + 5*7 dot display Mode */
	LCD_sendCommand(LCD_TWO_LINES_FOUR_BITS_MODE);

#elif(LCD_DATA_BITS_MODE == 8)
	/* Configure the data port as output port */
	GPIO_setupPortDirection(LCD_DATA_PORT_ID,PORT_OUTPUT);
    1dbe:	80 e0       	ldi	r24, 0x00	; 0
    1dc0:	6f ef       	ldi	r22, 0xFF	; 255
    1dc2:	0e 94 99 08 	call	0x1132	; 0x1132 <GPIO_setupPortDirection>

	/* use 2-lines LCD + 8-bits Data Mode + 5*7 dot display Mode */
	LCD_sendCommand(LCD_TWO_LINES_EIGHT_BITS_MODE);
    1dc6:	88 e3       	ldi	r24, 0x38	; 56
    1dc8:	0e 94 f5 0e 	call	0x1dea	; 0x1dea <LCD_sendCommand>

#endif

	LCD_sendCommand(LCD_CURSOR_OFF); /* cursor off */
    1dcc:	8c e0       	ldi	r24, 0x0C	; 12
    1dce:	0e 94 f5 0e 	call	0x1dea	; 0x1dea <LCD_sendCommand>
	LCD_sendCommand(LCD_CLEAR_COMMAND); /* clear LCD at the beginning */
    1dd2:	81 e0       	ldi	r24, 0x01	; 1
    1dd4:	0e 94 f5 0e 	call	0x1dea	; 0x1dea <LCD_sendCommand>
}
    1dd8:	2e 96       	adiw	r28, 0x0e	; 14
    1dda:	0f b6       	in	r0, 0x3f	; 63
    1ddc:	f8 94       	cli
    1dde:	de bf       	out	0x3e, r29	; 62
    1de0:	0f be       	out	0x3f, r0	; 63
    1de2:	cd bf       	out	0x3d, r28	; 61
    1de4:	cf 91       	pop	r28
    1de6:	df 91       	pop	r29
    1de8:	08 95       	ret

00001dea <LCD_sendCommand>:
/*
 * Description :
 * Send the required command to the screen
 */
void LCD_sendCommand(uint8 a_command)
{
    1dea:	df 93       	push	r29
    1dec:	cf 93       	push	r28
    1dee:	cd b7       	in	r28, 0x3d	; 61
    1df0:	de b7       	in	r29, 0x3e	; 62
    1df2:	e9 97       	sbiw	r28, 0x39	; 57
    1df4:	0f b6       	in	r0, 0x3f	; 63
    1df6:	f8 94       	cli
    1df8:	de bf       	out	0x3e, r29	; 62
    1dfa:	0f be       	out	0x3f, r0	; 63
    1dfc:	cd bf       	out	0x3d, r28	; 61
    1dfe:	89 af       	std	Y+57, r24	; 0x39
	GPIO_writePin(LCD_RS_PORT_ID,LCD_RS_PIN_ID,LOGIC_LOW); /* Instruction Mode RS=0 */
    1e00:	82 e0       	ldi	r24, 0x02	; 2
    1e02:	60 e0       	ldi	r22, 0x00	; 0
    1e04:	40 e0       	ldi	r20, 0x00	; 0
    1e06:	0e 94 8e 06 	call	0xd1c	; 0xd1c <GPIO_writePin>
    1e0a:	80 e0       	ldi	r24, 0x00	; 0
    1e0c:	90 e0       	ldi	r25, 0x00	; 0
    1e0e:	a0 e8       	ldi	r26, 0x80	; 128
    1e10:	bf e3       	ldi	r27, 0x3F	; 63
    1e12:	8d ab       	std	Y+53, r24	; 0x35
    1e14:	9e ab       	std	Y+54, r25	; 0x36
    1e16:	af ab       	std	Y+55, r26	; 0x37
    1e18:	b8 af       	std	Y+56, r27	; 0x38
 */
void
_delay_ms(double __ms)
{
	uint16_t __ticks;
	double __tmp = ((F_CPU) / 4e3) * __ms;
    1e1a:	6d a9       	ldd	r22, Y+53	; 0x35
    1e1c:	7e a9       	ldd	r23, Y+54	; 0x36
    1e1e:	8f a9       	ldd	r24, Y+55	; 0x37
    1e20:	98 ad       	ldd	r25, Y+56	; 0x38
    1e22:	20 e0       	ldi	r18, 0x00	; 0
    1e24:	30 e0       	ldi	r19, 0x00	; 0
    1e26:	4a e7       	ldi	r20, 0x7A	; 122
    1e28:	55 e4       	ldi	r21, 0x45	; 69
    1e2a:	0e 94 1f 02 	call	0x43e	; 0x43e <__mulsf3>
    1e2e:	dc 01       	movw	r26, r24
    1e30:	cb 01       	movw	r24, r22
    1e32:	89 ab       	std	Y+49, r24	; 0x31
    1e34:	9a ab       	std	Y+50, r25	; 0x32
    1e36:	ab ab       	std	Y+51, r26	; 0x33
    1e38:	bc ab       	std	Y+52, r27	; 0x34
	if (__tmp < 1.0)
    1e3a:	69 a9       	ldd	r22, Y+49	; 0x31
    1e3c:	7a a9       	ldd	r23, Y+50	; 0x32
    1e3e:	8b a9       	ldd	r24, Y+51	; 0x33
    1e40:	9c a9       	ldd	r25, Y+52	; 0x34
    1e42:	20 e0       	ldi	r18, 0x00	; 0
    1e44:	30 e0       	ldi	r19, 0x00	; 0
    1e46:	40 e8       	ldi	r20, 0x80	; 128
    1e48:	5f e3       	ldi	r21, 0x3F	; 63
    1e4a:	0e 94 79 03 	call	0x6f2	; 0x6f2 <__ltsf2>
    1e4e:	88 23       	and	r24, r24
    1e50:	2c f4       	brge	.+10     	; 0x1e5c <LCD_sendCommand+0x72>
		__ticks = 1;
    1e52:	81 e0       	ldi	r24, 0x01	; 1
    1e54:	90 e0       	ldi	r25, 0x00	; 0
    1e56:	98 ab       	std	Y+48, r25	; 0x30
    1e58:	8f a7       	std	Y+47, r24	; 0x2f
    1e5a:	3f c0       	rjmp	.+126    	; 0x1eda <LCD_sendCommand+0xf0>
	else if (__tmp > 65535)
    1e5c:	69 a9       	ldd	r22, Y+49	; 0x31
    1e5e:	7a a9       	ldd	r23, Y+50	; 0x32
    1e60:	8b a9       	ldd	r24, Y+51	; 0x33
    1e62:	9c a9       	ldd	r25, Y+52	; 0x34
    1e64:	20 e0       	ldi	r18, 0x00	; 0
    1e66:	3f ef       	ldi	r19, 0xFF	; 255
    1e68:	4f e7       	ldi	r20, 0x7F	; 127
    1e6a:	57 e4       	ldi	r21, 0x47	; 71
    1e6c:	0e 94 19 03 	call	0x632	; 0x632 <__gtsf2>
    1e70:	18 16       	cp	r1, r24
    1e72:	4c f5       	brge	.+82     	; 0x1ec6 <LCD_sendCommand+0xdc>
	{
		//	__ticks = requested delay in 1/10 ms
		__ticks = (uint16_t) (__ms * 10.0);
    1e74:	6d a9       	ldd	r22, Y+53	; 0x35
    1e76:	7e a9       	ldd	r23, Y+54	; 0x36
    1e78:	8f a9       	ldd	r24, Y+55	; 0x37
    1e7a:	98 ad       	ldd	r25, Y+56	; 0x38
    1e7c:	20 e0       	ldi	r18, 0x00	; 0
    1e7e:	30 e0       	ldi	r19, 0x00	; 0
    1e80:	40 e2       	ldi	r20, 0x20	; 32
    1e82:	51 e4       	ldi	r21, 0x41	; 65
    1e84:	0e 94 1f 02 	call	0x43e	; 0x43e <__mulsf3>
    1e88:	dc 01       	movw	r26, r24
    1e8a:	cb 01       	movw	r24, r22
    1e8c:	bc 01       	movw	r22, r24
    1e8e:	cd 01       	movw	r24, r26
    1e90:	0e 94 49 00 	call	0x92	; 0x92 <__fixunssfsi>
    1e94:	dc 01       	movw	r26, r24
    1e96:	cb 01       	movw	r24, r22
    1e98:	98 ab       	std	Y+48, r25	; 0x30
    1e9a:	8f a7       	std	Y+47, r24	; 0x2f
    1e9c:	0f c0       	rjmp	.+30     	; 0x1ebc <LCD_sendCommand+0xd2>
    1e9e:	80 e9       	ldi	r24, 0x90	; 144
    1ea0:	91 e0       	ldi	r25, 0x01	; 1
    1ea2:	9e a7       	std	Y+46, r25	; 0x2e
    1ea4:	8d a7       	std	Y+45, r24	; 0x2d
    1ea6:	8d a5       	ldd	r24, Y+45	; 0x2d
    1ea8:	9e a5       	ldd	r25, Y+46	; 0x2e
    1eaa:	01 97       	sbiw	r24, 0x01	; 1
    1eac:	f1 f7       	brne	.-4      	; 0x1eaa <LCD_sendCommand+0xc0>
    1eae:	9e a7       	std	Y+46, r25	; 0x2e
    1eb0:	8d a7       	std	Y+45, r24	; 0x2d
		while(__ticks)
		{
			// wait 1/10 ms
			_delay_loop_2(((F_CPU) / 4e3) / 10);
			__ticks --;
    1eb2:	8f a5       	ldd	r24, Y+47	; 0x2f
    1eb4:	98 a9       	ldd	r25, Y+48	; 0x30
    1eb6:	01 97       	sbiw	r24, 0x01	; 1
    1eb8:	98 ab       	std	Y+48, r25	; 0x30
    1eba:	8f a7       	std	Y+47, r24	; 0x2f
		__ticks = 1;
	else if (__tmp > 65535)
	{
		//	__ticks = requested delay in 1/10 ms
		__ticks = (uint16_t) (__ms * 10.0);
		while(__ticks)
    1ebc:	8f a5       	ldd	r24, Y+47	; 0x2f
    1ebe:	98 a9       	ldd	r25, Y+48	; 0x30
    1ec0:	00 97       	sbiw	r24, 0x00	; 0
    1ec2:	69 f7       	brne	.-38     	; 0x1e9e <LCD_sendCommand+0xb4>
    1ec4:	14 c0       	rjmp	.+40     	; 0x1eee <LCD_sendCommand+0x104>
			__ticks --;
		}
		return;
	}
	else
		__ticks = (uint16_t)__tmp;
    1ec6:	69 a9       	ldd	r22, Y+49	; 0x31
    1ec8:	7a a9       	ldd	r23, Y+50	; 0x32
    1eca:	8b a9       	ldd	r24, Y+51	; 0x33
    1ecc:	9c a9       	ldd	r25, Y+52	; 0x34
    1ece:	0e 94 49 00 	call	0x92	; 0x92 <__fixunssfsi>
    1ed2:	dc 01       	movw	r26, r24
    1ed4:	cb 01       	movw	r24, r22
    1ed6:	98 ab       	std	Y+48, r25	; 0x30
    1ed8:	8f a7       	std	Y+47, r24	; 0x2f
    1eda:	8f a5       	ldd	r24, Y+47	; 0x2f
    1edc:	98 a9       	ldd	r25, Y+48	; 0x30
    1ede:	9c a7       	std	Y+44, r25	; 0x2c
    1ee0:	8b a7       	std	Y+43, r24	; 0x2b
    1ee2:	8b a5       	ldd	r24, Y+43	; 0x2b
    1ee4:	9c a5       	ldd	r25, Y+44	; 0x2c
    1ee6:	01 97       	sbiw	r24, 0x01	; 1
    1ee8:	f1 f7       	brne	.-4      	; 0x1ee6 <LCD_sendCommand+0xfc>
    1eea:	9c a7       	std	Y+44, r25	; 0x2c
    1eec:	8b a7       	std	Y+43, r24	; 0x2b
	_delay_ms(1); /* delay for processing Tas = 50ns */
	GPIO_writePin(LCD_E_PORT_ID,LCD_E_PIN_ID,LOGIC_HIGH); /* Enable LCD E=1 */
    1eee:	82 e0       	ldi	r24, 0x02	; 2
    1ef0:	61 e0       	ldi	r22, 0x01	; 1
    1ef2:	41 e0       	ldi	r20, 0x01	; 1
    1ef4:	0e 94 8e 06 	call	0xd1c	; 0xd1c <GPIO_writePin>
    1ef8:	80 e0       	ldi	r24, 0x00	; 0
    1efa:	90 e0       	ldi	r25, 0x00	; 0
    1efc:	a0 e8       	ldi	r26, 0x80	; 128
    1efe:	bf e3       	ldi	r27, 0x3F	; 63
    1f00:	8f a3       	std	Y+39, r24	; 0x27
    1f02:	98 a7       	std	Y+40, r25	; 0x28
    1f04:	a9 a7       	std	Y+41, r26	; 0x29
    1f06:	ba a7       	std	Y+42, r27	; 0x2a
 */
void
_delay_ms(double __ms)
{
	uint16_t __ticks;
	double __tmp = ((F_CPU) / 4e3) * __ms;
    1f08:	6f a1       	ldd	r22, Y+39	; 0x27
    1f0a:	78 a5       	ldd	r23, Y+40	; 0x28
    1f0c:	89 a5       	ldd	r24, Y+41	; 0x29
    1f0e:	9a a5       	ldd	r25, Y+42	; 0x2a
    1f10:	20 e0       	ldi	r18, 0x00	; 0
    1f12:	30 e0       	ldi	r19, 0x00	; 0
    1f14:	4a e7       	ldi	r20, 0x7A	; 122
    1f16:	55 e4       	ldi	r21, 0x45	; 69
    1f18:	0e 94 1f 02 	call	0x43e	; 0x43e <__mulsf3>
    1f1c:	dc 01       	movw	r26, r24
    1f1e:	cb 01       	movw	r24, r22
    1f20:	8b a3       	std	Y+35, r24	; 0x23
    1f22:	9c a3       	std	Y+36, r25	; 0x24
    1f24:	ad a3       	std	Y+37, r26	; 0x25
    1f26:	be a3       	std	Y+38, r27	; 0x26
	if (__tmp < 1.0)
    1f28:	6b a1       	ldd	r22, Y+35	; 0x23
    1f2a:	7c a1       	ldd	r23, Y+36	; 0x24
    1f2c:	8d a1       	ldd	r24, Y+37	; 0x25
    1f2e:	9e a1       	ldd	r25, Y+38	; 0x26
    1f30:	20 e0       	ldi	r18, 0x00	; 0
    1f32:	30 e0       	ldi	r19, 0x00	; 0
    1f34:	40 e8       	ldi	r20, 0x80	; 128
    1f36:	5f e3       	ldi	r21, 0x3F	; 63
    1f38:	0e 94 79 03 	call	0x6f2	; 0x6f2 <__ltsf2>
    1f3c:	88 23       	and	r24, r24
    1f3e:	2c f4       	brge	.+10     	; 0x1f4a <LCD_sendCommand+0x160>
		__ticks = 1;
    1f40:	81 e0       	ldi	r24, 0x01	; 1
    1f42:	90 e0       	ldi	r25, 0x00	; 0
    1f44:	9a a3       	std	Y+34, r25	; 0x22
    1f46:	89 a3       	std	Y+33, r24	; 0x21
    1f48:	3f c0       	rjmp	.+126    	; 0x1fc8 <LCD_sendCommand+0x1de>
	else if (__tmp > 65535)
    1f4a:	6b a1       	ldd	r22, Y+35	; 0x23
    1f4c:	7c a1       	ldd	r23, Y+36	; 0x24
    1f4e:	8d a1       	ldd	r24, Y+37	; 0x25
    1f50:	9e a1       	ldd	r25, Y+38	; 0x26
    1f52:	20 e0       	ldi	r18, 0x00	; 0
    1f54:	3f ef       	ldi	r19, 0xFF	; 255
    1f56:	4f e7       	ldi	r20, 0x7F	; 127
    1f58:	57 e4       	ldi	r21, 0x47	; 71
    1f5a:	0e 94 19 03 	call	0x632	; 0x632 <__gtsf2>
    1f5e:	18 16       	cp	r1, r24
    1f60:	4c f5       	brge	.+82     	; 0x1fb4 <LCD_sendCommand+0x1ca>
	{
		//	__ticks = requested delay in 1/10 ms
		__ticks = (uint16_t) (__ms * 10.0);
    1f62:	6f a1       	ldd	r22, Y+39	; 0x27
    1f64:	78 a5       	ldd	r23, Y+40	; 0x28
    1f66:	89 a5       	ldd	r24, Y+41	; 0x29
    1f68:	9a a5       	ldd	r25, Y+42	; 0x2a
    1f6a:	20 e0       	ldi	r18, 0x00	; 0
    1f6c:	30 e0       	ldi	r19, 0x00	; 0
    1f6e:	40 e2       	ldi	r20, 0x20	; 32
    1f70:	51 e4       	ldi	r21, 0x41	; 65
    1f72:	0e 94 1f 02 	call	0x43e	; 0x43e <__mulsf3>
    1f76:	dc 01       	movw	r26, r24
    1f78:	cb 01       	movw	r24, r22
    1f7a:	bc 01       	movw	r22, r24
    1f7c:	cd 01       	movw	r24, r26
    1f7e:	0e 94 49 00 	call	0x92	; 0x92 <__fixunssfsi>
    1f82:	dc 01       	movw	r26, r24
    1f84:	cb 01       	movw	r24, r22
    1f86:	9a a3       	std	Y+34, r25	; 0x22
    1f88:	89 a3       	std	Y+33, r24	; 0x21
    1f8a:	0f c0       	rjmp	.+30     	; 0x1faa <LCD_sendCommand+0x1c0>
    1f8c:	80 e9       	ldi	r24, 0x90	; 144
    1f8e:	91 e0       	ldi	r25, 0x01	; 1
    1f90:	98 a3       	std	Y+32, r25	; 0x20
    1f92:	8f 8f       	std	Y+31, r24	; 0x1f
    1f94:	8f 8d       	ldd	r24, Y+31	; 0x1f
    1f96:	98 a1       	ldd	r25, Y+32	; 0x20
    1f98:	01 97       	sbiw	r24, 0x01	; 1
    1f9a:	f1 f7       	brne	.-4      	; 0x1f98 <LCD_sendCommand+0x1ae>
    1f9c:	98 a3       	std	Y+32, r25	; 0x20
    1f9e:	8f 8f       	std	Y+31, r24	; 0x1f
		while(__ticks)
		{
			// wait 1/10 ms
			_delay_loop_2(((F_CPU) / 4e3) / 10);
			__ticks --;
    1fa0:	89 a1       	ldd	r24, Y+33	; 0x21
    1fa2:	9a a1       	ldd	r25, Y+34	; 0x22
    1fa4:	01 97       	sbiw	r24, 0x01	; 1
    1fa6:	9a a3       	std	Y+34, r25	; 0x22
    1fa8:	89 a3       	std	Y+33, r24	; 0x21
		__ticks = 1;
	else if (__tmp > 65535)
	{
		//	__ticks = requested delay in 1/10 ms
		__ticks = (uint16_t) (__ms * 10.0);
		while(__ticks)
    1faa:	89 a1       	ldd	r24, Y+33	; 0x21
    1fac:	9a a1       	ldd	r25, Y+34	; 0x22
    1fae:	00 97       	sbiw	r24, 0x00	; 0
    1fb0:	69 f7       	brne	.-38     	; 0x1f8c <LCD_sendCommand+0x1a2>
    1fb2:	14 c0       	rjmp	.+40     	; 0x1fdc <LCD_sendCommand+0x1f2>
			__ticks --;
		}
		return;
	}
	else
		__ticks = (uint16_t)__tmp;
    1fb4:	6b a1       	ldd	r22, Y+35	; 0x23
    1fb6:	7c a1       	ldd	r23, Y+36	; 0x24
    1fb8:	8d a1       	ldd	r24, Y+37	; 0x25
    1fba:	9e a1       	ldd	r25, Y+38	; 0x26
    1fbc:	0e 94 49 00 	call	0x92	; 0x92 <__fixunssfsi>
    1fc0:	dc 01       	movw	r26, r24
    1fc2:	cb 01       	movw	r24, r22
    1fc4:	9a a3       	std	Y+34, r25	; 0x22
    1fc6:	89 a3       	std	Y+33, r24	; 0x21
    1fc8:	89 a1       	ldd	r24, Y+33	; 0x21
    1fca:	9a a1       	ldd	r25, Y+34	; 0x22
    1fcc:	9e 8f       	std	Y+30, r25	; 0x1e
    1fce:	8d 8f       	std	Y+29, r24	; 0x1d
    1fd0:	8d 8d       	ldd	r24, Y+29	; 0x1d
    1fd2:	9e 8d       	ldd	r25, Y+30	; 0x1e
    1fd4:	01 97       	sbiw	r24, 0x01	; 1
    1fd6:	f1 f7       	brne	.-4      	; 0x1fd4 <LCD_sendCommand+0x1ea>
    1fd8:	9e 8f       	std	Y+30, r25	; 0x1e
    1fda:	8d 8f       	std	Y+29, r24	; 0x1d
	_delay_ms(1); /* delay for processing Tdsw = 100ns */
	GPIO_writePin(LCD_E_PORT_ID,LCD_E_PIN_ID,LOGIC_LOW); /* Disable LCD E=0 */
	_delay_ms(1); /* delay for processing Th = 13ns */

#elif(LCD_DATA_BITS_MODE == 8)
	GPIO_writePort(LCD_DATA_PORT_ID,a_command); /* out the required command to the data bus D0 --> D7 */
    1fdc:	80 e0       	ldi	r24, 0x00	; 0
    1fde:	69 ad       	ldd	r22, Y+57	; 0x39
    1fe0:	0e 94 dd 08 	call	0x11ba	; 0x11ba <GPIO_writePort>
    1fe4:	80 e0       	ldi	r24, 0x00	; 0
    1fe6:	90 e0       	ldi	r25, 0x00	; 0
    1fe8:	a0 e8       	ldi	r26, 0x80	; 128
    1fea:	bf e3       	ldi	r27, 0x3F	; 63
    1fec:	89 8f       	std	Y+25, r24	; 0x19
    1fee:	9a 8f       	std	Y+26, r25	; 0x1a
    1ff0:	ab 8f       	std	Y+27, r26	; 0x1b
    1ff2:	bc 8f       	std	Y+28, r27	; 0x1c
 */
void
_delay_ms(double __ms)
{
	uint16_t __ticks;
	double __tmp = ((F_CPU) / 4e3) * __ms;
    1ff4:	69 8d       	ldd	r22, Y+25	; 0x19
    1ff6:	7a 8d       	ldd	r23, Y+26	; 0x1a
    1ff8:	8b 8d       	ldd	r24, Y+27	; 0x1b
    1ffa:	9c 8d       	ldd	r25, Y+28	; 0x1c
    1ffc:	20 e0       	ldi	r18, 0x00	; 0
    1ffe:	30 e0       	ldi	r19, 0x00	; 0
    2000:	4a e7       	ldi	r20, 0x7A	; 122
    2002:	55 e4       	ldi	r21, 0x45	; 69
    2004:	0e 94 1f 02 	call	0x43e	; 0x43e <__mulsf3>
    2008:	dc 01       	movw	r26, r24
    200a:	cb 01       	movw	r24, r22
    200c:	8d 8b       	std	Y+21, r24	; 0x15
    200e:	9e 8b       	std	Y+22, r25	; 0x16
    2010:	af 8b       	std	Y+23, r26	; 0x17
    2012:	b8 8f       	std	Y+24, r27	; 0x18
	if (__tmp < 1.0)
    2014:	6d 89       	ldd	r22, Y+21	; 0x15
    2016:	7e 89       	ldd	r23, Y+22	; 0x16
    2018:	8f 89       	ldd	r24, Y+23	; 0x17
    201a:	98 8d       	ldd	r25, Y+24	; 0x18
    201c:	20 e0       	ldi	r18, 0x00	; 0
    201e:	30 e0       	ldi	r19, 0x00	; 0
    2020:	40 e8       	ldi	r20, 0x80	; 128
    2022:	5f e3       	ldi	r21, 0x3F	; 63
    2024:	0e 94 79 03 	call	0x6f2	; 0x6f2 <__ltsf2>
    2028:	88 23       	and	r24, r24
    202a:	2c f4       	brge	.+10     	; 0x2036 <LCD_sendCommand+0x24c>
		__ticks = 1;
    202c:	81 e0       	ldi	r24, 0x01	; 1
    202e:	90 e0       	ldi	r25, 0x00	; 0
    2030:	9c 8b       	std	Y+20, r25	; 0x14
    2032:	8b 8b       	std	Y+19, r24	; 0x13
    2034:	3f c0       	rjmp	.+126    	; 0x20b4 <LCD_sendCommand+0x2ca>
	else if (__tmp > 65535)
    2036:	6d 89       	ldd	r22, Y+21	; 0x15
    2038:	7e 89       	ldd	r23, Y+22	; 0x16
    203a:	8f 89       	ldd	r24, Y+23	; 0x17
    203c:	98 8d       	ldd	r25, Y+24	; 0x18
    203e:	20 e0       	ldi	r18, 0x00	; 0
    2040:	3f ef       	ldi	r19, 0xFF	; 255
    2042:	4f e7       	ldi	r20, 0x7F	; 127
    2044:	57 e4       	ldi	r21, 0x47	; 71
    2046:	0e 94 19 03 	call	0x632	; 0x632 <__gtsf2>
    204a:	18 16       	cp	r1, r24
    204c:	4c f5       	brge	.+82     	; 0x20a0 <LCD_sendCommand+0x2b6>
	{
		//	__ticks = requested delay in 1/10 ms
		__ticks = (uint16_t) (__ms * 10.0);
    204e:	69 8d       	ldd	r22, Y+25	; 0x19
    2050:	7a 8d       	ldd	r23, Y+26	; 0x1a
    2052:	8b 8d       	ldd	r24, Y+27	; 0x1b
    2054:	9c 8d       	ldd	r25, Y+28	; 0x1c
    2056:	20 e0       	ldi	r18, 0x00	; 0
    2058:	30 e0       	ldi	r19, 0x00	; 0
    205a:	40 e2       	ldi	r20, 0x20	; 32
    205c:	51 e4       	ldi	r21, 0x41	; 65
    205e:	0e 94 1f 02 	call	0x43e	; 0x43e <__mulsf3>
    2062:	dc 01       	movw	r26, r24
    2064:	cb 01       	movw	r24, r22
    2066:	bc 01       	movw	r22, r24
    2068:	cd 01       	movw	r24, r26
    206a:	0e 94 49 00 	call	0x92	; 0x92 <__fixunssfsi>
    206e:	dc 01       	movw	r26, r24
    2070:	cb 01       	movw	r24, r22
    2072:	9c 8b       	std	Y+20, r25	; 0x14
    2074:	8b 8b       	std	Y+19, r24	; 0x13
    2076:	0f c0       	rjmp	.+30     	; 0x2096 <LCD_sendCommand+0x2ac>
    2078:	80 e9       	ldi	r24, 0x90	; 144
    207a:	91 e0       	ldi	r25, 0x01	; 1
    207c:	9a 8b       	std	Y+18, r25	; 0x12
    207e:	89 8b       	std	Y+17, r24	; 0x11
    2080:	89 89       	ldd	r24, Y+17	; 0x11
    2082:	9a 89       	ldd	r25, Y+18	; 0x12
    2084:	01 97       	sbiw	r24, 0x01	; 1
    2086:	f1 f7       	brne	.-4      	; 0x2084 <LCD_sendCommand+0x29a>
    2088:	9a 8b       	std	Y+18, r25	; 0x12
    208a:	89 8b       	std	Y+17, r24	; 0x11
		while(__ticks)
		{
			// wait 1/10 ms
			_delay_loop_2(((F_CPU) / 4e3) / 10);
			__ticks --;
    208c:	8b 89       	ldd	r24, Y+19	; 0x13
    208e:	9c 89       	ldd	r25, Y+20	; 0x14
    2090:	01 97       	sbiw	r24, 0x01	; 1
    2092:	9c 8b       	std	Y+20, r25	; 0x14
    2094:	8b 8b       	std	Y+19, r24	; 0x13
		__ticks = 1;
	else if (__tmp > 65535)
	{
		//	__ticks = requested delay in 1/10 ms
		__ticks = (uint16_t) (__ms * 10.0);
		while(__ticks)
    2096:	8b 89       	ldd	r24, Y+19	; 0x13
    2098:	9c 89       	ldd	r25, Y+20	; 0x14
    209a:	00 97       	sbiw	r24, 0x00	; 0
    209c:	69 f7       	brne	.-38     	; 0x2078 <LCD_sendCommand+0x28e>
    209e:	14 c0       	rjmp	.+40     	; 0x20c8 <LCD_sendCommand+0x2de>
			__ticks --;
		}
		return;
	}
	else
		__ticks = (uint16_t)__tmp;
    20a0:	6d 89       	ldd	r22, Y+21	; 0x15
    20a2:	7e 89       	ldd	r23, Y+22	; 0x16
    20a4:	8f 89       	ldd	r24, Y+23	; 0x17
    20a6:	98 8d       	ldd	r25, Y+24	; 0x18
    20a8:	0e 94 49 00 	call	0x92	; 0x92 <__fixunssfsi>
    20ac:	dc 01       	movw	r26, r24
    20ae:	cb 01       	movw	r24, r22
    20b0:	9c 8b       	std	Y+20, r25	; 0x14
    20b2:	8b 8b       	std	Y+19, r24	; 0x13
    20b4:	8b 89       	ldd	r24, Y+19	; 0x13
    20b6:	9c 89       	ldd	r25, Y+20	; 0x14
    20b8:	98 8b       	std	Y+16, r25	; 0x10
    20ba:	8f 87       	std	Y+15, r24	; 0x0f
    20bc:	8f 85       	ldd	r24, Y+15	; 0x0f
    20be:	98 89       	ldd	r25, Y+16	; 0x10
    20c0:	01 97       	sbiw	r24, 0x01	; 1
    20c2:	f1 f7       	brne	.-4      	; 0x20c0 <LCD_sendCommand+0x2d6>
    20c4:	98 8b       	std	Y+16, r25	; 0x10
    20c6:	8f 87       	std	Y+15, r24	; 0x0f
	_delay_ms(1); /* delay for processing Tdsw = 100ns */
	GPIO_writePin(LCD_E_PORT_ID,LCD_E_PIN_ID,LOGIC_LOW); /* Disable LCD E=0 */
    20c8:	82 e0       	ldi	r24, 0x02	; 2
    20ca:	61 e0       	ldi	r22, 0x01	; 1
    20cc:	40 e0       	ldi	r20, 0x00	; 0
    20ce:	0e 94 8e 06 	call	0xd1c	; 0xd1c <GPIO_writePin>
    20d2:	80 e0       	ldi	r24, 0x00	; 0
    20d4:	90 e0       	ldi	r25, 0x00	; 0
    20d6:	a0 e8       	ldi	r26, 0x80	; 128
    20d8:	bf e3       	ldi	r27, 0x3F	; 63
    20da:	8b 87       	std	Y+11, r24	; 0x0b
    20dc:	9c 87       	std	Y+12, r25	; 0x0c
    20de:	ad 87       	std	Y+13, r26	; 0x0d
    20e0:	be 87       	std	Y+14, r27	; 0x0e
 */
void
_delay_ms(double __ms)
{
	uint16_t __ticks;
	double __tmp = ((F_CPU) / 4e3) * __ms;
    20e2:	6b 85       	ldd	r22, Y+11	; 0x0b
    20e4:	7c 85       	ldd	r23, Y+12	; 0x0c
    20e6:	8d 85       	ldd	r24, Y+13	; 0x0d
    20e8:	9e 85       	ldd	r25, Y+14	; 0x0e
    20ea:	20 e0       	ldi	r18, 0x00	; 0
    20ec:	30 e0       	ldi	r19, 0x00	; 0
    20ee:	4a e7       	ldi	r20, 0x7A	; 122
    20f0:	55 e4       	ldi	r21, 0x45	; 69
    20f2:	0e 94 1f 02 	call	0x43e	; 0x43e <__mulsf3>
    20f6:	dc 01       	movw	r26, r24
    20f8:	cb 01       	movw	r24, r22
    20fa:	8f 83       	std	Y+7, r24	; 0x07
    20fc:	98 87       	std	Y+8, r25	; 0x08
    20fe:	a9 87       	std	Y+9, r26	; 0x09
    2100:	ba 87       	std	Y+10, r27	; 0x0a
	if (__tmp < 1.0)
    2102:	6f 81       	ldd	r22, Y+7	; 0x07
    2104:	78 85       	ldd	r23, Y+8	; 0x08
    2106:	89 85       	ldd	r24, Y+9	; 0x09
    2108:	9a 85       	ldd	r25, Y+10	; 0x0a
    210a:	20 e0       	ldi	r18, 0x00	; 0
    210c:	30 e0       	ldi	r19, 0x00	; 0
    210e:	40 e8       	ldi	r20, 0x80	; 128
    2110:	5f e3       	ldi	r21, 0x3F	; 63
    2112:	0e 94 79 03 	call	0x6f2	; 0x6f2 <__ltsf2>
    2116:	88 23       	and	r24, r24
    2118:	2c f4       	brge	.+10     	; 0x2124 <LCD_sendCommand+0x33a>
		__ticks = 1;
    211a:	81 e0       	ldi	r24, 0x01	; 1
    211c:	90 e0       	ldi	r25, 0x00	; 0
    211e:	9e 83       	std	Y+6, r25	; 0x06
    2120:	8d 83       	std	Y+5, r24	; 0x05
    2122:	3f c0       	rjmp	.+126    	; 0x21a2 <LCD_sendCommand+0x3b8>
	else if (__tmp > 65535)
    2124:	6f 81       	ldd	r22, Y+7	; 0x07
    2126:	78 85       	ldd	r23, Y+8	; 0x08
    2128:	89 85       	ldd	r24, Y+9	; 0x09
    212a:	9a 85       	ldd	r25, Y+10	; 0x0a
    212c:	20 e0       	ldi	r18, 0x00	; 0
    212e:	3f ef       	ldi	r19, 0xFF	; 255
    2130:	4f e7       	ldi	r20, 0x7F	; 127
    2132:	57 e4       	ldi	r21, 0x47	; 71
    2134:	0e 94 19 03 	call	0x632	; 0x632 <__gtsf2>
    2138:	18 16       	cp	r1, r24
    213a:	4c f5       	brge	.+82     	; 0x218e <LCD_sendCommand+0x3a4>
	{
		//	__ticks = requested delay in 1/10 ms
		__ticks = (uint16_t) (__ms * 10.0);
    213c:	6b 85       	ldd	r22, Y+11	; 0x0b
    213e:	7c 85       	ldd	r23, Y+12	; 0x0c
    2140:	8d 85       	ldd	r24, Y+13	; 0x0d
    2142:	9e 85       	ldd	r25, Y+14	; 0x0e
    2144:	20 e0       	ldi	r18, 0x00	; 0
    2146:	30 e0       	ldi	r19, 0x00	; 0
    2148:	40 e2       	ldi	r20, 0x20	; 32
    214a:	51 e4       	ldi	r21, 0x41	; 65
    214c:	0e 94 1f 02 	call	0x43e	; 0x43e <__mulsf3>
    2150:	dc 01       	movw	r26, r24
    2152:	cb 01       	movw	r24, r22
    2154:	bc 01       	movw	r22, r24
    2156:	cd 01       	movw	r24, r26
    2158:	0e 94 49 00 	call	0x92	; 0x92 <__fixunssfsi>
    215c:	dc 01       	movw	r26, r24
    215e:	cb 01       	movw	r24, r22
    2160:	9e 83       	std	Y+6, r25	; 0x06
    2162:	8d 83       	std	Y+5, r24	; 0x05
    2164:	0f c0       	rjmp	.+30     	; 0x2184 <LCD_sendCommand+0x39a>
    2166:	80 e9       	ldi	r24, 0x90	; 144
    2168:	91 e0       	ldi	r25, 0x01	; 1
    216a:	9c 83       	std	Y+4, r25	; 0x04
    216c:	8b 83       	std	Y+3, r24	; 0x03
    216e:	8b 81       	ldd	r24, Y+3	; 0x03
    2170:	9c 81       	ldd	r25, Y+4	; 0x04
    2172:	01 97       	sbiw	r24, 0x01	; 1
    2174:	f1 f7       	brne	.-4      	; 0x2172 <LCD_sendCommand+0x388>
    2176:	9c 83       	std	Y+4, r25	; 0x04
    2178:	8b 83       	std	Y+3, r24	; 0x03
		while(__ticks)
		{
			// wait 1/10 ms
			_delay_loop_2(((F_CPU) / 4e3) / 10);
			__ticks --;
    217a:	8d 81       	ldd	r24, Y+5	; 0x05
    217c:	9e 81       	ldd	r25, Y+6	; 0x06
    217e:	01 97       	sbiw	r24, 0x01	; 1
    2180:	9e 83       	std	Y+6, r25	; 0x06
    2182:	8d 83       	std	Y+5, r24	; 0x05
		__ticks = 1;
	else if (__tmp > 65535)
	{
		//	__ticks = requested delay in 1/10 ms
		__ticks = (uint16_t) (__ms * 10.0);
		while(__ticks)
    2184:	8d 81       	ldd	r24, Y+5	; 0x05
    2186:	9e 81       	ldd	r25, Y+6	; 0x06
    2188:	00 97       	sbiw	r24, 0x00	; 0
    218a:	69 f7       	brne	.-38     	; 0x2166 <LCD_sendCommand+0x37c>
    218c:	14 c0       	rjmp	.+40     	; 0x21b6 <LCD_sendCommand+0x3cc>
			__ticks --;
		}
		return;
	}
	else
		__ticks = (uint16_t)__tmp;
    218e:	6f 81       	ldd	r22, Y+7	; 0x07
    2190:	78 85       	ldd	r23, Y+8	; 0x08
    2192:	89 85       	ldd	r24, Y+9	; 0x09
    2194:	9a 85       	ldd	r25, Y+10	; 0x0a
    2196:	0e 94 49 00 	call	0x92	; 0x92 <__fixunssfsi>
    219a:	dc 01       	movw	r26, r24
    219c:	cb 01       	movw	r24, r22
    219e:	9e 83       	std	Y+6, r25	; 0x06
    21a0:	8d 83       	std	Y+5, r24	; 0x05
    21a2:	8d 81       	ldd	r24, Y+5	; 0x05
    21a4:	9e 81       	ldd	r25, Y+6	; 0x06
    21a6:	9a 83       	std	Y+2, r25	; 0x02
    21a8:	89 83       	std	Y+1, r24	; 0x01
    21aa:	89 81       	ldd	r24, Y+1	; 0x01
    21ac:	9a 81       	ldd	r25, Y+2	; 0x02
    21ae:	01 97       	sbiw	r24, 0x01	; 1
    21b0:	f1 f7       	brne	.-4      	; 0x21ae <LCD_sendCommand+0x3c4>
    21b2:	9a 83       	std	Y+2, r25	; 0x02
    21b4:	89 83       	std	Y+1, r24	; 0x01
	_delay_ms(1); /* delay for processing Th = 13ns */
#endif
}
    21b6:	e9 96       	adiw	r28, 0x39	; 57
    21b8:	0f b6       	in	r0, 0x3f	; 63
    21ba:	f8 94       	cli
    21bc:	de bf       	out	0x3e, r29	; 62
    21be:	0f be       	out	0x3f, r0	; 63
    21c0:	cd bf       	out	0x3d, r28	; 61
    21c2:	cf 91       	pop	r28
    21c4:	df 91       	pop	r29
    21c6:	08 95       	ret

000021c8 <LCD_displayCharacter>:
/*
 * Description :
 * Display the required character on the screen
 */
void LCD_displayCharacter(uint8 a_data)
{
    21c8:	df 93       	push	r29
    21ca:	cf 93       	push	r28
    21cc:	cd b7       	in	r28, 0x3d	; 61
    21ce:	de b7       	in	r29, 0x3e	; 62
    21d0:	e9 97       	sbiw	r28, 0x39	; 57
    21d2:	0f b6       	in	r0, 0x3f	; 63
    21d4:	f8 94       	cli
    21d6:	de bf       	out	0x3e, r29	; 62
    21d8:	0f be       	out	0x3f, r0	; 63
    21da:	cd bf       	out	0x3d, r28	; 61
    21dc:	89 af       	std	Y+57, r24	; 0x39
	GPIO_writePin(LCD_RS_PORT_ID,LCD_RS_PIN_ID,LOGIC_HIGH); /* Data Mode RS=1 */
    21de:	82 e0       	ldi	r24, 0x02	; 2
    21e0:	60 e0       	ldi	r22, 0x00	; 0
    21e2:	41 e0       	ldi	r20, 0x01	; 1
    21e4:	0e 94 8e 06 	call	0xd1c	; 0xd1c <GPIO_writePin>
    21e8:	80 e0       	ldi	r24, 0x00	; 0
    21ea:	90 e0       	ldi	r25, 0x00	; 0
    21ec:	a0 e8       	ldi	r26, 0x80	; 128
    21ee:	bf e3       	ldi	r27, 0x3F	; 63
    21f0:	8d ab       	std	Y+53, r24	; 0x35
    21f2:	9e ab       	std	Y+54, r25	; 0x36
    21f4:	af ab       	std	Y+55, r26	; 0x37
    21f6:	b8 af       	std	Y+56, r27	; 0x38
 */
void
_delay_ms(double __ms)
{
	uint16_t __ticks;
	double __tmp = ((F_CPU) / 4e3) * __ms;
    21f8:	6d a9       	ldd	r22, Y+53	; 0x35
    21fa:	7e a9       	ldd	r23, Y+54	; 0x36
    21fc:	8f a9       	ldd	r24, Y+55	; 0x37
    21fe:	98 ad       	ldd	r25, Y+56	; 0x38
    2200:	20 e0       	ldi	r18, 0x00	; 0
    2202:	30 e0       	ldi	r19, 0x00	; 0
    2204:	4a e7       	ldi	r20, 0x7A	; 122
    2206:	55 e4       	ldi	r21, 0x45	; 69
    2208:	0e 94 1f 02 	call	0x43e	; 0x43e <__mulsf3>
    220c:	dc 01       	movw	r26, r24
    220e:	cb 01       	movw	r24, r22
    2210:	89 ab       	std	Y+49, r24	; 0x31
    2212:	9a ab       	std	Y+50, r25	; 0x32
    2214:	ab ab       	std	Y+51, r26	; 0x33
    2216:	bc ab       	std	Y+52, r27	; 0x34
	if (__tmp < 1.0)
    2218:	69 a9       	ldd	r22, Y+49	; 0x31
    221a:	7a a9       	ldd	r23, Y+50	; 0x32
    221c:	8b a9       	ldd	r24, Y+51	; 0x33
    221e:	9c a9       	ldd	r25, Y+52	; 0x34
    2220:	20 e0       	ldi	r18, 0x00	; 0
    2222:	30 e0       	ldi	r19, 0x00	; 0
    2224:	40 e8       	ldi	r20, 0x80	; 128
    2226:	5f e3       	ldi	r21, 0x3F	; 63
    2228:	0e 94 79 03 	call	0x6f2	; 0x6f2 <__ltsf2>
    222c:	88 23       	and	r24, r24
    222e:	2c f4       	brge	.+10     	; 0x223a <LCD_displayCharacter+0x72>
		__ticks = 1;
    2230:	81 e0       	ldi	r24, 0x01	; 1
    2232:	90 e0       	ldi	r25, 0x00	; 0
    2234:	98 ab       	std	Y+48, r25	; 0x30
    2236:	8f a7       	std	Y+47, r24	; 0x2f
    2238:	3f c0       	rjmp	.+126    	; 0x22b8 <LCD_displayCharacter+0xf0>
	else if (__tmp > 65535)
    223a:	69 a9       	ldd	r22, Y+49	; 0x31
    223c:	7a a9       	ldd	r23, Y+50	; 0x32
    223e:	8b a9       	ldd	r24, Y+51	; 0x33
    2240:	9c a9       	ldd	r25, Y+52	; 0x34
    2242:	20 e0       	ldi	r18, 0x00	; 0
    2244:	3f ef       	ldi	r19, 0xFF	; 255
    2246:	4f e7       	ldi	r20, 0x7F	; 127
    2248:	57 e4       	ldi	r21, 0x47	; 71
    224a:	0e 94 19 03 	call	0x632	; 0x632 <__gtsf2>
    224e:	18 16       	cp	r1, r24
    2250:	4c f5       	brge	.+82     	; 0x22a4 <LCD_displayCharacter+0xdc>
	{
		//	__ticks = requested delay in 1/10 ms
		__ticks = (uint16_t) (__ms * 10.0);
    2252:	6d a9       	ldd	r22, Y+53	; 0x35
    2254:	7e a9       	ldd	r23, Y+54	; 0x36
    2256:	8f a9       	ldd	r24, Y+55	; 0x37
    2258:	98 ad       	ldd	r25, Y+56	; 0x38
    225a:	20 e0       	ldi	r18, 0x00	; 0
    225c:	30 e0       	ldi	r19, 0x00	; 0
    225e:	40 e2       	ldi	r20, 0x20	; 32
    2260:	51 e4       	ldi	r21, 0x41	; 65
    2262:	0e 94 1f 02 	call	0x43e	; 0x43e <__mulsf3>
    2266:	dc 01       	movw	r26, r24
    2268:	cb 01       	movw	r24, r22
    226a:	bc 01       	movw	r22, r24
    226c:	cd 01       	movw	r24, r26
    226e:	0e 94 49 00 	call	0x92	; 0x92 <__fixunssfsi>
    2272:	dc 01       	movw	r26, r24
    2274:	cb 01       	movw	r24, r22
    2276:	98 ab       	std	Y+48, r25	; 0x30
    2278:	8f a7       	std	Y+47, r24	; 0x2f
    227a:	0f c0       	rjmp	.+30     	; 0x229a <LCD_displayCharacter+0xd2>
    227c:	80 e9       	ldi	r24, 0x90	; 144
    227e:	91 e0       	ldi	r25, 0x01	; 1
    2280:	9e a7       	std	Y+46, r25	; 0x2e
    2282:	8d a7       	std	Y+45, r24	; 0x2d
    2284:	8d a5       	ldd	r24, Y+45	; 0x2d
    2286:	9e a5       	ldd	r25, Y+46	; 0x2e
    2288:	01 97       	sbiw	r24, 0x01	; 1
    228a:	f1 f7       	brne	.-4      	; 0x2288 <LCD_displayCharacter+0xc0>
    228c:	9e a7       	std	Y+46, r25	; 0x2e
    228e:	8d a7       	std	Y+45, r24	; 0x2d
		while(__ticks)
		{
			// wait 1/10 ms
			_delay_loop_2(((F_CPU) / 4e3) / 10);
			__ticks --;
    2290:	8f a5       	ldd	r24, Y+47	; 0x2f
    2292:	98 a9       	ldd	r25, Y+48	; 0x30
    2294:	01 97       	sbiw	r24, 0x01	; 1
    2296:	98 ab       	std	Y+48, r25	; 0x30
    2298:	8f a7       	std	Y+47, r24	; 0x2f
		__ticks = 1;
	else if (__tmp > 65535)
	{
		//	__ticks = requested delay in 1/10 ms
		__ticks = (uint16_t) (__ms * 10.0);
		while(__ticks)
    229a:	8f a5       	ldd	r24, Y+47	; 0x2f
    229c:	98 a9       	ldd	r25, Y+48	; 0x30
    229e:	00 97       	sbiw	r24, 0x00	; 0
    22a0:	69 f7       	brne	.-38     	; 0x227c <LCD_displayCharacter+0xb4>
    22a2:	14 c0       	rjmp	.+40     	; 0x22cc <LCD_displayCharacter+0x104>
			__ticks --;
		}
		return;
	}
	else
		__ticks = (uint16_t)__tmp;
    22a4:	69 a9       	ldd	r22, Y+49	; 0x31
    22a6:	7a a9       	ldd	r23, Y+50	; 0x32
    22a8:	8b a9       	ldd	r24, Y+51	; 0x33
    22aa:	9c a9       	ldd	r25, Y+52	; 0x34
    22ac:	0e 94 49 00 	call	0x92	; 0x92 <__fixunssfsi>
    22b0:	dc 01       	movw	r26, r24
    22b2:	cb 01       	movw	r24, r22
    22b4:	98 ab       	std	Y+48, r25	; 0x30
    22b6:	8f a7       	std	Y+47, r24	; 0x2f
    22b8:	8f a5       	ldd	r24, Y+47	; 0x2f
    22ba:	98 a9       	ldd	r25, Y+48	; 0x30
    22bc:	9c a7       	std	Y+44, r25	; 0x2c
    22be:	8b a7       	std	Y+43, r24	; 0x2b
    22c0:	8b a5       	ldd	r24, Y+43	; 0x2b
    22c2:	9c a5       	ldd	r25, Y+44	; 0x2c
    22c4:	01 97       	sbiw	r24, 0x01	; 1
    22c6:	f1 f7       	brne	.-4      	; 0x22c4 <LCD_displayCharacter+0xfc>
    22c8:	9c a7       	std	Y+44, r25	; 0x2c
    22ca:	8b a7       	std	Y+43, r24	; 0x2b
	_delay_ms(1); /* delay for processing Tas = 50ns */
	GPIO_writePin(LCD_E_PORT_ID,LCD_E_PIN_ID,LOGIC_HIGH); /* Enable LCD E=1 */
    22cc:	82 e0       	ldi	r24, 0x02	; 2
    22ce:	61 e0       	ldi	r22, 0x01	; 1
    22d0:	41 e0       	ldi	r20, 0x01	; 1
    22d2:	0e 94 8e 06 	call	0xd1c	; 0xd1c <GPIO_writePin>
    22d6:	80 e0       	ldi	r24, 0x00	; 0
    22d8:	90 e0       	ldi	r25, 0x00	; 0
    22da:	a0 e8       	ldi	r26, 0x80	; 128
    22dc:	bf e3       	ldi	r27, 0x3F	; 63
    22de:	8f a3       	std	Y+39, r24	; 0x27
    22e0:	98 a7       	std	Y+40, r25	; 0x28
    22e2:	a9 a7       	std	Y+41, r26	; 0x29
    22e4:	ba a7       	std	Y+42, r27	; 0x2a
 */
void
_delay_ms(double __ms)
{
	uint16_t __ticks;
	double __tmp = ((F_CPU) / 4e3) * __ms;
    22e6:	6f a1       	ldd	r22, Y+39	; 0x27
    22e8:	78 a5       	ldd	r23, Y+40	; 0x28
    22ea:	89 a5       	ldd	r24, Y+41	; 0x29
    22ec:	9a a5       	ldd	r25, Y+42	; 0x2a
    22ee:	20 e0       	ldi	r18, 0x00	; 0
    22f0:	30 e0       	ldi	r19, 0x00	; 0
    22f2:	4a e7       	ldi	r20, 0x7A	; 122
    22f4:	55 e4       	ldi	r21, 0x45	; 69
    22f6:	0e 94 1f 02 	call	0x43e	; 0x43e <__mulsf3>
    22fa:	dc 01       	movw	r26, r24
    22fc:	cb 01       	movw	r24, r22
    22fe:	8b a3       	std	Y+35, r24	; 0x23
    2300:	9c a3       	std	Y+36, r25	; 0x24
    2302:	ad a3       	std	Y+37, r26	; 0x25
    2304:	be a3       	std	Y+38, r27	; 0x26
	if (__tmp < 1.0)
    2306:	6b a1       	ldd	r22, Y+35	; 0x23
    2308:	7c a1       	ldd	r23, Y+36	; 0x24
    230a:	8d a1       	ldd	r24, Y+37	; 0x25
    230c:	9e a1       	ldd	r25, Y+38	; 0x26
    230e:	20 e0       	ldi	r18, 0x00	; 0
    2310:	30 e0       	ldi	r19, 0x00	; 0
    2312:	40 e8       	ldi	r20, 0x80	; 128
    2314:	5f e3       	ldi	r21, 0x3F	; 63
    2316:	0e 94 79 03 	call	0x6f2	; 0x6f2 <__ltsf2>
    231a:	88 23       	and	r24, r24
    231c:	2c f4       	brge	.+10     	; 0x2328 <LCD_displayCharacter+0x160>
		__ticks = 1;
    231e:	81 e0       	ldi	r24, 0x01	; 1
    2320:	90 e0       	ldi	r25, 0x00	; 0
    2322:	9a a3       	std	Y+34, r25	; 0x22
    2324:	89 a3       	std	Y+33, r24	; 0x21
    2326:	3f c0       	rjmp	.+126    	; 0x23a6 <LCD_displayCharacter+0x1de>
	else if (__tmp > 65535)
    2328:	6b a1       	ldd	r22, Y+35	; 0x23
    232a:	7c a1       	ldd	r23, Y+36	; 0x24
    232c:	8d a1       	ldd	r24, Y+37	; 0x25
    232e:	9e a1       	ldd	r25, Y+38	; 0x26
    2330:	20 e0       	ldi	r18, 0x00	; 0
    2332:	3f ef       	ldi	r19, 0xFF	; 255
    2334:	4f e7       	ldi	r20, 0x7F	; 127
    2336:	57 e4       	ldi	r21, 0x47	; 71
    2338:	0e 94 19 03 	call	0x632	; 0x632 <__gtsf2>
    233c:	18 16       	cp	r1, r24
    233e:	4c f5       	brge	.+82     	; 0x2392 <LCD_displayCharacter+0x1ca>
	{
		//	__ticks = requested delay in 1/10 ms
		__ticks = (uint16_t) (__ms * 10.0);
    2340:	6f a1       	ldd	r22, Y+39	; 0x27
    2342:	78 a5       	ldd	r23, Y+40	; 0x28
    2344:	89 a5       	ldd	r24, Y+41	; 0x29
    2346:	9a a5       	ldd	r25, Y+42	; 0x2a
    2348:	20 e0       	ldi	r18, 0x00	; 0
    234a:	30 e0       	ldi	r19, 0x00	; 0
    234c:	40 e2       	ldi	r20, 0x20	; 32
    234e:	51 e4       	ldi	r21, 0x41	; 65
    2350:	0e 94 1f 02 	call	0x43e	; 0x43e <__mulsf3>
    2354:	dc 01       	movw	r26, r24
    2356:	cb 01       	movw	r24, r22
    2358:	bc 01       	movw	r22, r24
    235a:	cd 01       	movw	r24, r26
    235c:	0e 94 49 00 	call	0x92	; 0x92 <__fixunssfsi>
    2360:	dc 01       	movw	r26, r24
    2362:	cb 01       	movw	r24, r22
    2364:	9a a3       	std	Y+34, r25	; 0x22
    2366:	89 a3       	std	Y+33, r24	; 0x21
    2368:	0f c0       	rjmp	.+30     	; 0x2388 <LCD_displayCharacter+0x1c0>
    236a:	80 e9       	ldi	r24, 0x90	; 144
    236c:	91 e0       	ldi	r25, 0x01	; 1
    236e:	98 a3       	std	Y+32, r25	; 0x20
    2370:	8f 8f       	std	Y+31, r24	; 0x1f
    2372:	8f 8d       	ldd	r24, Y+31	; 0x1f
    2374:	98 a1       	ldd	r25, Y+32	; 0x20
    2376:	01 97       	sbiw	r24, 0x01	; 1
    2378:	f1 f7       	brne	.-4      	; 0x2376 <LCD_displayCharacter+0x1ae>
    237a:	98 a3       	std	Y+32, r25	; 0x20
    237c:	8f 8f       	std	Y+31, r24	; 0x1f
		while(__ticks)
		{
			// wait 1/10 ms
			_delay_loop_2(((F_CPU) / 4e3) / 10);
			__ticks --;
    237e:	89 a1       	ldd	r24, Y+33	; 0x21
    2380:	9a a1       	ldd	r25, Y+34	; 0x22
    2382:	01 97       	sbiw	r24, 0x01	; 1
    2384:	9a a3       	std	Y+34, r25	; 0x22
    2386:	89 a3       	std	Y+33, r24	; 0x21
		__ticks = 1;
	else if (__tmp > 65535)
	{
		//	__ticks = requested delay in 1/10 ms
		__ticks = (uint16_t) (__ms * 10.0);
		while(__ticks)
    2388:	89 a1       	ldd	r24, Y+33	; 0x21
    238a:	9a a1       	ldd	r25, Y+34	; 0x22
    238c:	00 97       	sbiw	r24, 0x00	; 0
    238e:	69 f7       	brne	.-38     	; 0x236a <LCD_displayCharacter+0x1a2>
    2390:	14 c0       	rjmp	.+40     	; 0x23ba <LCD_displayCharacter+0x1f2>
			__ticks --;
		}
		return;
	}
	else
		__ticks = (uint16_t)__tmp;
    2392:	6b a1       	ldd	r22, Y+35	; 0x23
    2394:	7c a1       	ldd	r23, Y+36	; 0x24
    2396:	8d a1       	ldd	r24, Y+37	; 0x25
    2398:	9e a1       	ldd	r25, Y+38	; 0x26
    239a:	0e 94 49 00 	call	0x92	; 0x92 <__fixunssfsi>
    239e:	dc 01       	movw	r26, r24
    23a0:	cb 01       	movw	r24, r22
    23a2:	9a a3       	std	Y+34, r25	; 0x22
    23a4:	89 a3       	std	Y+33, r24	; 0x21
    23a6:	89 a1       	ldd	r24, Y+33	; 0x21
    23a8:	9a a1       	ldd	r25, Y+34	; 0x22
    23aa:	9e 8f       	std	Y+30, r25	; 0x1e
    23ac:	8d 8f       	std	Y+29, r24	; 0x1d
    23ae:	8d 8d       	ldd	r24, Y+29	; 0x1d
    23b0:	9e 8d       	ldd	r25, Y+30	; 0x1e
    23b2:	01 97       	sbiw	r24, 0x01	; 1
    23b4:	f1 f7       	brne	.-4      	; 0x23b2 <LCD_displayCharacter+0x1ea>
    23b6:	9e 8f       	std	Y+30, r25	; 0x1e
    23b8:	8d 8f       	std	Y+29, r24	; 0x1d
	_delay_ms(1); /* delay for processing Tdsw = 100ns */
	GPIO_writePin(LCD_E_PORT_ID,LCD_E_PIN_ID,LOGIC_LOW); /* Disable LCD E=0 */
	_delay_ms(1); /* delay for processing Th = 13ns */

#elif(LCD_DATA_BITS_MODE == 8)
	GPIO_writePort(LCD_DATA_PORT_ID,a_data); /* out the required command to the data bus D0 --> D7 */
    23ba:	80 e0       	ldi	r24, 0x00	; 0
    23bc:	69 ad       	ldd	r22, Y+57	; 0x39
    23be:	0e 94 dd 08 	call	0x11ba	; 0x11ba <GPIO_writePort>
    23c2:	80 e0       	ldi	r24, 0x00	; 0
    23c4:	90 e0       	ldi	r25, 0x00	; 0
    23c6:	a0 e8       	ldi	r26, 0x80	; 128
    23c8:	bf e3       	ldi	r27, 0x3F	; 63
    23ca:	89 8f       	std	Y+25, r24	; 0x19
    23cc:	9a 8f       	std	Y+26, r25	; 0x1a
    23ce:	ab 8f       	std	Y+27, r26	; 0x1b
    23d0:	bc 8f       	std	Y+28, r27	; 0x1c
 */
void
_delay_ms(double __ms)
{
	uint16_t __ticks;
	double __tmp = ((F_CPU) / 4e3) * __ms;
    23d2:	69 8d       	ldd	r22, Y+25	; 0x19
    23d4:	7a 8d       	ldd	r23, Y+26	; 0x1a
    23d6:	8b 8d       	ldd	r24, Y+27	; 0x1b
    23d8:	9c 8d       	ldd	r25, Y+28	; 0x1c
    23da:	20 e0       	ldi	r18, 0x00	; 0
    23dc:	30 e0       	ldi	r19, 0x00	; 0
    23de:	4a e7       	ldi	r20, 0x7A	; 122
    23e0:	55 e4       	ldi	r21, 0x45	; 69
    23e2:	0e 94 1f 02 	call	0x43e	; 0x43e <__mulsf3>
    23e6:	dc 01       	movw	r26, r24
    23e8:	cb 01       	movw	r24, r22
    23ea:	8d 8b       	std	Y+21, r24	; 0x15
    23ec:	9e 8b       	std	Y+22, r25	; 0x16
    23ee:	af 8b       	std	Y+23, r26	; 0x17
    23f0:	b8 8f       	std	Y+24, r27	; 0x18
	if (__tmp < 1.0)
    23f2:	6d 89       	ldd	r22, Y+21	; 0x15
    23f4:	7e 89       	ldd	r23, Y+22	; 0x16
    23f6:	8f 89       	ldd	r24, Y+23	; 0x17
    23f8:	98 8d       	ldd	r25, Y+24	; 0x18
    23fa:	20 e0       	ldi	r18, 0x00	; 0
    23fc:	30 e0       	ldi	r19, 0x00	; 0
    23fe:	40 e8       	ldi	r20, 0x80	; 128
    2400:	5f e3       	ldi	r21, 0x3F	; 63
    2402:	0e 94 79 03 	call	0x6f2	; 0x6f2 <__ltsf2>
    2406:	88 23       	and	r24, r24
    2408:	2c f4       	brge	.+10     	; 0x2414 <LCD_displayCharacter+0x24c>
		__ticks = 1;
    240a:	81 e0       	ldi	r24, 0x01	; 1
    240c:	90 e0       	ldi	r25, 0x00	; 0
    240e:	9c 8b       	std	Y+20, r25	; 0x14
    2410:	8b 8b       	std	Y+19, r24	; 0x13
    2412:	3f c0       	rjmp	.+126    	; 0x2492 <LCD_displayCharacter+0x2ca>
	else if (__tmp > 65535)
    2414:	6d 89       	ldd	r22, Y+21	; 0x15
    2416:	7e 89       	ldd	r23, Y+22	; 0x16
    2418:	8f 89       	ldd	r24, Y+23	; 0x17
    241a:	98 8d       	ldd	r25, Y+24	; 0x18
    241c:	20 e0       	ldi	r18, 0x00	; 0
    241e:	3f ef       	ldi	r19, 0xFF	; 255
    2420:	4f e7       	ldi	r20, 0x7F	; 127
    2422:	57 e4       	ldi	r21, 0x47	; 71
    2424:	0e 94 19 03 	call	0x632	; 0x632 <__gtsf2>
    2428:	18 16       	cp	r1, r24
    242a:	4c f5       	brge	.+82     	; 0x247e <LCD_displayCharacter+0x2b6>
	{
		//	__ticks = requested delay in 1/10 ms
		__ticks = (uint16_t) (__ms * 10.0);
    242c:	69 8d       	ldd	r22, Y+25	; 0x19
    242e:	7a 8d       	ldd	r23, Y+26	; 0x1a
    2430:	8b 8d       	ldd	r24, Y+27	; 0x1b
    2432:	9c 8d       	ldd	r25, Y+28	; 0x1c
    2434:	20 e0       	ldi	r18, 0x00	; 0
    2436:	30 e0       	ldi	r19, 0x00	; 0
    2438:	40 e2       	ldi	r20, 0x20	; 32
    243a:	51 e4       	ldi	r21, 0x41	; 65
    243c:	0e 94 1f 02 	call	0x43e	; 0x43e <__mulsf3>
    2440:	dc 01       	movw	r26, r24
    2442:	cb 01       	movw	r24, r22
    2444:	bc 01       	movw	r22, r24
    2446:	cd 01       	movw	r24, r26
    2448:	0e 94 49 00 	call	0x92	; 0x92 <__fixunssfsi>
    244c:	dc 01       	movw	r26, r24
    244e:	cb 01       	movw	r24, r22
    2450:	9c 8b       	std	Y+20, r25	; 0x14
    2452:	8b 8b       	std	Y+19, r24	; 0x13
    2454:	0f c0       	rjmp	.+30     	; 0x2474 <LCD_displayCharacter+0x2ac>
    2456:	80 e9       	ldi	r24, 0x90	; 144
    2458:	91 e0       	ldi	r25, 0x01	; 1
    245a:	9a 8b       	std	Y+18, r25	; 0x12
    245c:	89 8b       	std	Y+17, r24	; 0x11
    245e:	89 89       	ldd	r24, Y+17	; 0x11
    2460:	9a 89       	ldd	r25, Y+18	; 0x12
    2462:	01 97       	sbiw	r24, 0x01	; 1
    2464:	f1 f7       	brne	.-4      	; 0x2462 <LCD_displayCharacter+0x29a>
    2466:	9a 8b       	std	Y+18, r25	; 0x12
    2468:	89 8b       	std	Y+17, r24	; 0x11
		while(__ticks)
		{
			// wait 1/10 ms
			_delay_loop_2(((F_CPU) / 4e3) / 10);
			__ticks --;
    246a:	8b 89       	ldd	r24, Y+19	; 0x13
    246c:	9c 89       	ldd	r25, Y+20	; 0x14
    246e:	01 97       	sbiw	r24, 0x01	; 1
    2470:	9c 8b       	std	Y+20, r25	; 0x14
    2472:	8b 8b       	std	Y+19, r24	; 0x13
		__ticks = 1;
	else if (__tmp > 65535)
	{
		//	__ticks = requested delay in 1/10 ms
		__ticks = (uint16_t) (__ms * 10.0);
		while(__ticks)
    2474:	8b 89       	ldd	r24, Y+19	; 0x13
    2476:	9c 89       	ldd	r25, Y+20	; 0x14
    2478:	00 97       	sbiw	r24, 0x00	; 0
    247a:	69 f7       	brne	.-38     	; 0x2456 <LCD_displayCharacter+0x28e>
    247c:	14 c0       	rjmp	.+40     	; 0x24a6 <LCD_displayCharacter+0x2de>
			__ticks --;
		}
		return;
	}
	else
		__ticks = (uint16_t)__tmp;
    247e:	6d 89       	ldd	r22, Y+21	; 0x15
    2480:	7e 89       	ldd	r23, Y+22	; 0x16
    2482:	8f 89       	ldd	r24, Y+23	; 0x17
    2484:	98 8d       	ldd	r25, Y+24	; 0x18
    2486:	0e 94 49 00 	call	0x92	; 0x92 <__fixunssfsi>
    248a:	dc 01       	movw	r26, r24
    248c:	cb 01       	movw	r24, r22
    248e:	9c 8b       	std	Y+20, r25	; 0x14
    2490:	8b 8b       	std	Y+19, r24	; 0x13
    2492:	8b 89       	ldd	r24, Y+19	; 0x13
    2494:	9c 89       	ldd	r25, Y+20	; 0x14
    2496:	98 8b       	std	Y+16, r25	; 0x10
    2498:	8f 87       	std	Y+15, r24	; 0x0f
    249a:	8f 85       	ldd	r24, Y+15	; 0x0f
    249c:	98 89       	ldd	r25, Y+16	; 0x10
    249e:	01 97       	sbiw	r24, 0x01	; 1
    24a0:	f1 f7       	brne	.-4      	; 0x249e <LCD_displayCharacter+0x2d6>
    24a2:	98 8b       	std	Y+16, r25	; 0x10
    24a4:	8f 87       	std	Y+15, r24	; 0x0f
	_delay_ms(1); /* delay for processing Tdsw = 100ns */
	GPIO_writePin(LCD_E_PORT_ID,LCD_E_PIN_ID,LOGIC_LOW); /* Disable LCD E=0 */
    24a6:	82 e0       	ldi	r24, 0x02	; 2
    24a8:	61 e0       	ldi	r22, 0x01	; 1
    24aa:	40 e0       	ldi	r20, 0x00	; 0
    24ac:	0e 94 8e 06 	call	0xd1c	; 0xd1c <GPIO_writePin>
    24b0:	80 e0       	ldi	r24, 0x00	; 0
    24b2:	90 e0       	ldi	r25, 0x00	; 0
    24b4:	a0 e8       	ldi	r26, 0x80	; 128
    24b6:	bf e3       	ldi	r27, 0x3F	; 63
    24b8:	8b 87       	std	Y+11, r24	; 0x0b
    24ba:	9c 87       	std	Y+12, r25	; 0x0c
    24bc:	ad 87       	std	Y+13, r26	; 0x0d
    24be:	be 87       	std	Y+14, r27	; 0x0e
 */
void
_delay_ms(double __ms)
{
	uint16_t __ticks;
	double __tmp = ((F_CPU) / 4e3) * __ms;
    24c0:	6b 85       	ldd	r22, Y+11	; 0x0b
    24c2:	7c 85       	ldd	r23, Y+12	; 0x0c
    24c4:	8d 85       	ldd	r24, Y+13	; 0x0d
    24c6:	9e 85       	ldd	r25, Y+14	; 0x0e
    24c8:	20 e0       	ldi	r18, 0x00	; 0
    24ca:	30 e0       	ldi	r19, 0x00	; 0
    24cc:	4a e7       	ldi	r20, 0x7A	; 122
    24ce:	55 e4       	ldi	r21, 0x45	; 69
    24d0:	0e 94 1f 02 	call	0x43e	; 0x43e <__mulsf3>
    24d4:	dc 01       	movw	r26, r24
    24d6:	cb 01       	movw	r24, r22
    24d8:	8f 83       	std	Y+7, r24	; 0x07
    24da:	98 87       	std	Y+8, r25	; 0x08
    24dc:	a9 87       	std	Y+9, r26	; 0x09
    24de:	ba 87       	std	Y+10, r27	; 0x0a
	if (__tmp < 1.0)
    24e0:	6f 81       	ldd	r22, Y+7	; 0x07
    24e2:	78 85       	ldd	r23, Y+8	; 0x08
    24e4:	89 85       	ldd	r24, Y+9	; 0x09
    24e6:	9a 85       	ldd	r25, Y+10	; 0x0a
    24e8:	20 e0       	ldi	r18, 0x00	; 0
    24ea:	30 e0       	ldi	r19, 0x00	; 0
    24ec:	40 e8       	ldi	r20, 0x80	; 128
    24ee:	5f e3       	ldi	r21, 0x3F	; 63
    24f0:	0e 94 79 03 	call	0x6f2	; 0x6f2 <__ltsf2>
    24f4:	88 23       	and	r24, r24
    24f6:	2c f4       	brge	.+10     	; 0x2502 <LCD_displayCharacter+0x33a>
		__ticks = 1;
    24f8:	81 e0       	ldi	r24, 0x01	; 1
    24fa:	90 e0       	ldi	r25, 0x00	; 0
    24fc:	9e 83       	std	Y+6, r25	; 0x06
    24fe:	8d 83       	std	Y+5, r24	; 0x05
    2500:	3f c0       	rjmp	.+126    	; 0x2580 <LCD_displayCharacter+0x3b8>
	else if (__tmp > 65535)
    2502:	6f 81       	ldd	r22, Y+7	; 0x07
    2504:	78 85       	ldd	r23, Y+8	; 0x08
    2506:	89 85       	ldd	r24, Y+9	; 0x09
    2508:	9a 85       	ldd	r25, Y+10	; 0x0a
    250a:	20 e0       	ldi	r18, 0x00	; 0
    250c:	3f ef       	ldi	r19, 0xFF	; 255
    250e:	4f e7       	ldi	r20, 0x7F	; 127
    2510:	57 e4       	ldi	r21, 0x47	; 71
    2512:	0e 94 19 03 	call	0x632	; 0x632 <__gtsf2>
    2516:	18 16       	cp	r1, r24
    2518:	4c f5       	brge	.+82     	; 0x256c <LCD_displayCharacter+0x3a4>
	{
		//	__ticks = requested delay in 1/10 ms
		__ticks = (uint16_t) (__ms * 10.0);
    251a:	6b 85       	ldd	r22, Y+11	; 0x0b
    251c:	7c 85       	ldd	r23, Y+12	; 0x0c
    251e:	8d 85       	ldd	r24, Y+13	; 0x0d
    2520:	9e 85       	ldd	r25, Y+14	; 0x0e
    2522:	20 e0       	ldi	r18, 0x00	; 0
    2524:	30 e0       	ldi	r19, 0x00	; 0
    2526:	40 e2       	ldi	r20, 0x20	; 32
    2528:	51 e4       	ldi	r21, 0x41	; 65
    252a:	0e 94 1f 02 	call	0x43e	; 0x43e <__mulsf3>
    252e:	dc 01       	movw	r26, r24
    2530:	cb 01       	movw	r24, r22
    2532:	bc 01       	movw	r22, r24
    2534:	cd 01       	movw	r24, r26
    2536:	0e 94 49 00 	call	0x92	; 0x92 <__fixunssfsi>
    253a:	dc 01       	movw	r26, r24
    253c:	cb 01       	movw	r24, r22
    253e:	9e 83       	std	Y+6, r25	; 0x06
    2540:	8d 83       	std	Y+5, r24	; 0x05
    2542:	0f c0       	rjmp	.+30     	; 0x2562 <LCD_displayCharacter+0x39a>
    2544:	80 e9       	ldi	r24, 0x90	; 144
    2546:	91 e0       	ldi	r25, 0x01	; 1
    2548:	9c 83       	std	Y+4, r25	; 0x04
    254a:	8b 83       	std	Y+3, r24	; 0x03
    254c:	8b 81       	ldd	r24, Y+3	; 0x03
    254e:	9c 81       	ldd	r25, Y+4	; 0x04
    2550:	01 97       	sbiw	r24, 0x01	; 1
    2552:	f1 f7       	brne	.-4      	; 0x2550 <LCD_displayCharacter+0x388>
    2554:	9c 83       	std	Y+4, r25	; 0x04
    2556:	8b 83       	std	Y+3, r24	; 0x03
		while(__ticks)
		{
			// wait 1/10 ms
			_delay_loop_2(((F_CPU) / 4e3) / 10);
			__ticks --;
    2558:	8d 81       	ldd	r24, Y+5	; 0x05
    255a:	9e 81       	ldd	r25, Y+6	; 0x06
    255c:	01 97       	sbiw	r24, 0x01	; 1
    255e:	9e 83       	std	Y+6, r25	; 0x06
    2560:	8d 83       	std	Y+5, r24	; 0x05
		__ticks = 1;
	else if (__tmp > 65535)
	{
		//	__ticks = requested delay in 1/10 ms
		__ticks = (uint16_t) (__ms * 10.0);
		while(__ticks)
    2562:	8d 81       	ldd	r24, Y+5	; 0x05
    2564:	9e 81       	ldd	r25, Y+6	; 0x06
    2566:	00 97       	sbiw	r24, 0x00	; 0
    2568:	69 f7       	brne	.-38     	; 0x2544 <LCD_displayCharacter+0x37c>
    256a:	14 c0       	rjmp	.+40     	; 0x2594 <LCD_displayCharacter+0x3cc>
			__ticks --;
		}
		return;
	}
	else
		__ticks = (uint16_t)__tmp;
    256c:	6f 81       	ldd	r22, Y+7	; 0x07
    256e:	78 85       	ldd	r23, Y+8	; 0x08
    2570:	89 85       	ldd	r24, Y+9	; 0x09
    2572:	9a 85       	ldd	r25, Y+10	; 0x0a
    2574:	0e 94 49 00 	call	0x92	; 0x92 <__fixunssfsi>
    2578:	dc 01       	movw	r26, r24
    257a:	cb 01       	movw	r24, r22
    257c:	9e 83       	std	Y+6, r25	; 0x06
    257e:	8d 83       	std	Y+5, r24	; 0x05
    2580:	8d 81       	ldd	r24, Y+5	; 0x05
    2582:	9e 81       	ldd	r25, Y+6	; 0x06
    2584:	9a 83       	std	Y+2, r25	; 0x02
    2586:	89 83       	std	Y+1, r24	; 0x01
    2588:	89 81       	ldd	r24, Y+1	; 0x01
    258a:	9a 81       	ldd	r25, Y+2	; 0x02
    258c:	01 97       	sbiw	r24, 0x01	; 1
    258e:	f1 f7       	brne	.-4      	; 0x258c <LCD_displayCharacter+0x3c4>
    2590:	9a 83       	std	Y+2, r25	; 0x02
    2592:	89 83       	std	Y+1, r24	; 0x01
	_delay_ms(1); /* delay for processing Th = 13ns */
#endif
}
    2594:	e9 96       	adiw	r28, 0x39	; 57
    2596:	0f b6       	in	r0, 0x3f	; 63
    2598:	f8 94       	cli
    259a:	de bf       	out	0x3e, r29	; 62
    259c:	0f be       	out	0x3f, r0	; 63
    259e:	cd bf       	out	0x3d, r28	; 61
    25a0:	cf 91       	pop	r28
    25a2:	df 91       	pop	r29
    25a4:	08 95       	ret

000025a6 <LCD_displayString>:
/*
 * Description :
 * Display the required string on the screen
 */
void LCD_displayString(const char *Str)
{
    25a6:	df 93       	push	r29
    25a8:	cf 93       	push	r28
    25aa:	00 d0       	rcall	.+0      	; 0x25ac <LCD_displayString+0x6>
    25ac:	0f 92       	push	r0
    25ae:	cd b7       	in	r28, 0x3d	; 61
    25b0:	de b7       	in	r29, 0x3e	; 62
    25b2:	9b 83       	std	Y+3, r25	; 0x03
    25b4:	8a 83       	std	Y+2, r24	; 0x02
	uint8 i = 0;
    25b6:	19 82       	std	Y+1, r1	; 0x01
    25b8:	0e c0       	rjmp	.+28     	; 0x25d6 <LCD_displayString+0x30>
	while(Str[i] != '\0')
	{
		LCD_displayCharacter(Str[i]);
    25ba:	89 81       	ldd	r24, Y+1	; 0x01
    25bc:	28 2f       	mov	r18, r24
    25be:	30 e0       	ldi	r19, 0x00	; 0
    25c0:	8a 81       	ldd	r24, Y+2	; 0x02
    25c2:	9b 81       	ldd	r25, Y+3	; 0x03
    25c4:	fc 01       	movw	r30, r24
    25c6:	e2 0f       	add	r30, r18
    25c8:	f3 1f       	adc	r31, r19
    25ca:	80 81       	ld	r24, Z
    25cc:	0e 94 e4 10 	call	0x21c8	; 0x21c8 <LCD_displayCharacter>
		i++;
    25d0:	89 81       	ldd	r24, Y+1	; 0x01
    25d2:	8f 5f       	subi	r24, 0xFF	; 255
    25d4:	89 83       	std	Y+1, r24	; 0x01
 * Display the required string on the screen
 */
void LCD_displayString(const char *Str)
{
	uint8 i = 0;
	while(Str[i] != '\0')
    25d6:	89 81       	ldd	r24, Y+1	; 0x01
    25d8:	28 2f       	mov	r18, r24
    25da:	30 e0       	ldi	r19, 0x00	; 0
    25dc:	8a 81       	ldd	r24, Y+2	; 0x02
    25de:	9b 81       	ldd	r25, Y+3	; 0x03
    25e0:	fc 01       	movw	r30, r24
    25e2:	e2 0f       	add	r30, r18
    25e4:	f3 1f       	adc	r31, r19
    25e6:	80 81       	ld	r24, Z
    25e8:	88 23       	and	r24, r24
    25ea:	39 f7       	brne	.-50     	; 0x25ba <LCD_displayString+0x14>
	{
		LCD_displayCharacter(*Str);
		Str++;
	}
	*********************************************************/
}
    25ec:	0f 90       	pop	r0
    25ee:	0f 90       	pop	r0
    25f0:	0f 90       	pop	r0
    25f2:	cf 91       	pop	r28
    25f4:	df 91       	pop	r29
    25f6:	08 95       	ret

000025f8 <LCD_moveCursor>:
/*
 * Description :
 * Move the cursor to a specified row and column index on the screen
 */
void LCD_moveCursor(uint8 a_row,uint8 a_col)
{
    25f8:	df 93       	push	r29
    25fa:	cf 93       	push	r28
    25fc:	00 d0       	rcall	.+0      	; 0x25fe <LCD_moveCursor+0x6>
    25fe:	00 d0       	rcall	.+0      	; 0x2600 <LCD_moveCursor+0x8>
    2600:	0f 92       	push	r0
    2602:	cd b7       	in	r28, 0x3d	; 61
    2604:	de b7       	in	r29, 0x3e	; 62
    2606:	8a 83       	std	Y+2, r24	; 0x02
    2608:	6b 83       	std	Y+3, r22	; 0x03
	uint8 lcd_memory_address=0;
    260a:	19 82       	std	Y+1, r1	; 0x01

	/* Calculate the required address in the LCD DDRAM */
	switch(a_row)
    260c:	8a 81       	ldd	r24, Y+2	; 0x02
    260e:	28 2f       	mov	r18, r24
    2610:	30 e0       	ldi	r19, 0x00	; 0
    2612:	3d 83       	std	Y+5, r19	; 0x05
    2614:	2c 83       	std	Y+4, r18	; 0x04
    2616:	8c 81       	ldd	r24, Y+4	; 0x04
    2618:	9d 81       	ldd	r25, Y+5	; 0x05
    261a:	81 30       	cpi	r24, 0x01	; 1
    261c:	91 05       	cpc	r25, r1
    261e:	c1 f0       	breq	.+48     	; 0x2650 <LCD_moveCursor+0x58>
    2620:	2c 81       	ldd	r18, Y+4	; 0x04
    2622:	3d 81       	ldd	r19, Y+5	; 0x05
    2624:	22 30       	cpi	r18, 0x02	; 2
    2626:	31 05       	cpc	r19, r1
    2628:	2c f4       	brge	.+10     	; 0x2634 <LCD_moveCursor+0x3c>
    262a:	8c 81       	ldd	r24, Y+4	; 0x04
    262c:	9d 81       	ldd	r25, Y+5	; 0x05
    262e:	00 97       	sbiw	r24, 0x00	; 0
    2630:	61 f0       	breq	.+24     	; 0x264a <LCD_moveCursor+0x52>
    2632:	19 c0       	rjmp	.+50     	; 0x2666 <LCD_moveCursor+0x6e>
    2634:	2c 81       	ldd	r18, Y+4	; 0x04
    2636:	3d 81       	ldd	r19, Y+5	; 0x05
    2638:	22 30       	cpi	r18, 0x02	; 2
    263a:	31 05       	cpc	r19, r1
    263c:	69 f0       	breq	.+26     	; 0x2658 <LCD_moveCursor+0x60>
    263e:	8c 81       	ldd	r24, Y+4	; 0x04
    2640:	9d 81       	ldd	r25, Y+5	; 0x05
    2642:	83 30       	cpi	r24, 0x03	; 3
    2644:	91 05       	cpc	r25, r1
    2646:	61 f0       	breq	.+24     	; 0x2660 <LCD_moveCursor+0x68>
    2648:	0e c0       	rjmp	.+28     	; 0x2666 <LCD_moveCursor+0x6e>
	{
		case 0:
			lcd_memory_address=a_col;
    264a:	8b 81       	ldd	r24, Y+3	; 0x03
    264c:	89 83       	std	Y+1, r24	; 0x01
    264e:	0b c0       	rjmp	.+22     	; 0x2666 <LCD_moveCursor+0x6e>
				break;
		case 1:
			lcd_memory_address=a_col+0x40;
    2650:	8b 81       	ldd	r24, Y+3	; 0x03
    2652:	80 5c       	subi	r24, 0xC0	; 192
    2654:	89 83       	std	Y+1, r24	; 0x01
    2656:	07 c0       	rjmp	.+14     	; 0x2666 <LCD_moveCursor+0x6e>
				break;
		case 2:
			lcd_memory_address=a_col+0x10;
    2658:	8b 81       	ldd	r24, Y+3	; 0x03
    265a:	80 5f       	subi	r24, 0xF0	; 240
    265c:	89 83       	std	Y+1, r24	; 0x01
    265e:	03 c0       	rjmp	.+6      	; 0x2666 <LCD_moveCursor+0x6e>
				break;
		case 3:
			lcd_memory_address=a_col+0x50;
    2660:	8b 81       	ldd	r24, Y+3	; 0x03
    2662:	80 5b       	subi	r24, 0xB0	; 176
    2664:	89 83       	std	Y+1, r24	; 0x01
				break;
	}
	/* Move the LCD cursor to this specific address */
	LCD_sendCommand(lcd_memory_address | LCD_SET_CURSOR_LOCATION);
    2666:	89 81       	ldd	r24, Y+1	; 0x01
    2668:	80 68       	ori	r24, 0x80	; 128
    266a:	0e 94 f5 0e 	call	0x1dea	; 0x1dea <LCD_sendCommand>
}
    266e:	0f 90       	pop	r0
    2670:	0f 90       	pop	r0
    2672:	0f 90       	pop	r0
    2674:	0f 90       	pop	r0
    2676:	0f 90       	pop	r0
    2678:	cf 91       	pop	r28
    267a:	df 91       	pop	r29
    267c:	08 95       	ret

0000267e <LCD_displayStringRowColumn>:
/*
 * Description :
 * Display the required string in a specified row and column index on the screen
 */
void LCD_displayStringRowColumn(uint8 a_row,uint8 a_col,const char *Str)
{
    267e:	df 93       	push	r29
    2680:	cf 93       	push	r28
    2682:	00 d0       	rcall	.+0      	; 0x2684 <LCD_displayStringRowColumn+0x6>
    2684:	00 d0       	rcall	.+0      	; 0x2686 <LCD_displayStringRowColumn+0x8>
    2686:	cd b7       	in	r28, 0x3d	; 61
    2688:	de b7       	in	r29, 0x3e	; 62
    268a:	89 83       	std	Y+1, r24	; 0x01
    268c:	6a 83       	std	Y+2, r22	; 0x02
    268e:	5c 83       	std	Y+4, r21	; 0x04
    2690:	4b 83       	std	Y+3, r20	; 0x03
	LCD_moveCursor(a_row,a_col); /* go to to the required LCD position */
    2692:	89 81       	ldd	r24, Y+1	; 0x01
    2694:	6a 81       	ldd	r22, Y+2	; 0x02
    2696:	0e 94 fc 12 	call	0x25f8	; 0x25f8 <LCD_moveCursor>
	LCD_displayString(Str); /* display the string */
    269a:	8b 81       	ldd	r24, Y+3	; 0x03
    269c:	9c 81       	ldd	r25, Y+4	; 0x04
    269e:	0e 94 d3 12 	call	0x25a6	; 0x25a6 <LCD_displayString>
}
    26a2:	0f 90       	pop	r0
    26a4:	0f 90       	pop	r0
    26a6:	0f 90       	pop	r0
    26a8:	0f 90       	pop	r0
    26aa:	cf 91       	pop	r28
    26ac:	df 91       	pop	r29
    26ae:	08 95       	ret

000026b0 <LCD_intgerToString>:
/*
 * Description :
 * Display the required decimal value on the screen
 */
void LCD_intgerToString(sint16 a_data)
{
    26b0:	df 93       	push	r29
    26b2:	cf 93       	push	r28
    26b4:	cd b7       	in	r28, 0x3d	; 61
    26b6:	de b7       	in	r29, 0x3e	; 62
    26b8:	62 97       	sbiw	r28, 0x12	; 18
    26ba:	0f b6       	in	r0, 0x3f	; 63
    26bc:	f8 94       	cli
    26be:	de bf       	out	0x3e, r29	; 62
    26c0:	0f be       	out	0x3f, r0	; 63
    26c2:	cd bf       	out	0x3d, r28	; 61
    26c4:	9a 8b       	std	Y+18, r25	; 0x12
    26c6:	89 8b       	std	Y+17, r24	; 0x11
	char buff[16];
	itoa(a_data,buff,10);
    26c8:	89 89       	ldd	r24, Y+17	; 0x11
    26ca:	9a 89       	ldd	r25, Y+18	; 0x12
    26cc:	9e 01       	movw	r18, r28
    26ce:	2f 5f       	subi	r18, 0xFF	; 255
    26d0:	3f 4f       	sbci	r19, 0xFF	; 255
    26d2:	b9 01       	movw	r22, r18
    26d4:	4a e0       	ldi	r20, 0x0A	; 10
    26d6:	50 e0       	ldi	r21, 0x00	; 0
    26d8:	0e 94 56 18 	call	0x30ac	; 0x30ac <itoa>
   	 LCD_displayString(buff);
    26dc:	ce 01       	movw	r24, r28
    26de:	01 96       	adiw	r24, 0x01	; 1
    26e0:	0e 94 d3 12 	call	0x25a6	; 0x25a6 <LCD_displayString>
}
    26e4:	62 96       	adiw	r28, 0x12	; 18
    26e6:	0f b6       	in	r0, 0x3f	; 63
    26e8:	f8 94       	cli
    26ea:	de bf       	out	0x3e, r29	; 62
    26ec:	0f be       	out	0x3f, r0	; 63
    26ee:	cd bf       	out	0x3d, r28	; 61
    26f0:	cf 91       	pop	r28
    26f2:	df 91       	pop	r29
    26f4:	08 95       	ret

000026f6 <LCD_clearScreen>:
/*
 * Description :
 * Send the clear screen command
 */
void LCD_clearScreen(void)
{
    26f6:	df 93       	push	r29
    26f8:	cf 93       	push	r28
    26fa:	cd b7       	in	r28, 0x3d	; 61
    26fc:	de b7       	in	r29, 0x3e	; 62
	LCD_sendCommand(LCD_CLEAR_COMMAND); /* Send clear display command */
    26fe:	81 e0       	ldi	r24, 0x01	; 1
    2700:	0e 94 f5 0e 	call	0x1dea	; 0x1dea <LCD_sendCommand>
}
    2704:	cf 91       	pop	r28
    2706:	df 91       	pop	r29
    2708:	08 95       	ret

0000270a <Timer_init>:


  static volatile void (*g_Timers_callBackPtr[3])(void)={NULL_PTR};

  /********************* initialize the timers************************/
void Timer_init(const Timer_ConfigType *Config_Ptr) {
    270a:	df 93       	push	r29
    270c:	cf 93       	push	r28
    270e:	cd b7       	in	r28, 0x3d	; 61
    2710:	de b7       	in	r29, 0x3e	; 62
    2712:	2a 97       	sbiw	r28, 0x0a	; 10
    2714:	0f b6       	in	r0, 0x3f	; 63
    2716:	f8 94       	cli
    2718:	de bf       	out	0x3e, r29	; 62
    271a:	0f be       	out	0x3f, r0	; 63
    271c:	cd bf       	out	0x3d, r28	; 61
    271e:	9a 83       	std	Y+2, r25	; 0x02
    2720:	89 83       	std	Y+1, r24	; 0x01

	switch (Config_Ptr->timer_ID) {
    2722:	e9 81       	ldd	r30, Y+1	; 0x01
    2724:	fa 81       	ldd	r31, Y+2	; 0x02
    2726:	84 81       	ldd	r24, Z+4	; 0x04
    2728:	28 2f       	mov	r18, r24
    272a:	30 e0       	ldi	r19, 0x00	; 0
    272c:	3a 87       	std	Y+10, r19	; 0x0a
    272e:	29 87       	std	Y+9, r18	; 0x09
    2730:	89 85       	ldd	r24, Y+9	; 0x09
    2732:	9a 85       	ldd	r25, Y+10	; 0x0a
    2734:	81 30       	cpi	r24, 0x01	; 1
    2736:	91 05       	cpc	r25, r1
    2738:	09 f4       	brne	.+2      	; 0x273c <Timer_init+0x32>
    273a:	7d c0       	rjmp	.+250    	; 0x2836 <Timer_init+0x12c>
    273c:	29 85       	ldd	r18, Y+9	; 0x09
    273e:	3a 85       	ldd	r19, Y+10	; 0x0a
    2740:	22 30       	cpi	r18, 0x02	; 2
    2742:	31 05       	cpc	r19, r1
    2744:	09 f4       	brne	.+2      	; 0x2748 <Timer_init+0x3e>
    2746:	fd c0       	rjmp	.+506    	; 0x2942 <Timer_init+0x238>
    2748:	89 85       	ldd	r24, Y+9	; 0x09
    274a:	9a 85       	ldd	r25, Y+10	; 0x0a
    274c:	00 97       	sbiw	r24, 0x00	; 0
    274e:	09 f0       	breq	.+2      	; 0x2752 <Timer_init+0x48>
    2750:	69 c1       	rjmp	.+722    	; 0x2a24 <Timer_init+0x31a>

	case Timer0:

		TIMER0_TCCR0_REG.Byte = 0;
    2752:	e3 e5       	ldi	r30, 0x53	; 83
    2754:	f0 e0       	ldi	r31, 0x00	; 0
    2756:	10 82       	st	Z, r1

		TIMER0_TCNT0_REG.Byte = 0;
    2758:	e2 e5       	ldi	r30, 0x52	; 82
    275a:	f0 e0       	ldi	r31, 0x00	; 0
    275c:	10 82       	st	Z, r1
		TIMER0_OCR0_REG.Byte = 0;
    275e:	ec e5       	ldi	r30, 0x5C	; 92
    2760:	f0 e0       	ldi	r31, 0x00	; 0
    2762:	10 82       	st	Z, r1

		/*Clear Interrupt modules forTimer0 */
		TIMER_TIMSK_REG.Bits.OCIE0_Bit = 0;
    2764:	e9 e5       	ldi	r30, 0x59	; 89
    2766:	f0 e0       	ldi	r31, 0x00	; 0
    2768:	80 81       	ld	r24, Z
    276a:	8d 7f       	andi	r24, 0xFD	; 253
    276c:	80 83       	st	Z, r24
		TIMER_TIMSK_REG.Bits.TOIE0_Bit = 0;
    276e:	e9 e5       	ldi	r30, 0x59	; 89
    2770:	f0 e0       	ldi	r31, 0x00	; 0
    2772:	80 81       	ld	r24, Z
    2774:	8e 7f       	andi	r24, 0xFE	; 254
    2776:	80 83       	st	Z, r24

		/*Set Intial Value*/
		TIMER0_TCNT0_REG.Byte = ((Config_Ptr->timer_InitialValue)) & 0x00FF;
    2778:	a2 e5       	ldi	r26, 0x52	; 82
    277a:	b0 e0       	ldi	r27, 0x00	; 0
    277c:	e9 81       	ldd	r30, Y+1	; 0x01
    277e:	fa 81       	ldd	r31, Y+2	; 0x02
    2780:	80 81       	ld	r24, Z
    2782:	91 81       	ldd	r25, Z+1	; 0x01
    2784:	8c 93       	st	X, r24

		TIMER0_TCCR0_REG.Byte = ((TIMER0_TCCR0_REG.Byte & 0xF8)
    2786:	a3 e5       	ldi	r26, 0x53	; 83
    2788:	b0 e0       	ldi	r27, 0x00	; 0
    278a:	e3 e5       	ldi	r30, 0x53	; 83
    278c:	f0 e0       	ldi	r31, 0x00	; 0
    278e:	80 81       	ld	r24, Z
    2790:	98 2f       	mov	r25, r24
    2792:	98 7f       	andi	r25, 0xF8	; 248
    2794:	e9 81       	ldd	r30, Y+1	; 0x01
    2796:	fa 81       	ldd	r31, Y+2	; 0x02
    2798:	85 81       	ldd	r24, Z+5	; 0x05
    279a:	89 2b       	or	r24, r25
    279c:	8c 93       	st	X, r24
				| (Config_Ptr->timer_clock));

		TIMER0_TCCR0_REG.Bits.COM00_Bit = 0;
    279e:	e3 e5       	ldi	r30, 0x53	; 83
    27a0:	f0 e0       	ldi	r31, 0x00	; 0
    27a2:	80 81       	ld	r24, Z
    27a4:	8f 7e       	andi	r24, 0xEF	; 239
    27a6:	80 83       	st	Z, r24
		TIMER0_TCCR0_REG.Bits.COM01_Bit = 0;
    27a8:	e3 e5       	ldi	r30, 0x53	; 83
    27aa:	f0 e0       	ldi	r31, 0x00	; 0
    27ac:	80 81       	ld	r24, Z
    27ae:	8f 7d       	andi	r24, 0xDF	; 223
    27b0:	80 83       	st	Z, r24

		switch (Config_Ptr->timer_mode) {
    27b2:	e9 81       	ldd	r30, Y+1	; 0x01
    27b4:	fa 81       	ldd	r31, Y+2	; 0x02
    27b6:	86 81       	ldd	r24, Z+6	; 0x06
    27b8:	28 2f       	mov	r18, r24
    27ba:	30 e0       	ldi	r19, 0x00	; 0
    27bc:	38 87       	std	Y+8, r19	; 0x08
    27be:	2f 83       	std	Y+7, r18	; 0x07
    27c0:	8f 81       	ldd	r24, Y+7	; 0x07
    27c2:	98 85       	ldd	r25, Y+8	; 0x08
    27c4:	00 97       	sbiw	r24, 0x00	; 0
    27c6:	31 f0       	breq	.+12     	; 0x27d4 <Timer_init+0xca>
    27c8:	2f 81       	ldd	r18, Y+7	; 0x07
    27ca:	38 85       	ldd	r19, Y+8	; 0x08
    27cc:	21 30       	cpi	r18, 0x01	; 1
    27ce:	31 05       	cpc	r19, r1
    27d0:	b1 f0       	breq	.+44     	; 0x27fe <Timer_init+0xf4>
    27d2:	28 c1       	rjmp	.+592    	; 0x2a24 <Timer_init+0x31a>
		case Overflow_Mode:

			TIMER0_TCCR0_REG.Bits.WGM00_Bit = 0;
    27d4:	e3 e5       	ldi	r30, 0x53	; 83
    27d6:	f0 e0       	ldi	r31, 0x00	; 0
    27d8:	80 81       	ld	r24, Z
    27da:	8f 7b       	andi	r24, 0xBF	; 191
    27dc:	80 83       	st	Z, r24
			TIMER0_TCCR0_REG.Bits.WGM01_Bit = 0;
    27de:	e3 e5       	ldi	r30, 0x53	; 83
    27e0:	f0 e0       	ldi	r31, 0x00	; 0
    27e2:	80 81       	ld	r24, Z
    27e4:	87 7f       	andi	r24, 0xF7	; 247
    27e6:	80 83       	st	Z, r24

			/* SET FOC0 in any mode except PWM mode */
			TIMER0_TCCR0_REG.Bits.FOC0_Bit = 1;
    27e8:	e3 e5       	ldi	r30, 0x53	; 83
    27ea:	f0 e0       	ldi	r31, 0x00	; 0
    27ec:	80 81       	ld	r24, Z
    27ee:	80 68       	ori	r24, 0x80	; 128
    27f0:	80 83       	st	Z, r24

			/* Enable Timer0 overflow interrupt */
			TIMER_TIMSK_REG.Bits.TOIE0_Bit = 1;
    27f2:	e9 e5       	ldi	r30, 0x59	; 89
    27f4:	f0 e0       	ldi	r31, 0x00	; 0
    27f6:	80 81       	ld	r24, Z
    27f8:	81 60       	ori	r24, 0x01	; 1
    27fa:	80 83       	st	Z, r24
    27fc:	13 c1       	rjmp	.+550    	; 0x2a24 <Timer_init+0x31a>
			break;

		case Compare_Mode:

			TIMER0_TCCR0_REG.Bits.WGM00_Bit = 0;
    27fe:	e3 e5       	ldi	r30, 0x53	; 83
    2800:	f0 e0       	ldi	r31, 0x00	; 0
    2802:	80 81       	ld	r24, Z
    2804:	8f 7b       	andi	r24, 0xBF	; 191
    2806:	80 83       	st	Z, r24
			TIMER0_TCCR0_REG.Bits.WGM01_Bit = 1;
    2808:	e3 e5       	ldi	r30, 0x53	; 83
    280a:	f0 e0       	ldi	r31, 0x00	; 0
    280c:	80 81       	ld	r24, Z
    280e:	88 60       	ori	r24, 0x08	; 8
    2810:	80 83       	st	Z, r24

			/* SET FOC0 in any mode except PWM mode */
			TIMER0_TCCR0_REG.Bits.FOC0_Bit = 1;
    2812:	e3 e5       	ldi	r30, 0x53	; 83
    2814:	f0 e0       	ldi	r31, 0x00	; 0
    2816:	80 81       	ld	r24, Z
    2818:	80 68       	ori	r24, 0x80	; 128
    281a:	80 83       	st	Z, r24

			/* set the compare value in register OCR0 & with 0xFF to make sure that it doesn't exceed 8 bits */
			TIMER0_OCR0_REG.Byte = ((Config_Ptr->timer_compare_MatchValue))
    281c:	ac e5       	ldi	r26, 0x5C	; 92
    281e:	b0 e0       	ldi	r27, 0x00	; 0
    2820:	e9 81       	ldd	r30, Y+1	; 0x01
    2822:	fa 81       	ldd	r31, Y+2	; 0x02
    2824:	82 81       	ldd	r24, Z+2	; 0x02
    2826:	93 81       	ldd	r25, Z+3	; 0x03
    2828:	8c 93       	st	X, r24
					& 0x00FF;

			/* Enable Timer0 compare match interrupt*/
			TIMER_TIMSK_REG.Bits.OCIE0_Bit = 1;
    282a:	e9 e5       	ldi	r30, 0x59	; 89
    282c:	f0 e0       	ldi	r31, 0x00	; 0
    282e:	80 81       	ld	r24, Z
    2830:	82 60       	ori	r24, 0x02	; 2
    2832:	80 83       	st	Z, r24
    2834:	f7 c0       	rjmp	.+494    	; 0x2a24 <Timer_init+0x31a>

		break; /*End of Timer0 case*/

	case Timer1:

		TIMER1_TCCR1A_REG.Byte = 0;
    2836:	ef e4       	ldi	r30, 0x4F	; 79
    2838:	f0 e0       	ldi	r31, 0x00	; 0
    283a:	10 82       	st	Z, r1
		TIMER1_TCCR1B_REG.Byte = 0;
    283c:	ee e4       	ldi	r30, 0x4E	; 78
    283e:	f0 e0       	ldi	r31, 0x00	; 0
    2840:	10 82       	st	Z, r1
		TIMER1_TCNT1_REG.TwoBytes = 0;
    2842:	ec e4       	ldi	r30, 0x4C	; 76
    2844:	f0 e0       	ldi	r31, 0x00	; 0
    2846:	11 82       	std	Z+1, r1	; 0x01
    2848:	10 82       	st	Z, r1
		TIMER1_OCR1A_REG.TwoBytes = 0;
    284a:	ea e4       	ldi	r30, 0x4A	; 74
    284c:	f0 e0       	ldi	r31, 0x00	; 0
    284e:	11 82       	std	Z+1, r1	; 0x01
    2850:	10 82       	st	Z, r1

		/*Clear all Interrupt modules Enable of Timer1 (TICIE1=0,OCIE1A=0,OCIE1B=0,TOIE1=0)*/
		TIMER_TIMSK_REG.Byte &= 0xC3;
    2852:	a9 e5       	ldi	r26, 0x59	; 89
    2854:	b0 e0       	ldi	r27, 0x00	; 0
    2856:	e9 e5       	ldi	r30, 0x59	; 89
    2858:	f0 e0       	ldi	r31, 0x00	; 0
    285a:	80 81       	ld	r24, Z
    285c:	83 7c       	andi	r24, 0xC3	; 195
    285e:	8c 93       	st	X, r24

		/*Set Intial Value*/
		TIMER1_TCNT1_REG.TwoBytes = (Config_Ptr->timer_InitialValue);
    2860:	ac e4       	ldi	r26, 0x4C	; 76
    2862:	b0 e0       	ldi	r27, 0x00	; 0
    2864:	e9 81       	ldd	r30, Y+1	; 0x01
    2866:	fa 81       	ldd	r31, Y+2	; 0x02
    2868:	80 81       	ld	r24, Z
    286a:	91 81       	ldd	r25, Z+1	; 0x01
    286c:	11 96       	adiw	r26, 0x01	; 1
    286e:	9c 93       	st	X, r25
    2870:	8e 93       	st	-X, r24

		TIMER1_TCCR1B_REG.Byte = (TIMER1_TCCR1B_REG.Byte & 0xF8)
    2872:	ae e4       	ldi	r26, 0x4E	; 78
    2874:	b0 e0       	ldi	r27, 0x00	; 0
    2876:	ee e4       	ldi	r30, 0x4E	; 78
    2878:	f0 e0       	ldi	r31, 0x00	; 0
    287a:	80 81       	ld	r24, Z
    287c:	98 2f       	mov	r25, r24
    287e:	98 7f       	andi	r25, 0xF8	; 248
    2880:	e9 81       	ldd	r30, Y+1	; 0x01
    2882:	fa 81       	ldd	r31, Y+2	; 0x02
    2884:	85 81       	ldd	r24, Z+5	; 0x05
    2886:	89 2b       	or	r24, r25
    2888:	8c 93       	st	X, r24
				| (Config_Ptr->timer_clock);

		TIMER1_TCCR1A_REG.Byte &= 0x0F;
    288a:	af e4       	ldi	r26, 0x4F	; 79
    288c:	b0 e0       	ldi	r27, 0x00	; 0
    288e:	ef e4       	ldi	r30, 0x4F	; 79
    2890:	f0 e0       	ldi	r31, 0x00	; 0
    2892:	80 81       	ld	r24, Z
    2894:	8f 70       	andi	r24, 0x0F	; 15
    2896:	8c 93       	st	X, r24

		switch (Config_Ptr->timer_mode) {
    2898:	e9 81       	ldd	r30, Y+1	; 0x01
    289a:	fa 81       	ldd	r31, Y+2	; 0x02
    289c:	86 81       	ldd	r24, Z+6	; 0x06
    289e:	28 2f       	mov	r18, r24
    28a0:	30 e0       	ldi	r19, 0x00	; 0
    28a2:	3e 83       	std	Y+6, r19	; 0x06
    28a4:	2d 83       	std	Y+5, r18	; 0x05
    28a6:	8d 81       	ldd	r24, Y+5	; 0x05
    28a8:	9e 81       	ldd	r25, Y+6	; 0x06
    28aa:	00 97       	sbiw	r24, 0x00	; 0
    28ac:	31 f0       	breq	.+12     	; 0x28ba <Timer_init+0x1b0>
    28ae:	2d 81       	ldd	r18, Y+5	; 0x05
    28b0:	3e 81       	ldd	r19, Y+6	; 0x06
    28b2:	21 30       	cpi	r18, 0x01	; 1
    28b4:	31 05       	cpc	r19, r1
    28b6:	d9 f0       	breq	.+54     	; 0x28ee <Timer_init+0x1e4>
    28b8:	b5 c0       	rjmp	.+362    	; 0x2a24 <Timer_init+0x31a>
		case Overflow_Mode:

			TIMER1_TCCR1A_REG.Bits.WGM10_Bit = 0;
    28ba:	ef e4       	ldi	r30, 0x4F	; 79
    28bc:	f0 e0       	ldi	r31, 0x00	; 0
    28be:	80 81       	ld	r24, Z
    28c0:	8e 7f       	andi	r24, 0xFE	; 254
    28c2:	80 83       	st	Z, r24
			TIMER1_TCCR1A_REG.Bits.WGM11_Bit = 0;
    28c4:	ef e4       	ldi	r30, 0x4F	; 79
    28c6:	f0 e0       	ldi	r31, 0x00	; 0
    28c8:	80 81       	ld	r24, Z
    28ca:	8d 7f       	andi	r24, 0xFD	; 253
    28cc:	80 83       	st	Z, r24
			TIMER1_TCCR1B_REG.Bits.WGM12_Bit = 0;
    28ce:	ee e4       	ldi	r30, 0x4E	; 78
    28d0:	f0 e0       	ldi	r31, 0x00	; 0
    28d2:	80 81       	ld	r24, Z
    28d4:	87 7f       	andi	r24, 0xF7	; 247
    28d6:	80 83       	st	Z, r24
			TIMER1_TCCR1B_REG.Bits.WGM13_Bit = 0;
    28d8:	ee e4       	ldi	r30, 0x4E	; 78
    28da:	f0 e0       	ldi	r31, 0x00	; 0
    28dc:	80 81       	ld	r24, Z
    28de:	8f 7e       	andi	r24, 0xEF	; 239
    28e0:	80 83       	st	Z, r24

			/* Enable Timer1 overflow interrupt */
			TIMER_TIMSK_REG.Bits.TOIE1_Bit = 1;
    28e2:	e9 e5       	ldi	r30, 0x59	; 89
    28e4:	f0 e0       	ldi	r31, 0x00	; 0
    28e6:	80 81       	ld	r24, Z
    28e8:	84 60       	ori	r24, 0x04	; 4
    28ea:	80 83       	st	Z, r24
    28ec:	9b c0       	rjmp	.+310    	; 0x2a24 <Timer_init+0x31a>

			break;

		case Compare_Mode:

			TIMER1_TCCR1A_REG.Byte &= 0xFC;
    28ee:	af e4       	ldi	r26, 0x4F	; 79
    28f0:	b0 e0       	ldi	r27, 0x00	; 0
    28f2:	ef e4       	ldi	r30, 0x4F	; 79
    28f4:	f0 e0       	ldi	r31, 0x00	; 0
    28f6:	80 81       	ld	r24, Z
    28f8:	8c 7f       	andi	r24, 0xFC	; 252
    28fa:	8c 93       	st	X, r24
			TIMER1_TCCR1B_REG.Bits.WGM12_Bit = 1;
    28fc:	ee e4       	ldi	r30, 0x4E	; 78
    28fe:	f0 e0       	ldi	r31, 0x00	; 0
    2900:	80 81       	ld	r24, Z
    2902:	88 60       	ori	r24, 0x08	; 8
    2904:	80 83       	st	Z, r24
			TIMER1_TCCR1B_REG.Bits.WGM13_Bit = 0;
    2906:	ee e4       	ldi	r30, 0x4E	; 78
    2908:	f0 e0       	ldi	r31, 0x00	; 0
    290a:	80 81       	ld	r24, Z
    290c:	8f 7e       	andi	r24, 0xEF	; 239
    290e:	80 83       	st	Z, r24

			/* SET FOC1A/FOC1B in any mode except PWM mode */
			TIMER1_TCCR1A_REG.Bits.FOC1A_Bit = 1;
    2910:	ef e4       	ldi	r30, 0x4F	; 79
    2912:	f0 e0       	ldi	r31, 0x00	; 0
    2914:	80 81       	ld	r24, Z
    2916:	84 60       	ori	r24, 0x04	; 4
    2918:	80 83       	st	Z, r24
			TIMER1_TCCR1A_REG.Bits.FOC1B_Bit = 1;
    291a:	ef e4       	ldi	r30, 0x4F	; 79
    291c:	f0 e0       	ldi	r31, 0x00	; 0
    291e:	80 81       	ld	r24, Z
    2920:	88 60       	ori	r24, 0x08	; 8
    2922:	80 83       	st	Z, r24

			/* set the compare value in register OCR1A*/
			TIMER1_OCR1A_REG.TwoBytes = (Config_Ptr->timer_compare_MatchValue);
    2924:	aa e4       	ldi	r26, 0x4A	; 74
    2926:	b0 e0       	ldi	r27, 0x00	; 0
    2928:	e9 81       	ldd	r30, Y+1	; 0x01
    292a:	fa 81       	ldd	r31, Y+2	; 0x02
    292c:	82 81       	ldd	r24, Z+2	; 0x02
    292e:	93 81       	ldd	r25, Z+3	; 0x03
    2930:	11 96       	adiw	r26, 0x01	; 1
    2932:	9c 93       	st	X, r25
    2934:	8e 93       	st	-X, r24

			/* Enable Timer1 compare match module interrupt*/
			TIMER_TIMSK_REG.Bits.OCIE1A_Bit = 1;
    2936:	e9 e5       	ldi	r30, 0x59	; 89
    2938:	f0 e0       	ldi	r31, 0x00	; 0
    293a:	80 81       	ld	r24, Z
    293c:	80 61       	ori	r24, 0x10	; 16
    293e:	80 83       	st	Z, r24
    2940:	71 c0       	rjmp	.+226    	; 0x2a24 <Timer_init+0x31a>

		break; /*End of Timer1 case*/

	case Timer2:

		TIMER2_TCCR2_REG.Byte = 0;
    2942:	e5 e4       	ldi	r30, 0x45	; 69
    2944:	f0 e0       	ldi	r31, 0x00	; 0
    2946:	10 82       	st	Z, r1
		TIMER2_TCNT2_REG.Byte = 0;
    2948:	e4 e4       	ldi	r30, 0x44	; 68
    294a:	f0 e0       	ldi	r31, 0x00	; 0
    294c:	10 82       	st	Z, r1
		TIMER2_OCR2_REG.Byte = 0;
    294e:	e3 e4       	ldi	r30, 0x43	; 67
    2950:	f0 e0       	ldi	r31, 0x00	; 0
    2952:	10 82       	st	Z, r1

		/*Clear all Interrupt modules Enable of Timer2 (OCIE2=0,TOIE2=0)*/
		TIMER_TIMSK_REG.Bits.OCIE2_Bit = 0;
    2954:	e9 e5       	ldi	r30, 0x59	; 89
    2956:	f0 e0       	ldi	r31, 0x00	; 0
    2958:	80 81       	ld	r24, Z
    295a:	8f 77       	andi	r24, 0x7F	; 127
    295c:	80 83       	st	Z, r24
		TIMER_TIMSK_REG.Bits.TOIE2_Bit = 0;
    295e:	e9 e5       	ldi	r30, 0x59	; 89
    2960:	f0 e0       	ldi	r31, 0x00	; 0
    2962:	80 81       	ld	r24, Z
    2964:	8f 7b       	andi	r24, 0xBF	; 191
    2966:	80 83       	st	Z, r24

		/*Set Intial Value & with 0xFF to make sure that it doesn't exceed 8 bits */
		TIMER2_TCNT2_REG.Byte = ((Config_Ptr->timer_InitialValue)) & 0x00FF;
    2968:	a4 e4       	ldi	r26, 0x44	; 68
    296a:	b0 e0       	ldi	r27, 0x00	; 0
    296c:	e9 81       	ldd	r30, Y+1	; 0x01
    296e:	fa 81       	ldd	r31, Y+2	; 0x02
    2970:	80 81       	ld	r24, Z
    2972:	91 81       	ldd	r25, Z+1	; 0x01
    2974:	8c 93       	st	X, r24

		TIMER2_TCCR2_REG.Byte = ((TIMER2_TCCR2_REG.Byte & 0xF8)
    2976:	a5 e4       	ldi	r26, 0x45	; 69
    2978:	b0 e0       	ldi	r27, 0x00	; 0
    297a:	e5 e4       	ldi	r30, 0x45	; 69
    297c:	f0 e0       	ldi	r31, 0x00	; 0
    297e:	80 81       	ld	r24, Z
    2980:	98 2f       	mov	r25, r24
    2982:	98 7f       	andi	r25, 0xF8	; 248
    2984:	e9 81       	ldd	r30, Y+1	; 0x01
    2986:	fa 81       	ldd	r31, Y+2	; 0x02
    2988:	85 81       	ldd	r24, Z+5	; 0x05
    298a:	89 2b       	or	r24, r25
    298c:	8c 93       	st	X, r24
		 *  Compare mode:
		 *  	OC2 disconnected
		 *      Clear COM20 bit in TCCR2 register
		 *      Clear COM21 bit in TCCR2 register
		 */
		TIMER2_TCCR2_REG.Bits.COM20_Bit = 0;
    298e:	e5 e4       	ldi	r30, 0x45	; 69
    2990:	f0 e0       	ldi	r31, 0x00	; 0
    2992:	80 81       	ld	r24, Z
    2994:	8f 7e       	andi	r24, 0xEF	; 239
    2996:	80 83       	st	Z, r24
		TIMER2_TCCR2_REG.Bits.COM21_Bit = 0;
    2998:	e5 e4       	ldi	r30, 0x45	; 69
    299a:	f0 e0       	ldi	r31, 0x00	; 0
    299c:	80 81       	ld	r24, Z
    299e:	8f 7d       	andi	r24, 0xDF	; 223
    29a0:	80 83       	st	Z, r24

		switch (Config_Ptr->timer_mode) {
    29a2:	e9 81       	ldd	r30, Y+1	; 0x01
    29a4:	fa 81       	ldd	r31, Y+2	; 0x02
    29a6:	86 81       	ldd	r24, Z+6	; 0x06
    29a8:	28 2f       	mov	r18, r24
    29aa:	30 e0       	ldi	r19, 0x00	; 0
    29ac:	3c 83       	std	Y+4, r19	; 0x04
    29ae:	2b 83       	std	Y+3, r18	; 0x03
    29b0:	8b 81       	ldd	r24, Y+3	; 0x03
    29b2:	9c 81       	ldd	r25, Y+4	; 0x04
    29b4:	00 97       	sbiw	r24, 0x00	; 0
    29b6:	31 f0       	breq	.+12     	; 0x29c4 <Timer_init+0x2ba>
    29b8:	2b 81       	ldd	r18, Y+3	; 0x03
    29ba:	3c 81       	ldd	r19, Y+4	; 0x04
    29bc:	21 30       	cpi	r18, 0x01	; 1
    29be:	31 05       	cpc	r19, r1
    29c0:	b1 f0       	breq	.+44     	; 0x29ee <Timer_init+0x2e4>
    29c2:	30 c0       	rjmp	.+96     	; 0x2a24 <Timer_init+0x31a>
			/*
			 * Normal Overflow mode:
			 * 		Clear WGM20 bit in TCCR2 register
			 *      Clear WGM21 bit in TCCR2 register
			 */
			TIMER2_TCCR2_REG.Bits.WGM20_Bit = 0;
    29c4:	e5 e4       	ldi	r30, 0x45	; 69
    29c6:	f0 e0       	ldi	r31, 0x00	; 0
    29c8:	80 81       	ld	r24, Z
    29ca:	8f 7b       	andi	r24, 0xBF	; 191
    29cc:	80 83       	st	Z, r24
			TIMER2_TCCR2_REG.Bits.WGM21_Bit = 0;
    29ce:	e5 e4       	ldi	r30, 0x45	; 69
    29d0:	f0 e0       	ldi	r31, 0x00	; 0
    29d2:	80 81       	ld	r24, Z
    29d4:	87 7f       	andi	r24, 0xF7	; 247
    29d6:	80 83       	st	Z, r24

			/* SET FOC2 in any mode except PWM mode */
			TIMER2_TCCR2_REG.Bits.FOC2_Bit = 1;
    29d8:	e5 e4       	ldi	r30, 0x45	; 69
    29da:	f0 e0       	ldi	r31, 0x00	; 0
    29dc:	80 81       	ld	r24, Z
    29de:	80 68       	ori	r24, 0x80	; 128
    29e0:	80 83       	st	Z, r24

			/* Enable Timer2 overflow interrupt */
			TIMER_TIMSK_REG.Bits.TOIE2_Bit = 1;
    29e2:	e9 e5       	ldi	r30, 0x59	; 89
    29e4:	f0 e0       	ldi	r31, 0x00	; 0
    29e6:	80 81       	ld	r24, Z
    29e8:	80 64       	ori	r24, 0x40	; 64
    29ea:	80 83       	st	Z, r24
    29ec:	1b c0       	rjmp	.+54     	; 0x2a24 <Timer_init+0x31a>
			/*
			 *  Compare mode:
			 *  	Clear WGM20 bit in TCCR2 register
			 *      SET WGM21 bit in TCCR2 register
			 */
			TIMER2_TCCR2_REG.Bits.WGM20_Bit = 0;
    29ee:	e5 e4       	ldi	r30, 0x45	; 69
    29f0:	f0 e0       	ldi	r31, 0x00	; 0
    29f2:	80 81       	ld	r24, Z
    29f4:	8f 7b       	andi	r24, 0xBF	; 191
    29f6:	80 83       	st	Z, r24
			TIMER2_TCCR2_REG.Bits.WGM21_Bit = 1;
    29f8:	e5 e4       	ldi	r30, 0x45	; 69
    29fa:	f0 e0       	ldi	r31, 0x00	; 0
    29fc:	80 81       	ld	r24, Z
    29fe:	88 60       	ori	r24, 0x08	; 8
    2a00:	80 83       	st	Z, r24

			/* SET FOC2 in any mode except PWM mode */
			TIMER2_TCCR2_REG.Bits.FOC2_Bit = 1;
    2a02:	e5 e4       	ldi	r30, 0x45	; 69
    2a04:	f0 e0       	ldi	r31, 0x00	; 0
    2a06:	80 81       	ld	r24, Z
    2a08:	80 68       	ori	r24, 0x80	; 128
    2a0a:	80 83       	st	Z, r24

			/* set the compare value in register OCR2 & with 0xFF to make sure that it doesn't exceed 8 bits */
			TIMER2_OCR2_REG.Byte = ((Config_Ptr->timer_compare_MatchValue))
    2a0c:	a3 e4       	ldi	r26, 0x43	; 67
    2a0e:	b0 e0       	ldi	r27, 0x00	; 0
    2a10:	e9 81       	ldd	r30, Y+1	; 0x01
    2a12:	fa 81       	ldd	r31, Y+2	; 0x02
    2a14:	82 81       	ldd	r24, Z+2	; 0x02
    2a16:	93 81       	ldd	r25, Z+3	; 0x03
    2a18:	8c 93       	st	X, r24
					& 0x00FF;

			/* Enable Timer2 compare match interrupt*/
			TIMER_TIMSK_REG.Bits.OCIE2_Bit = 1;
    2a1a:	e9 e5       	ldi	r30, 0x59	; 89
    2a1c:	f0 e0       	ldi	r31, 0x00	; 0
    2a1e:	80 81       	ld	r24, Z
    2a20:	80 68       	ori	r24, 0x80	; 128
    2a22:	80 83       	st	Z, r24

		break; /*End of Timer2 case*/

	}/*End of the outer Super switch case*/

}
    2a24:	2a 96       	adiw	r28, 0x0a	; 10
    2a26:	0f b6       	in	r0, 0x3f	; 63
    2a28:	f8 94       	cli
    2a2a:	de bf       	out	0x3e, r29	; 62
    2a2c:	0f be       	out	0x3f, r0	; 63
    2a2e:	cd bf       	out	0x3d, r28	; 61
    2a30:	cf 91       	pop	r28
    2a32:	df 91       	pop	r29
    2a34:	08 95       	ret

00002a36 <Timer_setCallBack>:

/****************Set CallBack Function******************/

void Timer_setCallBack(void (*a_ptr)(void), Timer_ID_Type a_timer_ID) {
    2a36:	df 93       	push	r29
    2a38:	cf 93       	push	r28
    2a3a:	00 d0       	rcall	.+0      	; 0x2a3c <Timer_setCallBack+0x6>
    2a3c:	00 d0       	rcall	.+0      	; 0x2a3e <Timer_setCallBack+0x8>
    2a3e:	0f 92       	push	r0
    2a40:	cd b7       	in	r28, 0x3d	; 61
    2a42:	de b7       	in	r29, 0x3e	; 62
    2a44:	9a 83       	std	Y+2, r25	; 0x02
    2a46:	89 83       	std	Y+1, r24	; 0x01
    2a48:	6b 83       	std	Y+3, r22	; 0x03

	switch (a_timer_ID) {
    2a4a:	8b 81       	ldd	r24, Y+3	; 0x03
    2a4c:	28 2f       	mov	r18, r24
    2a4e:	30 e0       	ldi	r19, 0x00	; 0
    2a50:	3d 83       	std	Y+5, r19	; 0x05
    2a52:	2c 83       	std	Y+4, r18	; 0x04
    2a54:	8c 81       	ldd	r24, Y+4	; 0x04
    2a56:	9d 81       	ldd	r25, Y+5	; 0x05
    2a58:	81 30       	cpi	r24, 0x01	; 1
    2a5a:	91 05       	cpc	r25, r1
    2a5c:	81 f0       	breq	.+32     	; 0x2a7e <Timer_setCallBack+0x48>
    2a5e:	2c 81       	ldd	r18, Y+4	; 0x04
    2a60:	3d 81       	ldd	r19, Y+5	; 0x05
    2a62:	22 30       	cpi	r18, 0x02	; 2
    2a64:	31 05       	cpc	r19, r1
    2a66:	91 f0       	breq	.+36     	; 0x2a8c <Timer_setCallBack+0x56>
    2a68:	8c 81       	ldd	r24, Y+4	; 0x04
    2a6a:	9d 81       	ldd	r25, Y+5	; 0x05
    2a6c:	00 97       	sbiw	r24, 0x00	; 0
    2a6e:	a1 f4       	brne	.+40     	; 0x2a98 <Timer_setCallBack+0x62>
	case Timer0:
		/* Save the address of the Call back function in a global Ptr to Function variable for timer0 */
		g_Timers_callBackPtr[0] = a_ptr;
    2a70:	89 81       	ldd	r24, Y+1	; 0x01
    2a72:	9a 81       	ldd	r25, Y+2	; 0x02
    2a74:	90 93 69 01 	sts	0x0169, r25
    2a78:	80 93 68 01 	sts	0x0168, r24
    2a7c:	0d c0       	rjmp	.+26     	; 0x2a98 <Timer_setCallBack+0x62>
		break;

	case Timer1:
		/* Save the address of the Call back function in a global Ptr to Function variable for timer1 */
		g_Timers_callBackPtr[1] = a_ptr;
    2a7e:	89 81       	ldd	r24, Y+1	; 0x01
    2a80:	9a 81       	ldd	r25, Y+2	; 0x02
    2a82:	90 93 6b 01 	sts	0x016B, r25
    2a86:	80 93 6a 01 	sts	0x016A, r24
    2a8a:	06 c0       	rjmp	.+12     	; 0x2a98 <Timer_setCallBack+0x62>
		break;

	case Timer2:
		/* Save the address of the Call back function in a global Ptr to Function variable for timer2 */
		g_Timers_callBackPtr[2] = a_ptr;
    2a8c:	89 81       	ldd	r24, Y+1	; 0x01
    2a8e:	9a 81       	ldd	r25, Y+2	; 0x02
    2a90:	90 93 6d 01 	sts	0x016D, r25
    2a94:	80 93 6c 01 	sts	0x016C, r24
		break;
	}

}
    2a98:	0f 90       	pop	r0
    2a9a:	0f 90       	pop	r0
    2a9c:	0f 90       	pop	r0
    2a9e:	0f 90       	pop	r0
    2aa0:	0f 90       	pop	r0
    2aa2:	cf 91       	pop	r28
    2aa4:	df 91       	pop	r29
    2aa6:	08 95       	ret

00002aa8 <Timer_DeInit>:

/***********************De initialize the timer****************/
void Timer_DeInit(Timer_ID_Type timer_type) {
    2aa8:	df 93       	push	r29
    2aaa:	cf 93       	push	r28
    2aac:	00 d0       	rcall	.+0      	; 0x2aae <Timer_DeInit+0x6>
    2aae:	0f 92       	push	r0
    2ab0:	cd b7       	in	r28, 0x3d	; 61
    2ab2:	de b7       	in	r29, 0x3e	; 62
    2ab4:	89 83       	std	Y+1, r24	; 0x01
	switch (timer_type) {
    2ab6:	89 81       	ldd	r24, Y+1	; 0x01
    2ab8:	28 2f       	mov	r18, r24
    2aba:	30 e0       	ldi	r19, 0x00	; 0
    2abc:	3b 83       	std	Y+3, r19	; 0x03
    2abe:	2a 83       	std	Y+2, r18	; 0x02
    2ac0:	8a 81       	ldd	r24, Y+2	; 0x02
    2ac2:	9b 81       	ldd	r25, Y+3	; 0x03
    2ac4:	81 30       	cpi	r24, 0x01	; 1
    2ac6:	91 05       	cpc	r25, r1
    2ac8:	e9 f0       	breq	.+58     	; 0x2b04 <Timer_DeInit+0x5c>
    2aca:	2a 81       	ldd	r18, Y+2	; 0x02
    2acc:	3b 81       	ldd	r19, Y+3	; 0x03
    2ace:	22 30       	cpi	r18, 0x02	; 2
    2ad0:	31 05       	cpc	r19, r1
    2ad2:	71 f1       	breq	.+92     	; 0x2b30 <Timer_DeInit+0x88>
    2ad4:	8a 81       	ldd	r24, Y+2	; 0x02
    2ad6:	9b 81       	ldd	r25, Y+3	; 0x03
    2ad8:	00 97       	sbiw	r24, 0x00	; 0
    2ada:	e9 f5       	brne	.+122    	; 0x2b56 <Timer_DeInit+0xae>
	case Timer0:

		/*Clear all register of Timer0*/
		TIMER0_TCCR0_REG.Byte = 0;
    2adc:	e3 e5       	ldi	r30, 0x53	; 83
    2ade:	f0 e0       	ldi	r31, 0x00	; 0
    2ae0:	10 82       	st	Z, r1
		TIMER0_TCNT0_REG.Byte = 0;
    2ae2:	e2 e5       	ldi	r30, 0x52	; 82
    2ae4:	f0 e0       	ldi	r31, 0x00	; 0
    2ae6:	10 82       	st	Z, r1
		TIMER0_OCR0_REG.Byte = 0;
    2ae8:	ec e5       	ldi	r30, 0x5C	; 92
    2aea:	f0 e0       	ldi	r31, 0x00	; 0
    2aec:	10 82       	st	Z, r1

		/*Clear all Interrupt modules Enable of Timer0 (OCIE0=0,TOIE0=0)*/
		TIMER_TIMSK_REG.Bits.OCIE0_Bit = 0;
    2aee:	e9 e5       	ldi	r30, 0x59	; 89
    2af0:	f0 e0       	ldi	r31, 0x00	; 0
    2af2:	80 81       	ld	r24, Z
    2af4:	8d 7f       	andi	r24, 0xFD	; 253
    2af6:	80 83       	st	Z, r24
		TIMER_TIMSK_REG.Bits.TOIE0_Bit = 0;
    2af8:	e9 e5       	ldi	r30, 0x59	; 89
    2afa:	f0 e0       	ldi	r31, 0x00	; 0
    2afc:	80 81       	ld	r24, Z
    2afe:	8e 7f       	andi	r24, 0xFE	; 254
    2b00:	80 83       	st	Z, r24
    2b02:	29 c0       	rjmp	.+82     	; 0x2b56 <Timer_DeInit+0xae>
		break;

	case Timer1:

		/*Clear all register of Timer1*/
		TIMER1_TCCR1A_REG.Byte = 0;
    2b04:	ef e4       	ldi	r30, 0x4F	; 79
    2b06:	f0 e0       	ldi	r31, 0x00	; 0
    2b08:	10 82       	st	Z, r1
		TIMER1_TCCR1B_REG.Byte = 0;
    2b0a:	ee e4       	ldi	r30, 0x4E	; 78
    2b0c:	f0 e0       	ldi	r31, 0x00	; 0
    2b0e:	10 82       	st	Z, r1
		TIMER1_TCNT1_REG.TwoBytes = 0;
    2b10:	ec e4       	ldi	r30, 0x4C	; 76
    2b12:	f0 e0       	ldi	r31, 0x00	; 0
    2b14:	11 82       	std	Z+1, r1	; 0x01
    2b16:	10 82       	st	Z, r1
		TIMER1_OCR1A_REG.TwoBytes = 0;
    2b18:	ea e4       	ldi	r30, 0x4A	; 74
    2b1a:	f0 e0       	ldi	r31, 0x00	; 0
    2b1c:	11 82       	std	Z+1, r1	; 0x01
    2b1e:	10 82       	st	Z, r1

		/*Clear all Interrupt modules Enable of Timer1 (TICIE1=0,OCIE1A=0,OCIE1B=0,TOIE1=0)*/
		TIMER_TIMSK_REG.Byte &= 0xC3;
    2b20:	a9 e5       	ldi	r26, 0x59	; 89
    2b22:	b0 e0       	ldi	r27, 0x00	; 0
    2b24:	e9 e5       	ldi	r30, 0x59	; 89
    2b26:	f0 e0       	ldi	r31, 0x00	; 0
    2b28:	80 81       	ld	r24, Z
    2b2a:	83 7c       	andi	r24, 0xC3	; 195
    2b2c:	8c 93       	st	X, r24
    2b2e:	13 c0       	rjmp	.+38     	; 0x2b56 <Timer_DeInit+0xae>
		break;

	case Timer2:

		/*Clear all register of Timer2*/
		TIMER2_TCCR2_REG.Byte = 0;
    2b30:	e5 e4       	ldi	r30, 0x45	; 69
    2b32:	f0 e0       	ldi	r31, 0x00	; 0
    2b34:	10 82       	st	Z, r1
		TIMER2_TCNT2_REG.Byte = 0;
    2b36:	e4 e4       	ldi	r30, 0x44	; 68
    2b38:	f0 e0       	ldi	r31, 0x00	; 0
    2b3a:	10 82       	st	Z, r1
		TIMER2_OCR2_REG.Byte = 0;
    2b3c:	e3 e4       	ldi	r30, 0x43	; 67
    2b3e:	f0 e0       	ldi	r31, 0x00	; 0
    2b40:	10 82       	st	Z, r1

		/*Clear all Interrupt modules Enable of Timer2 (OCIE2=0,TOIE2=0)*/
		TIMER_TIMSK_REG.Bits.OCIE2_Bit = 0;
    2b42:	e9 e5       	ldi	r30, 0x59	; 89
    2b44:	f0 e0       	ldi	r31, 0x00	; 0
    2b46:	80 81       	ld	r24, Z
    2b48:	8f 77       	andi	r24, 0x7F	; 127
    2b4a:	80 83       	st	Z, r24
		TIMER_TIMSK_REG.Bits.TOIE2_Bit = 0;
    2b4c:	e9 e5       	ldi	r30, 0x59	; 89
    2b4e:	f0 e0       	ldi	r31, 0x00	; 0
    2b50:	80 81       	ld	r24, Z
    2b52:	8f 7b       	andi	r24, 0xBF	; 191
    2b54:	80 83       	st	Z, r24
		break;

	}

}
    2b56:	0f 90       	pop	r0
    2b58:	0f 90       	pop	r0
    2b5a:	0f 90       	pop	r0
    2b5c:	cf 91       	pop	r28
    2b5e:	df 91       	pop	r29
    2b60:	08 95       	ret

00002b62 <__vector_11>:
             /*Interrupt Service Routines for timer0, timer1,timer2  */


                /*************************TIMER0*******************/
  ISR(TIMER0_OVF_vect)
  {
    2b62:	1f 92       	push	r1
    2b64:	0f 92       	push	r0
    2b66:	0f b6       	in	r0, 0x3f	; 63
    2b68:	0f 92       	push	r0
    2b6a:	11 24       	eor	r1, r1
    2b6c:	2f 93       	push	r18
    2b6e:	3f 93       	push	r19
    2b70:	4f 93       	push	r20
    2b72:	5f 93       	push	r21
    2b74:	6f 93       	push	r22
    2b76:	7f 93       	push	r23
    2b78:	8f 93       	push	r24
    2b7a:	9f 93       	push	r25
    2b7c:	af 93       	push	r26
    2b7e:	bf 93       	push	r27
    2b80:	ef 93       	push	r30
    2b82:	ff 93       	push	r31
    2b84:	df 93       	push	r29
    2b86:	cf 93       	push	r28
    2b88:	cd b7       	in	r28, 0x3d	; 61
    2b8a:	de b7       	in	r29, 0x3e	; 62
  	if(g_Timers_callBackPtr[0] != NULL_PTR)
    2b8c:	80 91 68 01 	lds	r24, 0x0168
    2b90:	90 91 69 01 	lds	r25, 0x0169
    2b94:	00 97       	sbiw	r24, 0x00	; 0
    2b96:	29 f0       	breq	.+10     	; 0x2ba2 <__vector_11+0x40>
  	{
  		g_Timers_callBackPtr[0]();
    2b98:	e0 91 68 01 	lds	r30, 0x0168
    2b9c:	f0 91 69 01 	lds	r31, 0x0169
    2ba0:	09 95       	icall
  	}
  }
    2ba2:	cf 91       	pop	r28
    2ba4:	df 91       	pop	r29
    2ba6:	ff 91       	pop	r31
    2ba8:	ef 91       	pop	r30
    2baa:	bf 91       	pop	r27
    2bac:	af 91       	pop	r26
    2bae:	9f 91       	pop	r25
    2bb0:	8f 91       	pop	r24
    2bb2:	7f 91       	pop	r23
    2bb4:	6f 91       	pop	r22
    2bb6:	5f 91       	pop	r21
    2bb8:	4f 91       	pop	r20
    2bba:	3f 91       	pop	r19
    2bbc:	2f 91       	pop	r18
    2bbe:	0f 90       	pop	r0
    2bc0:	0f be       	out	0x3f, r0	; 63
    2bc2:	0f 90       	pop	r0
    2bc4:	1f 90       	pop	r1
    2bc6:	18 95       	reti

00002bc8 <__vector_10>:
                /*****************interrupt service routine for timer0 CTC***************/
  ISR(TIMER0_COMP_vect)
  {
    2bc8:	1f 92       	push	r1
    2bca:	0f 92       	push	r0
    2bcc:	0f b6       	in	r0, 0x3f	; 63
    2bce:	0f 92       	push	r0
    2bd0:	11 24       	eor	r1, r1
    2bd2:	2f 93       	push	r18
    2bd4:	3f 93       	push	r19
    2bd6:	4f 93       	push	r20
    2bd8:	5f 93       	push	r21
    2bda:	6f 93       	push	r22
    2bdc:	7f 93       	push	r23
    2bde:	8f 93       	push	r24
    2be0:	9f 93       	push	r25
    2be2:	af 93       	push	r26
    2be4:	bf 93       	push	r27
    2be6:	ef 93       	push	r30
    2be8:	ff 93       	push	r31
    2bea:	df 93       	push	r29
    2bec:	cf 93       	push	r28
    2bee:	cd b7       	in	r28, 0x3d	; 61
    2bf0:	de b7       	in	r29, 0x3e	; 62
  	if(g_Timers_callBackPtr[0] != NULL_PTR)
    2bf2:	80 91 68 01 	lds	r24, 0x0168
    2bf6:	90 91 69 01 	lds	r25, 0x0169
    2bfa:	00 97       	sbiw	r24, 0x00	; 0
    2bfc:	29 f0       	breq	.+10     	; 0x2c08 <__vector_10+0x40>
  	{
  		g_Timers_callBackPtr[0]();
    2bfe:	e0 91 68 01 	lds	r30, 0x0168
    2c02:	f0 91 69 01 	lds	r31, 0x0169
    2c06:	09 95       	icall
  	}
  }
    2c08:	cf 91       	pop	r28
    2c0a:	df 91       	pop	r29
    2c0c:	ff 91       	pop	r31
    2c0e:	ef 91       	pop	r30
    2c10:	bf 91       	pop	r27
    2c12:	af 91       	pop	r26
    2c14:	9f 91       	pop	r25
    2c16:	8f 91       	pop	r24
    2c18:	7f 91       	pop	r23
    2c1a:	6f 91       	pop	r22
    2c1c:	5f 91       	pop	r21
    2c1e:	4f 91       	pop	r20
    2c20:	3f 91       	pop	r19
    2c22:	2f 91       	pop	r18
    2c24:	0f 90       	pop	r0
    2c26:	0f be       	out	0x3f, r0	; 63
    2c28:	0f 90       	pop	r0
    2c2a:	1f 90       	pop	r1
    2c2c:	18 95       	reti

00002c2e <__vector_9>:

                        /***********************TIMER1*********************/
ISR(TIMER1_OVF_vect)
{
    2c2e:	1f 92       	push	r1
    2c30:	0f 92       	push	r0
    2c32:	0f b6       	in	r0, 0x3f	; 63
    2c34:	0f 92       	push	r0
    2c36:	11 24       	eor	r1, r1
    2c38:	2f 93       	push	r18
    2c3a:	3f 93       	push	r19
    2c3c:	4f 93       	push	r20
    2c3e:	5f 93       	push	r21
    2c40:	6f 93       	push	r22
    2c42:	7f 93       	push	r23
    2c44:	8f 93       	push	r24
    2c46:	9f 93       	push	r25
    2c48:	af 93       	push	r26
    2c4a:	bf 93       	push	r27
    2c4c:	ef 93       	push	r30
    2c4e:	ff 93       	push	r31
    2c50:	df 93       	push	r29
    2c52:	cf 93       	push	r28
    2c54:	cd b7       	in	r28, 0x3d	; 61
    2c56:	de b7       	in	r29, 0x3e	; 62
	if(g_Timers_callBackPtr[1] != NULL_PTR)
    2c58:	80 91 6a 01 	lds	r24, 0x016A
    2c5c:	90 91 6b 01 	lds	r25, 0x016B
    2c60:	00 97       	sbiw	r24, 0x00	; 0
    2c62:	29 f0       	breq	.+10     	; 0x2c6e <__vector_9+0x40>
	{
		g_Timers_callBackPtr[1]();
    2c64:	e0 91 6a 01 	lds	r30, 0x016A
    2c68:	f0 91 6b 01 	lds	r31, 0x016B
    2c6c:	09 95       	icall
	}
}
    2c6e:	cf 91       	pop	r28
    2c70:	df 91       	pop	r29
    2c72:	ff 91       	pop	r31
    2c74:	ef 91       	pop	r30
    2c76:	bf 91       	pop	r27
    2c78:	af 91       	pop	r26
    2c7a:	9f 91       	pop	r25
    2c7c:	8f 91       	pop	r24
    2c7e:	7f 91       	pop	r23
    2c80:	6f 91       	pop	r22
    2c82:	5f 91       	pop	r21
    2c84:	4f 91       	pop	r20
    2c86:	3f 91       	pop	r19
    2c88:	2f 91       	pop	r18
    2c8a:	0f 90       	pop	r0
    2c8c:	0f be       	out	0x3f, r0	; 63
    2c8e:	0f 90       	pop	r0
    2c90:	1f 90       	pop	r1
    2c92:	18 95       	reti

00002c94 <__vector_7>:

                          /*interrupt service routine for timer1 CTC*/
ISR(TIMER1_COMPA_vect)
{
    2c94:	1f 92       	push	r1
    2c96:	0f 92       	push	r0
    2c98:	0f b6       	in	r0, 0x3f	; 63
    2c9a:	0f 92       	push	r0
    2c9c:	11 24       	eor	r1, r1
    2c9e:	2f 93       	push	r18
    2ca0:	3f 93       	push	r19
    2ca2:	4f 93       	push	r20
    2ca4:	5f 93       	push	r21
    2ca6:	6f 93       	push	r22
    2ca8:	7f 93       	push	r23
    2caa:	8f 93       	push	r24
    2cac:	9f 93       	push	r25
    2cae:	af 93       	push	r26
    2cb0:	bf 93       	push	r27
    2cb2:	ef 93       	push	r30
    2cb4:	ff 93       	push	r31
    2cb6:	df 93       	push	r29
    2cb8:	cf 93       	push	r28
    2cba:	cd b7       	in	r28, 0x3d	; 61
    2cbc:	de b7       	in	r29, 0x3e	; 62
	if(g_Timers_callBackPtr[1] != NULL_PTR)
    2cbe:	80 91 6a 01 	lds	r24, 0x016A
    2cc2:	90 91 6b 01 	lds	r25, 0x016B
    2cc6:	00 97       	sbiw	r24, 0x00	; 0
    2cc8:	29 f0       	breq	.+10     	; 0x2cd4 <__vector_7+0x40>
	{
		g_Timers_callBackPtr[1]();
    2cca:	e0 91 6a 01 	lds	r30, 0x016A
    2cce:	f0 91 6b 01 	lds	r31, 0x016B
    2cd2:	09 95       	icall
	}
}
    2cd4:	cf 91       	pop	r28
    2cd6:	df 91       	pop	r29
    2cd8:	ff 91       	pop	r31
    2cda:	ef 91       	pop	r30
    2cdc:	bf 91       	pop	r27
    2cde:	af 91       	pop	r26
    2ce0:	9f 91       	pop	r25
    2ce2:	8f 91       	pop	r24
    2ce4:	7f 91       	pop	r23
    2ce6:	6f 91       	pop	r22
    2ce8:	5f 91       	pop	r21
    2cea:	4f 91       	pop	r20
    2cec:	3f 91       	pop	r19
    2cee:	2f 91       	pop	r18
    2cf0:	0f 90       	pop	r0
    2cf2:	0f be       	out	0x3f, r0	; 63
    2cf4:	0f 90       	pop	r0
    2cf6:	1f 90       	pop	r1
    2cf8:	18 95       	reti

00002cfa <__vector_5>:

                       /**************************TIMER2*********************/

/*interrupt service routine for timer2 Overflow*/
ISR(TIMER2_OVF_vect)
{
    2cfa:	1f 92       	push	r1
    2cfc:	0f 92       	push	r0
    2cfe:	0f b6       	in	r0, 0x3f	; 63
    2d00:	0f 92       	push	r0
    2d02:	11 24       	eor	r1, r1
    2d04:	2f 93       	push	r18
    2d06:	3f 93       	push	r19
    2d08:	4f 93       	push	r20
    2d0a:	5f 93       	push	r21
    2d0c:	6f 93       	push	r22
    2d0e:	7f 93       	push	r23
    2d10:	8f 93       	push	r24
    2d12:	9f 93       	push	r25
    2d14:	af 93       	push	r26
    2d16:	bf 93       	push	r27
    2d18:	ef 93       	push	r30
    2d1a:	ff 93       	push	r31
    2d1c:	df 93       	push	r29
    2d1e:	cf 93       	push	r28
    2d20:	cd b7       	in	r28, 0x3d	; 61
    2d22:	de b7       	in	r29, 0x3e	; 62
	if(g_Timers_callBackPtr[2] != NULL_PTR)
    2d24:	80 91 6c 01 	lds	r24, 0x016C
    2d28:	90 91 6d 01 	lds	r25, 0x016D
    2d2c:	00 97       	sbiw	r24, 0x00	; 0
    2d2e:	29 f0       	breq	.+10     	; 0x2d3a <__vector_5+0x40>
	{
		g_Timers_callBackPtr[2]();
    2d30:	e0 91 6c 01 	lds	r30, 0x016C
    2d34:	f0 91 6d 01 	lds	r31, 0x016D
    2d38:	09 95       	icall
	}
}
    2d3a:	cf 91       	pop	r28
    2d3c:	df 91       	pop	r29
    2d3e:	ff 91       	pop	r31
    2d40:	ef 91       	pop	r30
    2d42:	bf 91       	pop	r27
    2d44:	af 91       	pop	r26
    2d46:	9f 91       	pop	r25
    2d48:	8f 91       	pop	r24
    2d4a:	7f 91       	pop	r23
    2d4c:	6f 91       	pop	r22
    2d4e:	5f 91       	pop	r21
    2d50:	4f 91       	pop	r20
    2d52:	3f 91       	pop	r19
    2d54:	2f 91       	pop	r18
    2d56:	0f 90       	pop	r0
    2d58:	0f be       	out	0x3f, r0	; 63
    2d5a:	0f 90       	pop	r0
    2d5c:	1f 90       	pop	r1
    2d5e:	18 95       	reti

00002d60 <__vector_4>:

                       /*interrupt service routine for timer2 CTC*/
ISR(TIMER2_COMP_vect)
{
    2d60:	1f 92       	push	r1
    2d62:	0f 92       	push	r0
    2d64:	0f b6       	in	r0, 0x3f	; 63
    2d66:	0f 92       	push	r0
    2d68:	11 24       	eor	r1, r1
    2d6a:	2f 93       	push	r18
    2d6c:	3f 93       	push	r19
    2d6e:	4f 93       	push	r20
    2d70:	5f 93       	push	r21
    2d72:	6f 93       	push	r22
    2d74:	7f 93       	push	r23
    2d76:	8f 93       	push	r24
    2d78:	9f 93       	push	r25
    2d7a:	af 93       	push	r26
    2d7c:	bf 93       	push	r27
    2d7e:	ef 93       	push	r30
    2d80:	ff 93       	push	r31
    2d82:	df 93       	push	r29
    2d84:	cf 93       	push	r28
    2d86:	cd b7       	in	r28, 0x3d	; 61
    2d88:	de b7       	in	r29, 0x3e	; 62
	if(g_Timers_callBackPtr[2] != NULL_PTR)
    2d8a:	80 91 6c 01 	lds	r24, 0x016C
    2d8e:	90 91 6d 01 	lds	r25, 0x016D
    2d92:	00 97       	sbiw	r24, 0x00	; 0
    2d94:	29 f0       	breq	.+10     	; 0x2da0 <__vector_4+0x40>
	{
		g_Timers_callBackPtr[2]();
    2d96:	e0 91 6c 01 	lds	r30, 0x016C
    2d9a:	f0 91 6d 01 	lds	r31, 0x016D
    2d9e:	09 95       	icall
	}
}
    2da0:	cf 91       	pop	r28
    2da2:	df 91       	pop	r29
    2da4:	ff 91       	pop	r31
    2da6:	ef 91       	pop	r30
    2da8:	bf 91       	pop	r27
    2daa:	af 91       	pop	r26
    2dac:	9f 91       	pop	r25
    2dae:	8f 91       	pop	r24
    2db0:	7f 91       	pop	r23
    2db2:	6f 91       	pop	r22
    2db4:	5f 91       	pop	r21
    2db6:	4f 91       	pop	r20
    2db8:	3f 91       	pop	r19
    2dba:	2f 91       	pop	r18
    2dbc:	0f 90       	pop	r0
    2dbe:	0f be       	out	0x3f, r0	; 63
    2dc0:	0f 90       	pop	r0
    2dc2:	1f 90       	pop	r1
    2dc4:	18 95       	reti

00002dc6 <UART_init>:
 * 1. Setup the Frame format like number of data bits, parity bit type and number of stop bits.
 * 2. Enable the UART.
 * 3. Setup the UART baud rate.
 */
void UART_init(const UART_ConfigType *Config_Ptr)
{
    2dc6:	df 93       	push	r29
    2dc8:	cf 93       	push	r28
    2dca:	00 d0       	rcall	.+0      	; 0x2dcc <UART_init+0x6>
    2dcc:	00 d0       	rcall	.+0      	; 0x2dce <UART_init+0x8>
    2dce:	cd b7       	in	r28, 0x3d	; 61
    2dd0:	de b7       	in	r29, 0x3e	; 62
    2dd2:	9c 83       	std	Y+4, r25	; 0x04
    2dd4:	8b 83       	std	Y+3, r24	; 0x03
	uint16 ubrr_value=0;
    2dd6:	1a 82       	std	Y+2, r1	; 0x02
    2dd8:	19 82       	std	Y+1, r1	; 0x01
	/* U2X = 1 for double transmission speed */
	UART_UCSRA_REG.Byte=0;
    2dda:	eb e2       	ldi	r30, 0x2B	; 43
    2ddc:	f0 e0       	ldi	r31, 0x00	; 0
    2dde:	10 82       	st	Z, r1
	UART_UCSRA_REG.Bits.U2X_BIT=1;
    2de0:	eb e2       	ldi	r30, 0x2B	; 43
    2de2:	f0 e0       	ldi	r31, 0x00	; 0
    2de4:	80 81       	ld	r24, Z
    2de6:	82 60       	ori	r24, 0x02	; 2
    2de8:	80 83       	st	Z, r24

	/*Enable Sending and transmitting TXEN=1 AND RXEN=1 in register UCSRB*/
	UART_UCSRB_REG.Bits.RXEN_BIT=1;
    2dea:	ea e2       	ldi	r30, 0x2A	; 42
    2dec:	f0 e0       	ldi	r31, 0x00	; 0
    2dee:	80 81       	ld	r24, Z
    2df0:	80 61       	ori	r24, 0x10	; 16
    2df2:	80 83       	st	Z, r24
	UART_UCSRB_REG.Bits.TXEN_BIT=1;
    2df4:	ea e2       	ldi	r30, 0x2A	; 42
    2df6:	f0 e0       	ldi	r31, 0x00	; 0
    2df8:	80 81       	ld	r24, Z
    2dfa:	88 60       	ori	r24, 0x08	; 8
    2dfc:	80 83       	st	Z, r24

	/*Set Bit URSEL (URSEL=1) to access register UCSRC as UCSRC and UBRRH Mapped on same location as  declared in uart private file  */
	UART_UCSRC_REG.Bits.URSEL_BIT=1;
    2dfe:	e0 e4       	ldi	r30, 0x40	; 64
    2e00:	f0 e0       	ldi	r31, 0x00	; 0
    2e02:	80 81       	ld	r24, Z
    2e04:	80 68       	ori	r24, 0x80	; 128
    2e06:	80 83       	st	Z, r24

	/*Write the Selected Parity*/
	UART_UCSRC_REG.Byte|=(Config_Ptr->parity);
    2e08:	a0 e4       	ldi	r26, 0x40	; 64
    2e0a:	b0 e0       	ldi	r27, 0x00	; 0
    2e0c:	e0 e4       	ldi	r30, 0x40	; 64
    2e0e:	f0 e0       	ldi	r31, 0x00	; 0
    2e10:	90 81       	ld	r25, Z
    2e12:	eb 81       	ldd	r30, Y+3	; 0x03
    2e14:	fc 81       	ldd	r31, Y+4	; 0x04
    2e16:	81 81       	ldd	r24, Z+1	; 0x01
    2e18:	89 2b       	or	r24, r25
    2e1a:	8c 93       	st	X, r24

	/*Write the selected stop bits*/
	UART_UCSRC_REG.Byte|=(Config_Ptr->stop_bit);
    2e1c:	a0 e4       	ldi	r26, 0x40	; 64
    2e1e:	b0 e0       	ldi	r27, 0x00	; 0
    2e20:	e0 e4       	ldi	r30, 0x40	; 64
    2e22:	f0 e0       	ldi	r31, 0x00	; 0
    2e24:	90 81       	ld	r25, Z
    2e26:	eb 81       	ldd	r30, Y+3	; 0x03
    2e28:	fc 81       	ldd	r31, Y+4	; 0x04
    2e2a:	82 81       	ldd	r24, Z+2	; 0x02
    2e2c:	89 2b       	or	r24, r25
    2e2e:	8c 93       	st	X, r24

	UART_UCSRC_REG.Byte|=(((Config_Ptr->bit_data)<<1)&6);
    2e30:	a0 e4       	ldi	r26, 0x40	; 64
    2e32:	b0 e0       	ldi	r27, 0x00	; 0
    2e34:	e0 e4       	ldi	r30, 0x40	; 64
    2e36:	f0 e0       	ldi	r31, 0x00	; 0
    2e38:	80 81       	ld	r24, Z
    2e3a:	28 2f       	mov	r18, r24
    2e3c:	eb 81       	ldd	r30, Y+3	; 0x03
    2e3e:	fc 81       	ldd	r31, Y+4	; 0x04
    2e40:	80 81       	ld	r24, Z
    2e42:	88 2f       	mov	r24, r24
    2e44:	90 e0       	ldi	r25, 0x00	; 0
    2e46:	88 0f       	add	r24, r24
    2e48:	99 1f       	adc	r25, r25
    2e4a:	86 70       	andi	r24, 0x06	; 6
    2e4c:	82 2b       	or	r24, r18
    2e4e:	8c 93       	st	X, r24
	UART_UCSRC_REG.Byte|=(((Config_Ptr->bit_data)<<2)&4);
    2e50:	a0 e4       	ldi	r26, 0x40	; 64
    2e52:	b0 e0       	ldi	r27, 0x00	; 0
    2e54:	e0 e4       	ldi	r30, 0x40	; 64
    2e56:	f0 e0       	ldi	r31, 0x00	; 0
    2e58:	80 81       	ld	r24, Z
    2e5a:	28 2f       	mov	r18, r24
    2e5c:	eb 81       	ldd	r30, Y+3	; 0x03
    2e5e:	fc 81       	ldd	r31, Y+4	; 0x04
    2e60:	80 81       	ld	r24, Z
    2e62:	88 2f       	mov	r24, r24
    2e64:	90 e0       	ldi	r25, 0x00	; 0
    2e66:	88 0f       	add	r24, r24
    2e68:	99 1f       	adc	r25, r25
    2e6a:	88 0f       	add	r24, r24
    2e6c:	99 1f       	adc	r25, r25
    2e6e:	84 70       	andi	r24, 0x04	; 4
    2e70:	82 2b       	or	r24, r18
    2e72:	8c 93       	st	X, r24

	ubrr_value = (uint16)(((F_CPU / ((Config_Ptr->baud_rate) * 8UL))) - 1);
    2e74:	eb 81       	ldd	r30, Y+3	; 0x03
    2e76:	fc 81       	ldd	r31, Y+4	; 0x04
    2e78:	83 81       	ldd	r24, Z+3	; 0x03
    2e7a:	94 81       	ldd	r25, Z+4	; 0x04
    2e7c:	a5 81       	ldd	r26, Z+5	; 0x05
    2e7e:	b6 81       	ldd	r27, Z+6	; 0x06
    2e80:	88 0f       	add	r24, r24
    2e82:	99 1f       	adc	r25, r25
    2e84:	aa 1f       	adc	r26, r26
    2e86:	bb 1f       	adc	r27, r27
    2e88:	88 0f       	add	r24, r24
    2e8a:	99 1f       	adc	r25, r25
    2e8c:	aa 1f       	adc	r26, r26
    2e8e:	bb 1f       	adc	r27, r27
    2e90:	88 0f       	add	r24, r24
    2e92:	99 1f       	adc	r25, r25
    2e94:	aa 1f       	adc	r26, r26
    2e96:	bb 1f       	adc	r27, r27
    2e98:	9c 01       	movw	r18, r24
    2e9a:	ad 01       	movw	r20, r26
    2e9c:	80 e0       	ldi	r24, 0x00	; 0
    2e9e:	94 e2       	ldi	r25, 0x24	; 36
    2ea0:	a4 ef       	ldi	r26, 0xF4	; 244
    2ea2:	b0 e0       	ldi	r27, 0x00	; 0
    2ea4:	bc 01       	movw	r22, r24
    2ea6:	cd 01       	movw	r24, r26
    2ea8:	0e 94 fd 17 	call	0x2ffa	; 0x2ffa <__udivmodsi4>
    2eac:	da 01       	movw	r26, r20
    2eae:	c9 01       	movw	r24, r18
    2eb0:	01 97       	sbiw	r24, 0x01	; 1
    2eb2:	9a 83       	std	Y+2, r25	; 0x02
    2eb4:	89 83       	std	Y+1, r24	; 0x01

	UART_UBRRH_REG.Byte = ubrr_value>>8;
    2eb6:	e0 e4       	ldi	r30, 0x40	; 64
    2eb8:	f0 e0       	ldi	r31, 0x00	; 0
    2eba:	89 81       	ldd	r24, Y+1	; 0x01
    2ebc:	9a 81       	ldd	r25, Y+2	; 0x02
    2ebe:	89 2f       	mov	r24, r25
    2ec0:	99 27       	eor	r25, r25
    2ec2:	80 83       	st	Z, r24
	UART_UBRRL_REG.Byte = ubrr_value;
    2ec4:	e9 e2       	ldi	r30, 0x29	; 41
    2ec6:	f0 e0       	ldi	r31, 0x00	; 0
    2ec8:	89 81       	ldd	r24, Y+1	; 0x01
    2eca:	80 83       	st	Z, r24
}
    2ecc:	0f 90       	pop	r0
    2ece:	0f 90       	pop	r0
    2ed0:	0f 90       	pop	r0
    2ed2:	0f 90       	pop	r0
    2ed4:	cf 91       	pop	r28
    2ed6:	df 91       	pop	r29
    2ed8:	08 95       	ret

00002eda <UART_sendByte>:
/*
 * Description :
 * Functional responsible for send byte to another UART device.
 */
void UART_sendByte(const uint8 data)
{
    2eda:	df 93       	push	r29
    2edc:	cf 93       	push	r28
    2ede:	0f 92       	push	r0
    2ee0:	cd b7       	in	r28, 0x3d	; 61
    2ee2:	de b7       	in	r29, 0x3e	; 62
    2ee4:	89 83       	std	Y+1, r24	; 0x01
	/*
	 * UDRE flag is set when the Tx buffer (UDR) is empty and ready for
	 * transmitting a new byte so wait until this flag is set to one
	 */
	while(!(UART_UCSRA_REG.Bits.UDRE_BIT));
    2ee6:	eb e2       	ldi	r30, 0x2B	; 43
    2ee8:	f0 e0       	ldi	r31, 0x00	; 0
    2eea:	80 81       	ld	r24, Z
    2eec:	80 72       	andi	r24, 0x20	; 32
    2eee:	88 23       	and	r24, r24
    2ef0:	d1 f3       	breq	.-12     	; 0x2ee6 <UART_sendByte+0xc>

	/*
	 * Put the required data in the UDR register and it also clear the UDRE flag as
	 * the UDR register is not empty now
	 */
	UART_UDR_REG.Byte = data;
    2ef2:	ec e2       	ldi	r30, 0x2C	; 44
    2ef4:	f0 e0       	ldi	r31, 0x00	; 0
    2ef6:	89 81       	ldd	r24, Y+1	; 0x01
    2ef8:	80 83       	st	Z, r24
	UART_UDR_REG.Byte= data;
	while(!(UART_UCSRA_REG.Bits.TXC_BIT)); // Wait until the transmission is complete TXC = 1
	UART_UCSRA_REG.Bits.TXC_BIT=1; // Clear the TXC flag
	*/

}
    2efa:	0f 90       	pop	r0
    2efc:	cf 91       	pop	r28
    2efe:	df 91       	pop	r29
    2f00:	08 95       	ret

00002f02 <UART_recieveByte>:
/*
 * Description :
 * Functional responsible for receive byte from another UART device.
 */
uint8 UART_recieveByte(void)
{
    2f02:	df 93       	push	r29
    2f04:	cf 93       	push	r28
    2f06:	cd b7       	in	r28, 0x3d	; 61
    2f08:	de b7       	in	r29, 0x3e	; 62
	/* RXC flag is set when the UART receive data so wait until this flag is set to one */
	while(!(UART_UCSRA_REG.Bits.RXC_BIT));
    2f0a:	eb e2       	ldi	r30, 0x2B	; 43
    2f0c:	f0 e0       	ldi	r31, 0x00	; 0
    2f0e:	80 81       	ld	r24, Z
    2f10:	80 78       	andi	r24, 0x80	; 128
    2f12:	88 23       	and	r24, r24
    2f14:	d1 f3       	breq	.-12     	; 0x2f0a <UART_recieveByte+0x8>

	/*
	 * Read the received data from the Rx buffer (UDR)
	 * The RXC flag will be cleared after read the data
	 */
    return UART_UDR_REG.Byte;
    2f16:	ec e2       	ldi	r30, 0x2C	; 44
    2f18:	f0 e0       	ldi	r31, 0x00	; 0
    2f1a:	80 81       	ld	r24, Z
}
    2f1c:	cf 91       	pop	r28
    2f1e:	df 91       	pop	r29
    2f20:	08 95       	ret

00002f22 <UART_sendString>:
/*
 * Description :
 * Send the required string through UART to the other UART device.
 */
void UART_sendString(const uint8 *Str)
{
    2f22:	df 93       	push	r29
    2f24:	cf 93       	push	r28
    2f26:	00 d0       	rcall	.+0      	; 0x2f28 <UART_sendString+0x6>
    2f28:	0f 92       	push	r0
    2f2a:	cd b7       	in	r28, 0x3d	; 61
    2f2c:	de b7       	in	r29, 0x3e	; 62
    2f2e:	9b 83       	std	Y+3, r25	; 0x03
    2f30:	8a 83       	std	Y+2, r24	; 0x02
	uint8 i = 0;
    2f32:	19 82       	std	Y+1, r1	; 0x01
    2f34:	0e c0       	rjmp	.+28     	; 0x2f52 <UART_sendString+0x30>

	/* Send the whole string */
	while(Str[i] != '\0')
	{
		UART_sendByte(Str[i]);
    2f36:	89 81       	ldd	r24, Y+1	; 0x01
    2f38:	28 2f       	mov	r18, r24
    2f3a:	30 e0       	ldi	r19, 0x00	; 0
    2f3c:	8a 81       	ldd	r24, Y+2	; 0x02
    2f3e:	9b 81       	ldd	r25, Y+3	; 0x03
    2f40:	fc 01       	movw	r30, r24
    2f42:	e2 0f       	add	r30, r18
    2f44:	f3 1f       	adc	r31, r19
    2f46:	80 81       	ld	r24, Z
    2f48:	0e 94 6d 17 	call	0x2eda	; 0x2eda <UART_sendByte>
		i++;
    2f4c:	89 81       	ldd	r24, Y+1	; 0x01
    2f4e:	8f 5f       	subi	r24, 0xFF	; 255
    2f50:	89 83       	std	Y+1, r24	; 0x01
void UART_sendString(const uint8 *Str)
{
	uint8 i = 0;

	/* Send the whole string */
	while(Str[i] != '\0')
    2f52:	89 81       	ldd	r24, Y+1	; 0x01
    2f54:	28 2f       	mov	r18, r24
    2f56:	30 e0       	ldi	r19, 0x00	; 0
    2f58:	8a 81       	ldd	r24, Y+2	; 0x02
    2f5a:	9b 81       	ldd	r25, Y+3	; 0x03
    2f5c:	fc 01       	movw	r30, r24
    2f5e:	e2 0f       	add	r30, r18
    2f60:	f3 1f       	adc	r31, r19
    2f62:	80 81       	ld	r24, Z
    2f64:	88 23       	and	r24, r24
    2f66:	39 f7       	brne	.-50     	; 0x2f36 <UART_sendString+0x14>
	{
		UART_sendByte(*Str);
		Str++;
	}
	*******************************************************************/
}
    2f68:	0f 90       	pop	r0
    2f6a:	0f 90       	pop	r0
    2f6c:	0f 90       	pop	r0
    2f6e:	cf 91       	pop	r28
    2f70:	df 91       	pop	r29
    2f72:	08 95       	ret

00002f74 <UART_receiveString>:
/*
 * Description :
 * Receive the required string until the '#' symbol through UART from the other UART device.
 */
void UART_receiveString(uint8 *Str)
{
    2f74:	0f 93       	push	r16
    2f76:	1f 93       	push	r17
    2f78:	df 93       	push	r29
    2f7a:	cf 93       	push	r28
    2f7c:	00 d0       	rcall	.+0      	; 0x2f7e <UART_receiveString+0xa>
    2f7e:	0f 92       	push	r0
    2f80:	cd b7       	in	r28, 0x3d	; 61
    2f82:	de b7       	in	r29, 0x3e	; 62
    2f84:	9b 83       	std	Y+3, r25	; 0x03
    2f86:	8a 83       	std	Y+2, r24	; 0x02
	uint8 i = 0;
    2f88:	19 82       	std	Y+1, r1	; 0x01

	/* Receive the first byte */
	Str[i] = UART_recieveByte();
    2f8a:	89 81       	ldd	r24, Y+1	; 0x01
    2f8c:	28 2f       	mov	r18, r24
    2f8e:	30 e0       	ldi	r19, 0x00	; 0
    2f90:	8a 81       	ldd	r24, Y+2	; 0x02
    2f92:	9b 81       	ldd	r25, Y+3	; 0x03
    2f94:	8c 01       	movw	r16, r24
    2f96:	02 0f       	add	r16, r18
    2f98:	13 1f       	adc	r17, r19
    2f9a:	0e 94 81 17 	call	0x2f02	; 0x2f02 <UART_recieveByte>
    2f9e:	f8 01       	movw	r30, r16
    2fa0:	80 83       	st	Z, r24
    2fa2:	0f c0       	rjmp	.+30     	; 0x2fc2 <UART_receiveString+0x4e>

	/* Receive the whole string until the '#' */
	while(Str[i] != '#')
	{
		i++;
    2fa4:	89 81       	ldd	r24, Y+1	; 0x01
    2fa6:	8f 5f       	subi	r24, 0xFF	; 255
    2fa8:	89 83       	std	Y+1, r24	; 0x01
		Str[i] = UART_recieveByte();
    2faa:	89 81       	ldd	r24, Y+1	; 0x01
    2fac:	28 2f       	mov	r18, r24
    2fae:	30 e0       	ldi	r19, 0x00	; 0
    2fb0:	8a 81       	ldd	r24, Y+2	; 0x02
    2fb2:	9b 81       	ldd	r25, Y+3	; 0x03
    2fb4:	8c 01       	movw	r16, r24
    2fb6:	02 0f       	add	r16, r18
    2fb8:	13 1f       	adc	r17, r19
    2fba:	0e 94 81 17 	call	0x2f02	; 0x2f02 <UART_recieveByte>
    2fbe:	f8 01       	movw	r30, r16
    2fc0:	80 83       	st	Z, r24

	/* Receive the first byte */
	Str[i] = UART_recieveByte();

	/* Receive the whole string until the '#' */
	while(Str[i] != '#')
    2fc2:	89 81       	ldd	r24, Y+1	; 0x01
    2fc4:	28 2f       	mov	r18, r24
    2fc6:	30 e0       	ldi	r19, 0x00	; 0
    2fc8:	8a 81       	ldd	r24, Y+2	; 0x02
    2fca:	9b 81       	ldd	r25, Y+3	; 0x03
    2fcc:	fc 01       	movw	r30, r24
    2fce:	e2 0f       	add	r30, r18
    2fd0:	f3 1f       	adc	r31, r19
    2fd2:	80 81       	ld	r24, Z
    2fd4:	83 32       	cpi	r24, 0x23	; 35
    2fd6:	31 f7       	brne	.-52     	; 0x2fa4 <UART_receiveString+0x30>
		i++;
		Str[i] = UART_recieveByte();
	}

	/* After receiving the whole string plus the '#', replace the '#' with '\0' */
	Str[i] = '\0';
    2fd8:	89 81       	ldd	r24, Y+1	; 0x01
    2fda:	28 2f       	mov	r18, r24
    2fdc:	30 e0       	ldi	r19, 0x00	; 0
    2fde:	8a 81       	ldd	r24, Y+2	; 0x02
    2fe0:	9b 81       	ldd	r25, Y+3	; 0x03
    2fe2:	fc 01       	movw	r30, r24
    2fe4:	e2 0f       	add	r30, r18
    2fe6:	f3 1f       	adc	r31, r19
    2fe8:	10 82       	st	Z, r1
}
    2fea:	0f 90       	pop	r0
    2fec:	0f 90       	pop	r0
    2fee:	0f 90       	pop	r0
    2ff0:	cf 91       	pop	r28
    2ff2:	df 91       	pop	r29
    2ff4:	1f 91       	pop	r17
    2ff6:	0f 91       	pop	r16
    2ff8:	08 95       	ret

00002ffa <__udivmodsi4>:
    2ffa:	a1 e2       	ldi	r26, 0x21	; 33
    2ffc:	1a 2e       	mov	r1, r26
    2ffe:	aa 1b       	sub	r26, r26
    3000:	bb 1b       	sub	r27, r27
    3002:	fd 01       	movw	r30, r26
    3004:	0d c0       	rjmp	.+26     	; 0x3020 <__udivmodsi4_ep>

00003006 <__udivmodsi4_loop>:
    3006:	aa 1f       	adc	r26, r26
    3008:	bb 1f       	adc	r27, r27
    300a:	ee 1f       	adc	r30, r30
    300c:	ff 1f       	adc	r31, r31
    300e:	a2 17       	cp	r26, r18
    3010:	b3 07       	cpc	r27, r19
    3012:	e4 07       	cpc	r30, r20
    3014:	f5 07       	cpc	r31, r21
    3016:	20 f0       	brcs	.+8      	; 0x3020 <__udivmodsi4_ep>
    3018:	a2 1b       	sub	r26, r18
    301a:	b3 0b       	sbc	r27, r19
    301c:	e4 0b       	sbc	r30, r20
    301e:	f5 0b       	sbc	r31, r21

00003020 <__udivmodsi4_ep>:
    3020:	66 1f       	adc	r22, r22
    3022:	77 1f       	adc	r23, r23
    3024:	88 1f       	adc	r24, r24
    3026:	99 1f       	adc	r25, r25
    3028:	1a 94       	dec	r1
    302a:	69 f7       	brne	.-38     	; 0x3006 <__udivmodsi4_loop>
    302c:	60 95       	com	r22
    302e:	70 95       	com	r23
    3030:	80 95       	com	r24
    3032:	90 95       	com	r25
    3034:	9b 01       	movw	r18, r22
    3036:	ac 01       	movw	r20, r24
    3038:	bd 01       	movw	r22, r26
    303a:	cf 01       	movw	r24, r30
    303c:	08 95       	ret

0000303e <__prologue_saves__>:
    303e:	2f 92       	push	r2
    3040:	3f 92       	push	r3
    3042:	4f 92       	push	r4
    3044:	5f 92       	push	r5
    3046:	6f 92       	push	r6
    3048:	7f 92       	push	r7
    304a:	8f 92       	push	r8
    304c:	9f 92       	push	r9
    304e:	af 92       	push	r10
    3050:	bf 92       	push	r11
    3052:	cf 92       	push	r12
    3054:	df 92       	push	r13
    3056:	ef 92       	push	r14
    3058:	ff 92       	push	r15
    305a:	0f 93       	push	r16
    305c:	1f 93       	push	r17
    305e:	cf 93       	push	r28
    3060:	df 93       	push	r29
    3062:	cd b7       	in	r28, 0x3d	; 61
    3064:	de b7       	in	r29, 0x3e	; 62
    3066:	ca 1b       	sub	r28, r26
    3068:	db 0b       	sbc	r29, r27
    306a:	0f b6       	in	r0, 0x3f	; 63
    306c:	f8 94       	cli
    306e:	de bf       	out	0x3e, r29	; 62
    3070:	0f be       	out	0x3f, r0	; 63
    3072:	cd bf       	out	0x3d, r28	; 61
    3074:	09 94       	ijmp

00003076 <__epilogue_restores__>:
    3076:	2a 88       	ldd	r2, Y+18	; 0x12
    3078:	39 88       	ldd	r3, Y+17	; 0x11
    307a:	48 88       	ldd	r4, Y+16	; 0x10
    307c:	5f 84       	ldd	r5, Y+15	; 0x0f
    307e:	6e 84       	ldd	r6, Y+14	; 0x0e
    3080:	7d 84       	ldd	r7, Y+13	; 0x0d
    3082:	8c 84       	ldd	r8, Y+12	; 0x0c
    3084:	9b 84       	ldd	r9, Y+11	; 0x0b
    3086:	aa 84       	ldd	r10, Y+10	; 0x0a
    3088:	b9 84       	ldd	r11, Y+9	; 0x09
    308a:	c8 84       	ldd	r12, Y+8	; 0x08
    308c:	df 80       	ldd	r13, Y+7	; 0x07
    308e:	ee 80       	ldd	r14, Y+6	; 0x06
    3090:	fd 80       	ldd	r15, Y+5	; 0x05
    3092:	0c 81       	ldd	r16, Y+4	; 0x04
    3094:	1b 81       	ldd	r17, Y+3	; 0x03
    3096:	aa 81       	ldd	r26, Y+2	; 0x02
    3098:	b9 81       	ldd	r27, Y+1	; 0x01
    309a:	ce 0f       	add	r28, r30
    309c:	d1 1d       	adc	r29, r1
    309e:	0f b6       	in	r0, 0x3f	; 63
    30a0:	f8 94       	cli
    30a2:	de bf       	out	0x3e, r29	; 62
    30a4:	0f be       	out	0x3f, r0	; 63
    30a6:	cd bf       	out	0x3d, r28	; 61
    30a8:	ed 01       	movw	r28, r26
    30aa:	08 95       	ret

000030ac <itoa>:
    30ac:	fb 01       	movw	r30, r22
    30ae:	9f 01       	movw	r18, r30
    30b0:	e8 94       	clt
    30b2:	42 30       	cpi	r20, 0x02	; 2
    30b4:	c4 f0       	brlt	.+48     	; 0x30e6 <itoa+0x3a>
    30b6:	45 32       	cpi	r20, 0x25	; 37
    30b8:	b4 f4       	brge	.+44     	; 0x30e6 <itoa+0x3a>
    30ba:	4a 30       	cpi	r20, 0x0A	; 10
    30bc:	29 f4       	brne	.+10     	; 0x30c8 <itoa+0x1c>
    30be:	97 fb       	bst	r25, 7
    30c0:	1e f4       	brtc	.+6      	; 0x30c8 <itoa+0x1c>
    30c2:	90 95       	com	r25
    30c4:	81 95       	neg	r24
    30c6:	9f 4f       	sbci	r25, 0xFF	; 255
    30c8:	64 2f       	mov	r22, r20
    30ca:	77 27       	eor	r23, r23
    30cc:	0e 94 87 18 	call	0x310e	; 0x310e <__udivmodhi4>
    30d0:	80 5d       	subi	r24, 0xD0	; 208
    30d2:	8a 33       	cpi	r24, 0x3A	; 58
    30d4:	0c f0       	brlt	.+2      	; 0x30d8 <itoa+0x2c>
    30d6:	89 5d       	subi	r24, 0xD9	; 217
    30d8:	81 93       	st	Z+, r24
    30da:	cb 01       	movw	r24, r22
    30dc:	00 97       	sbiw	r24, 0x00	; 0
    30de:	a1 f7       	brne	.-24     	; 0x30c8 <itoa+0x1c>
    30e0:	16 f4       	brtc	.+4      	; 0x30e6 <itoa+0x3a>
    30e2:	5d e2       	ldi	r21, 0x2D	; 45
    30e4:	51 93       	st	Z+, r21
    30e6:	10 82       	st	Z, r1
    30e8:	c9 01       	movw	r24, r18
    30ea:	0c 94 77 18 	jmp	0x30ee	; 0x30ee <strrev>

000030ee <strrev>:
    30ee:	dc 01       	movw	r26, r24
    30f0:	fc 01       	movw	r30, r24
    30f2:	67 2f       	mov	r22, r23
    30f4:	71 91       	ld	r23, Z+
    30f6:	77 23       	and	r23, r23
    30f8:	e1 f7       	brne	.-8      	; 0x30f2 <strrev+0x4>
    30fa:	32 97       	sbiw	r30, 0x02	; 2
    30fc:	04 c0       	rjmp	.+8      	; 0x3106 <strrev+0x18>
    30fe:	7c 91       	ld	r23, X
    3100:	6d 93       	st	X+, r22
    3102:	70 83       	st	Z, r23
    3104:	62 91       	ld	r22, -Z
    3106:	ae 17       	cp	r26, r30
    3108:	bf 07       	cpc	r27, r31
    310a:	c8 f3       	brcs	.-14     	; 0x30fe <strrev+0x10>
    310c:	08 95       	ret

0000310e <__udivmodhi4>:
    310e:	aa 1b       	sub	r26, r26
    3110:	bb 1b       	sub	r27, r27
    3112:	51 e1       	ldi	r21, 0x11	; 17
    3114:	07 c0       	rjmp	.+14     	; 0x3124 <__udivmodhi4_ep>

00003116 <__udivmodhi4_loop>:
    3116:	aa 1f       	adc	r26, r26
    3118:	bb 1f       	adc	r27, r27
    311a:	a6 17       	cp	r26, r22
    311c:	b7 07       	cpc	r27, r23
    311e:	10 f0       	brcs	.+4      	; 0x3124 <__udivmodhi4_ep>
    3120:	a6 1b       	sub	r26, r22
    3122:	b7 0b       	sbc	r27, r23

00003124 <__udivmodhi4_ep>:
    3124:	88 1f       	adc	r24, r24
    3126:	99 1f       	adc	r25, r25
    3128:	5a 95       	dec	r21
    312a:	a9 f7       	brne	.-22     	; 0x3116 <__udivmodhi4_loop>
    312c:	80 95       	com	r24
    312e:	90 95       	com	r25
    3130:	bc 01       	movw	r22, r24
    3132:	cd 01       	movw	r24, r26
    3134:	08 95       	ret

00003136 <_exit>:
    3136:	f8 94       	cli

00003138 <__stop_program>:
    3138:	ff cf       	rjmp	.-2      	; 0x3138 <__stop_program>
